Technology,Year,Factor_Type,Job_Type,Unit,Value_Numeric,Value,Source,Default_Source,Default_Source_Note,lifetime_years,lifetime_source_year,construction_time_years,construction_time_source_year,construction_time_source,technology_sheet,assumption_mapping_type,assumption_notes,Method_Applied,Mapped_Rutovitz_Tech,Rutovitz_2030_Factor,Mapped_Catalogue_Tech,Learning_Rate,Projection_Input,Base_Year,Projected_Year,Projected_Value,Interpolation_Method
Battery storage (distributed),2024,Construction,Direct,job-yr/MW,4.44,4.44,Rutovitz 2025,Rutovitz 2025,,15.0,2024.0,0.2,2024.0,Colombian Technology Catalogue,14.b. Small-scale Lithium-ion,direct,,Original,,,,,,2024,2024,4.44,Known datapoint
Battery storage (distributed),2024,Construction&Manufacturing,Direct,job-yr/MW,4.75,4.75,Rutovitz 2025,Rutovitz 2025,,15.0,2024.0,0.2,2024.0,Colombian Technology Catalogue,14.b. Small-scale Lithium-ion,direct,,Derived Construction&Manufacturing,,,,,Construction + Manufacturing; Rutovitz 2025 total manufacturing factor used without local-share scaling,2024,2024,4.75,Known datapoint
Battery storage (distributed),2024,Manufacturing,Direct,job-yr/MW,0.31,0.31,Rutovitz 2025,Rutovitz 2025,,15.0,2024.0,0.2,2024.0,Colombian Technology Catalogue,14.b. Small-scale Lithium-ion,direct,,Original,,,,,,2024,2024,0.31,Known datapoint
Battery storage (distributed),2024,O&M,Direct,job/MW,0.23,0.23,Rutovitz 2025,Rutovitz 2025,,15.0,2024.0,0.2,2024.0,Colombian Technology Catalogue,14.b. Small-scale Lithium-ion,direct,,Original,,,,,,2024,2024,0.23,Known datapoint
Battery storage (distributed),2025,Construction,Direct,job-yr/MW,4.14713825833,4.14713825833,Rutovitz 2025,Rutovitz 2025,,15.0,2024.0,0.2,2024.0,Colombian Technology Catalogue,14.b. Small-scale Lithium-ion,direct,,Linear interpolation,,,Small-scale Lithium-ion,,CAPEX 2050/2030=0.7149207670900813,2030,2025,4.14713825833,Linear interpolation between known datapoints
Battery storage (distributed),2025,Construction&Manufacturing,Direct,job-yr/MW,4.43669070429,4.43669070429,Rutovitz 2025,Rutovitz 2025,,15.0,2024.0,0.2,2024.0,Colombian Technology Catalogue,14.b. Small-scale Lithium-ion,direct,,Linear interpolation,,,Small-scale Lithium-ion,,Construction + Manufacturing; Rutovitz 2025 total manufacturing factor used without local-share scaling,2030,2025,4.43669070429,Linear interpolation between known datapoints
Battery storage (distributed),2025,Manufacturing,Direct,job-yr/MW,0.289552445964,0.289552445964,Rutovitz 2025,Rutovitz 2025,,15.0,2024.0,0.2,2024.0,Colombian Technology Catalogue,14.b. Small-scale Lithium-ion,direct,,Linear interpolation,,,Small-scale Lithium-ion,,CAPEX 2050/2030=0.7149207670900813,2030,2025,0.289552445964,Linear interpolation between known datapoints
Battery storage (distributed),2025,O&M,Direct,job/MW,0.219342365422,0.219342365422,Rutovitz 2025,Rutovitz 2025,,15.0,2024.0,0.2,2024.0,Colombian Technology Catalogue,14.b. Small-scale Lithium-ion,direct,,Linear interpolation,,,Small-scale Lithium-ion,,OPEX 2050/2030=0.8009507801593531,2030,2025,0.219342365422,Linear interpolation between known datapoints
Battery storage (distributed),2026,Construction,Direct,job-yr/MW,3.85427651665,3.85427651665,Rutovitz 2025,Rutovitz 2025,,15.0,2024.0,0.2,2024.0,Colombian Technology Catalogue,14.b. Small-scale Lithium-ion,direct,,Linear interpolation,,,Small-scale Lithium-ion,,CAPEX 2050/2030=0.7149207670900813,2030,2026,3.85427651665,Linear interpolation between known datapoints
Battery storage (distributed),2026,Construction&Manufacturing,Direct,job-yr/MW,4.12338140858,4.12338140858,Rutovitz 2025,Rutovitz 2025,,15.0,2024.0,0.2,2024.0,Colombian Technology Catalogue,14.b. Small-scale Lithium-ion,direct,,Linear interpolation,,,Small-scale Lithium-ion,,Construction + Manufacturing; Rutovitz 2025 total manufacturing factor used without local-share scaling,2030,2026,4.12338140858,Linear interpolation between known datapoints
Battery storage (distributed),2026,Manufacturing,Direct,job-yr/MW,0.269104891928,0.269104891928,Rutovitz 2025,Rutovitz 2025,,15.0,2024.0,0.2,2024.0,Colombian Technology Catalogue,14.b. Small-scale Lithium-ion,direct,,Linear interpolation,,,Small-scale Lithium-ion,,CAPEX 2050/2030=0.7149207670900813,2030,2026,0.269104891928,Linear interpolation between known datapoints
Battery storage (distributed),2026,O&M,Direct,job/MW,0.208684730843,0.208684730843,Rutovitz 2025,Rutovitz 2025,,15.0,2024.0,0.2,2024.0,Colombian Technology Catalogue,14.b. Small-scale Lithium-ion,direct,,Linear interpolation,,,Small-scale Lithium-ion,,OPEX 2050/2030=0.8009507801593531,2030,2026,0.208684730843,Linear interpolation between known datapoints
Battery storage (distributed),2027,Construction,Direct,job-yr/MW,3.56141477498,3.56141477498,Rutovitz 2025,Rutovitz 2025,,15.0,2024.0,0.2,2024.0,Colombian Technology Catalogue,14.b. Small-scale Lithium-ion,direct,,Linear interpolation,,,Small-scale Lithium-ion,,CAPEX 2050/2030=0.7149207670900813,2030,2027,3.56141477498,Linear interpolation between known datapoints
Battery storage (distributed),2027,Construction&Manufacturing,Direct,job-yr/MW,3.81007211287,3.81007211287,Rutovitz 2025,Rutovitz 2025,,15.0,2024.0,0.2,2024.0,Colombian Technology Catalogue,14.b. Small-scale Lithium-ion,direct,,Linear interpolation,,,Small-scale Lithium-ion,,Construction + Manufacturing; Rutovitz 2025 total manufacturing factor used without local-share scaling,2030,2027,3.81007211287,Linear interpolation between known datapoints
Battery storage (distributed),2027,Manufacturing,Direct,job-yr/MW,0.248657337893,0.248657337893,Rutovitz 2025,Rutovitz 2025,,15.0,2024.0,0.2,2024.0,Colombian Technology Catalogue,14.b. Small-scale Lithium-ion,direct,,Linear interpolation,,,Small-scale Lithium-ion,,CAPEX 2050/2030=0.7149207670900813,2030,2027,0.248657337893,Linear interpolation between known datapoints
Battery storage (distributed),2027,O&M,Direct,job/MW,0.198027096265,0.198027096265,Rutovitz 2025,Rutovitz 2025,,15.0,2024.0,0.2,2024.0,Colombian Technology Catalogue,14.b. Small-scale Lithium-ion,direct,,Linear interpolation,,,Small-scale Lithium-ion,,OPEX 2050/2030=0.8009507801593531,2030,2027,0.198027096265,Linear interpolation between known datapoints
Battery storage (distributed),2028,Construction,Direct,job-yr/MW,3.2685530333,3.2685530333,Rutovitz 2025,Rutovitz 2025,,15.0,2024.0,0.2,2024.0,Colombian Technology Catalogue,14.b. Small-scale Lithium-ion,direct,,Linear interpolation,,,Small-scale Lithium-ion,,CAPEX 2050/2030=0.7149207670900813,2030,2028,3.2685530333,Linear interpolation between known datapoints
Battery storage (distributed),2028,Construction&Manufacturing,Direct,job-yr/MW,3.49676281716,3.49676281716,Rutovitz 2025,Rutovitz 2025,,15.0,2024.0,0.2,2024.0,Colombian Technology Catalogue,14.b. Small-scale Lithium-ion,direct,,Linear interpolation,,,Small-scale Lithium-ion,,Construction + Manufacturing; Rutovitz 2025 total manufacturing factor used without local-share scaling,2030,2028,3.49676281716,Linear interpolation between known datapoints
Battery storage (distributed),2028,Manufacturing,Direct,job-yr/MW,0.228209783857,0.228209783857,Rutovitz 2025,Rutovitz 2025,,15.0,2024.0,0.2,2024.0,Colombian Technology Catalogue,14.b. Small-scale Lithium-ion,direct,,Linear interpolation,,,Small-scale Lithium-ion,,CAPEX 2050/2030=0.7149207670900813,2030,2028,0.228209783857,Linear interpolation between known datapoints
Battery storage (distributed),2028,O&M,Direct,job/MW,0.187369461686,0.187369461686,Rutovitz 2025,Rutovitz 2025,,15.0,2024.0,0.2,2024.0,Colombian Technology Catalogue,14.b. Small-scale Lithium-ion,direct,,Linear interpolation,,,Small-scale Lithium-ion,,OPEX 2050/2030=0.8009507801593531,2030,2028,0.187369461686,Linear interpolation between known datapoints
Battery storage (distributed),2029,Construction,Direct,job-yr/MW,2.97569129163,2.97569129163,Rutovitz 2025,Rutovitz 2025,,15.0,2024.0,0.2,2024.0,Colombian Technology Catalogue,14.b. Small-scale Lithium-ion,direct,,Linear interpolation,,,Small-scale Lithium-ion,,CAPEX 2050/2030=0.7149207670900813,2030,2029,2.97569129163,Linear interpolation between known datapoints
Battery storage (distributed),2029,Construction&Manufacturing,Direct,job-yr/MW,3.18345352145,3.18345352145,Rutovitz 2025,Rutovitz 2025,,15.0,2024.0,0.2,2024.0,Colombian Technology Catalogue,14.b. Small-scale Lithium-ion,direct,,Linear interpolation,,,Small-scale Lithium-ion,,Construction + Manufacturing; Rutovitz 2025 total manufacturing factor used without local-share scaling,2030,2029,3.18345352145,Linear interpolation between known datapoints
Battery storage (distributed),2029,Manufacturing,Direct,job-yr/MW,0.207762229821,0.207762229821,Rutovitz 2025,Rutovitz 2025,,15.0,2024.0,0.2,2024.0,Colombian Technology Catalogue,14.b. Small-scale Lithium-ion,direct,,Linear interpolation,,,Small-scale Lithium-ion,,CAPEX 2050/2030=0.7149207670900813,2030,2029,0.207762229821,Linear interpolation between known datapoints
Battery storage (distributed),2029,O&M,Direct,job/MW,0.176711827108,0.176711827108,Rutovitz 2025,Rutovitz 2025,,15.0,2024.0,0.2,2024.0,Colombian Technology Catalogue,14.b. Small-scale Lithium-ion,direct,,Linear interpolation,,,Small-scale Lithium-ion,,OPEX 2050/2030=0.8009507801593531,2030,2029,0.176711827108,Linear interpolation between known datapoints
Battery storage (distributed),2030,Construction,Direct,job-yr/MW,2.68282954996,2.68282954996,Rutovitz 2025,Rutovitz 2025,,15.0,2024.0,0.2,2024.0,Colombian Technology Catalogue,14.b. Small-scale Lithium-ion,direct,,CAPEX/OPEX ratio projection,,,Small-scale Lithium-ion,,CAPEX 2030/2024=0.6042408896299716,2024,2030,2.68282954996,Known datapoint
Battery storage (distributed),2030,Construction&Manufacturing,Direct,job-yr/MW,2.87014422574,2.87014422574,Rutovitz 2025,Rutovitz 2025,,15.0,2024.0,0.2,2024.0,Colombian Technology Catalogue,14.b. Small-scale Lithium-ion,direct,,Derived Construction&Manufacturing,,,Small-scale Lithium-ion,,Construction + Manufacturing; Rutovitz 2025 total manufacturing factor used without local-share scaling,2024,2030,2.87014422574,Known datapoint
Battery storage (distributed),2030,Manufacturing,Direct,job-yr/MW,0.187314675785,0.187314675785,Rutovitz 2025,Rutovitz 2025,,15.0,2024.0,0.2,2024.0,Colombian Technology Catalogue,14.b. Small-scale Lithium-ion,direct,,CAPEX/OPEX ratio projection,,,Small-scale Lithium-ion,,CAPEX 2030/2024=0.6042408896299716,2024,2030,0.187314675785,Known datapoint
Battery storage (distributed),2030,O&M,Direct,job/MW,0.16605419253,0.16605419253,Rutovitz 2025,Rutovitz 2025,,15.0,2024.0,0.2,2024.0,Colombian Technology Catalogue,14.b. Small-scale Lithium-ion,direct,,CAPEX/OPEX ratio projection,,,Small-scale Lithium-ion,,OPEX 2030/2024=0.7219747501285814,2024,2030,0.16605419253,Known datapoint
Battery storage (distributed),2031,Construction,Direct,job-yr/MW,2.64458860045,2.64458860045,Rutovitz 2025,Rutovitz 2025,,15.0,2024.0,0.2,2024.0,Colombian Technology Catalogue,14.b. Small-scale Lithium-ion,direct,,Linear interpolation,,,Small-scale Lithium-ion,,CAPEX 2050/2030=0.7149207670900813,2030,2031,2.64458860045,Linear interpolation between known datapoints
Battery storage (distributed),2031,Construction&Manufacturing,Direct,job-yr/MW,2.82923330003,2.82923330003,Rutovitz 2025,Rutovitz 2025,,15.0,2024.0,0.2,2024.0,Colombian Technology Catalogue,14.b. Small-scale Lithium-ion,direct,,Linear interpolation,,,Small-scale Lithium-ion,,Construction + Manufacturing; Rutovitz 2025 total manufacturing factor used without local-share scaling,2030,2031,2.82923330003,Linear interpolation between known datapoints
Battery storage (distributed),2031,Manufacturing,Direct,job-yr/MW,0.184644699581,0.184644699581,Rutovitz 2025,Rutovitz 2025,,15.0,2024.0,0.2,2024.0,Colombian Technology Catalogue,14.b. Small-scale Lithium-ion,direct,,Linear interpolation,,,Small-scale Lithium-ion,,CAPEX 2050/2030=0.7149207670900813,2030,2031,0.184644699581,Linear interpolation between known datapoints
Battery storage (distributed),2031,O&M,Direct,job/MW,0.164401544656,0.164401544656,Rutovitz 2025,Rutovitz 2025,,15.0,2024.0,0.2,2024.0,Colombian Technology Catalogue,14.b. Small-scale Lithium-ion,direct,,Linear interpolation,,,Small-scale Lithium-ion,,OPEX 2050/2030=0.8009507801593531,2030,2031,0.164401544656,Linear interpolation between known datapoints
Battery storage (distributed),2032,Construction,Direct,job-yr/MW,2.60634765094,2.60634765094,Rutovitz 2025,Rutovitz 2025,,15.0,2024.0,0.2,2024.0,Colombian Technology Catalogue,14.b. Small-scale Lithium-ion,direct,,Linear interpolation,,,Small-scale Lithium-ion,,CAPEX 2050/2030=0.7149207670900813,2030,2032,2.60634765094,Linear interpolation between known datapoints
Battery storage (distributed),2032,Construction&Manufacturing,Direct,job-yr/MW,2.78832237432,2.78832237432,Rutovitz 2025,Rutovitz 2025,,15.0,2024.0,0.2,2024.0,Colombian Technology Catalogue,14.b. Small-scale Lithium-ion,direct,,Linear interpolation,,,Small-scale Lithium-ion,,Construction + Manufacturing; Rutovitz 2025 total manufacturing factor used without local-share scaling,2030,2032,2.78832237432,Linear interpolation between known datapoints
Battery storage (distributed),2032,Manufacturing,Direct,job-yr/MW,0.181974723377,0.181974723377,Rutovitz 2025,Rutovitz 2025,,15.0,2024.0,0.2,2024.0,Colombian Technology Catalogue,14.b. Small-scale Lithium-ion,direct,,Linear interpolation,,,Small-scale Lithium-ion,,CAPEX 2050/2030=0.7149207670900813,2030,2032,0.181974723377,Linear interpolation between known datapoints
Battery storage (distributed),2032,O&M,Direct,job/MW,0.162748896782,0.162748896782,Rutovitz 2025,Rutovitz 2025,,15.0,2024.0,0.2,2024.0,Colombian Technology Catalogue,14.b. Small-scale Lithium-ion,direct,,Linear interpolation,,,Small-scale Lithium-ion,,OPEX 2050/2030=0.8009507801593531,2030,2032,0.162748896782,Linear interpolation between known datapoints
Battery storage (distributed),2033,Construction,Direct,job-yr/MW,2.56810670144,2.56810670144,Rutovitz 2025,Rutovitz 2025,,15.0,2024.0,0.2,2024.0,Colombian Technology Catalogue,14.b. Small-scale Lithium-ion,direct,,Linear interpolation,,,Small-scale Lithium-ion,,CAPEX 2050/2030=0.7149207670900813,2030,2033,2.56810670144,Linear interpolation between known datapoints
Battery storage (distributed),2033,Construction&Manufacturing,Direct,job-yr/MW,2.74741144861,2.74741144861,Rutovitz 2025,Rutovitz 2025,,15.0,2024.0,0.2,2024.0,Colombian Technology Catalogue,14.b. Small-scale Lithium-ion,direct,,Linear interpolation,,,Small-scale Lithium-ion,,Construction + Manufacturing; Rutovitz 2025 total manufacturing factor used without local-share scaling,2030,2033,2.74741144861,Linear interpolation between known datapoints
Battery storage (distributed),2033,Manufacturing,Direct,job-yr/MW,0.179304747172,0.179304747172,Rutovitz 2025,Rutovitz 2025,,15.0,2024.0,0.2,2024.0,Colombian Technology Catalogue,14.b. Small-scale Lithium-ion,direct,,Linear interpolation,,,Small-scale Lithium-ion,,CAPEX 2050/2030=0.7149207670900813,2030,2033,0.179304747172,Linear interpolation between known datapoints
Battery storage (distributed),2033,O&M,Direct,job/MW,0.161096248908,0.161096248908,Rutovitz 2025,Rutovitz 2025,,15.0,2024.0,0.2,2024.0,Colombian Technology Catalogue,14.b. Small-scale Lithium-ion,direct,,Linear interpolation,,,Small-scale Lithium-ion,,OPEX 2050/2030=0.8009507801593531,2030,2033,0.161096248908,Linear interpolation between known datapoints
Battery storage (distributed),2034,Construction,Direct,job-yr/MW,2.52986575193,2.52986575193,Rutovitz 2025,Rutovitz 2025,,15.0,2024.0,0.2,2024.0,Colombian Technology Catalogue,14.b. Small-scale Lithium-ion,direct,,Linear interpolation,,,Small-scale Lithium-ion,,CAPEX 2050/2030=0.7149207670900813,2030,2034,2.52986575193,Linear interpolation between known datapoints
Battery storage (distributed),2034,Construction&Manufacturing,Direct,job-yr/MW,2.7065005229,2.7065005229,Rutovitz 2025,Rutovitz 2025,,15.0,2024.0,0.2,2024.0,Colombian Technology Catalogue,14.b. Small-scale Lithium-ion,direct,,Linear interpolation,,,Small-scale Lithium-ion,,Construction + Manufacturing; Rutovitz 2025 total manufacturing factor used without local-share scaling,2030,2034,2.7065005229,Linear interpolation between known datapoints
Battery storage (distributed),2034,Manufacturing,Direct,job-yr/MW,0.176634770968,0.176634770968,Rutovitz 2025,Rutovitz 2025,,15.0,2024.0,0.2,2024.0,Colombian Technology Catalogue,14.b. Small-scale Lithium-ion,direct,,Linear interpolation,,,Small-scale Lithium-ion,,CAPEX 2050/2030=0.7149207670900813,2030,2034,0.176634770968,Linear interpolation between known datapoints
Battery storage (distributed),2034,O&M,Direct,job/MW,0.159443601035,0.159443601035,Rutovitz 2025,Rutovitz 2025,,15.0,2024.0,0.2,2024.0,Colombian Technology Catalogue,14.b. Small-scale Lithium-ion,direct,,Linear interpolation,,,Small-scale Lithium-ion,,OPEX 2050/2030=0.8009507801593531,2030,2034,0.159443601035,Linear interpolation between known datapoints
Battery storage (distributed),2035,Construction,Direct,job-yr/MW,2.49162480242,2.49162480242,Rutovitz 2025,Rutovitz 2025,,15.0,2024.0,0.2,2024.0,Colombian Technology Catalogue,14.b. Small-scale Lithium-ion,direct,,Linear interpolation,,,Small-scale Lithium-ion,,CAPEX 2050/2030=0.7149207670900813,2030,2035,2.49162480242,Linear interpolation between known datapoints
Battery storage (distributed),2035,Construction&Manufacturing,Direct,job-yr/MW,2.66558959719,2.66558959719,Rutovitz 2025,Rutovitz 2025,,15.0,2024.0,0.2,2024.0,Colombian Technology Catalogue,14.b. Small-scale Lithium-ion,direct,,Linear interpolation,,,Small-scale Lithium-ion,,Construction + Manufacturing; Rutovitz 2025 total manufacturing factor used without local-share scaling,2030,2035,2.66558959719,Linear interpolation between known datapoints
Battery storage (distributed),2035,Manufacturing,Direct,job-yr/MW,0.173964794764,0.173964794764,Rutovitz 2025,Rutovitz 2025,,15.0,2024.0,0.2,2024.0,Colombian Technology Catalogue,14.b. Small-scale Lithium-ion,direct,,Linear interpolation,,,Small-scale Lithium-ion,,CAPEX 2050/2030=0.7149207670900813,2030,2035,0.173964794764,Linear interpolation between known datapoints
Battery storage (distributed),2035,O&M,Direct,job/MW,0.157790953161,0.157790953161,Rutovitz 2025,Rutovitz 2025,,15.0,2024.0,0.2,2024.0,Colombian Technology Catalogue,14.b. Small-scale Lithium-ion,direct,,Linear interpolation,,,Small-scale Lithium-ion,,OPEX 2050/2030=0.8009507801593531,2030,2035,0.157790953161,Linear interpolation between known datapoints
Battery storage (distributed),2036,Construction,Direct,job-yr/MW,2.45338385292,2.45338385292,Rutovitz 2025,Rutovitz 2025,,15.0,2024.0,0.2,2024.0,Colombian Technology Catalogue,14.b. Small-scale Lithium-ion,direct,,Linear interpolation,,,Small-scale Lithium-ion,,CAPEX 2050/2030=0.7149207670900813,2030,2036,2.45338385292,Linear interpolation between known datapoints
Battery storage (distributed),2036,Construction&Manufacturing,Direct,job-yr/MW,2.62467867148,2.62467867148,Rutovitz 2025,Rutovitz 2025,,15.0,2024.0,0.2,2024.0,Colombian Technology Catalogue,14.b. Small-scale Lithium-ion,direct,,Linear interpolation,,,Small-scale Lithium-ion,,Construction + Manufacturing; Rutovitz 2025 total manufacturing factor used without local-share scaling,2030,2036,2.62467867148,Linear interpolation between known datapoints
Battery storage (distributed),2036,Manufacturing,Direct,job-yr/MW,0.17129481856,0.17129481856,Rutovitz 2025,Rutovitz 2025,,15.0,2024.0,0.2,2024.0,Colombian Technology Catalogue,14.b. Small-scale Lithium-ion,direct,,Linear interpolation,,,Small-scale Lithium-ion,,CAPEX 2050/2030=0.7149207670900813,2030,2036,0.17129481856,Linear interpolation between known datapoints
Battery storage (distributed),2036,O&M,Direct,job/MW,0.156138305287,0.156138305287,Rutovitz 2025,Rutovitz 2025,,15.0,2024.0,0.2,2024.0,Colombian Technology Catalogue,14.b. Small-scale Lithium-ion,direct,,Linear interpolation,,,Small-scale Lithium-ion,,OPEX 2050/2030=0.8009507801593531,2030,2036,0.156138305287,Linear interpolation between known datapoints
Battery storage (distributed),2037,Construction,Direct,job-yr/MW,2.41514290341,2.41514290341,Rutovitz 2025,Rutovitz 2025,,15.0,2024.0,0.2,2024.0,Colombian Technology Catalogue,14.b. Small-scale Lithium-ion,direct,,Linear interpolation,,,Small-scale Lithium-ion,,CAPEX 2050/2030=0.7149207670900813,2030,2037,2.41514290341,Linear interpolation between known datapoints
Battery storage (distributed),2037,Construction&Manufacturing,Direct,job-yr/MW,2.58376774577,2.58376774577,Rutovitz 2025,Rutovitz 2025,,15.0,2024.0,0.2,2024.0,Colombian Technology Catalogue,14.b. Small-scale Lithium-ion,direct,,Linear interpolation,,,Small-scale Lithium-ion,,Construction + Manufacturing; Rutovitz 2025 total manufacturing factor used without local-share scaling,2030,2037,2.58376774577,Linear interpolation between known datapoints
Battery storage (distributed),2037,Manufacturing,Direct,job-yr/MW,0.168624842355,0.168624842355,Rutovitz 2025,Rutovitz 2025,,15.0,2024.0,0.2,2024.0,Colombian Technology Catalogue,14.b. Small-scale Lithium-ion,direct,,Linear interpolation,,,Small-scale Lithium-ion,,CAPEX 2050/2030=0.7149207670900813,2030,2037,0.168624842355,Linear interpolation between known datapoints
Battery storage (distributed),2037,O&M,Direct,job/MW,0.154485657414,0.154485657414,Rutovitz 2025,Rutovitz 2025,,15.0,2024.0,0.2,2024.0,Colombian Technology Catalogue,14.b. Small-scale Lithium-ion,direct,,Linear interpolation,,,Small-scale Lithium-ion,,OPEX 2050/2030=0.8009507801593531,2030,2037,0.154485657414,Linear interpolation between known datapoints
Battery storage (distributed),2038,Construction,Direct,job-yr/MW,2.37690195391,2.37690195391,Rutovitz 2025,Rutovitz 2025,,15.0,2024.0,0.2,2024.0,Colombian Technology Catalogue,14.b. Small-scale Lithium-ion,direct,,Linear interpolation,,,Small-scale Lithium-ion,,CAPEX 2050/2030=0.7149207670900813,2030,2038,2.37690195391,Linear interpolation between known datapoints
Battery storage (distributed),2038,Construction&Manufacturing,Direct,job-yr/MW,2.54285682006,2.54285682006,Rutovitz 2025,Rutovitz 2025,,15.0,2024.0,0.2,2024.0,Colombian Technology Catalogue,14.b. Small-scale Lithium-ion,direct,,Linear interpolation,,,Small-scale Lithium-ion,,Construction + Manufacturing; Rutovitz 2025 total manufacturing factor used without local-share scaling,2030,2038,2.54285682006,Linear interpolation between known datapoints
Battery storage (distributed),2038,Manufacturing,Direct,job-yr/MW,0.165954866151,0.165954866151,Rutovitz 2025,Rutovitz 2025,,15.0,2024.0,0.2,2024.0,Colombian Technology Catalogue,14.b. Small-scale Lithium-ion,direct,,Linear interpolation,,,Small-scale Lithium-ion,,CAPEX 2050/2030=0.7149207670900813,2030,2038,0.165954866151,Linear interpolation between known datapoints
Battery storage (distributed),2038,O&M,Direct,job/MW,0.15283300954,0.15283300954,Rutovitz 2025,Rutovitz 2025,,15.0,2024.0,0.2,2024.0,Colombian Technology Catalogue,14.b. Small-scale Lithium-ion,direct,,Linear interpolation,,,Small-scale Lithium-ion,,OPEX 2050/2030=0.8009507801593531,2030,2038,0.15283300954,Linear interpolation between known datapoints
Battery storage (distributed),2039,Construction,Direct,job-yr/MW,2.3386610044,2.3386610044,Rutovitz 2025,Rutovitz 2025,,15.0,2024.0,0.2,2024.0,Colombian Technology Catalogue,14.b. Small-scale Lithium-ion,direct,,Linear interpolation,,,Small-scale Lithium-ion,,CAPEX 2050/2030=0.7149207670900813,2030,2039,2.3386610044,Linear interpolation between known datapoints
Battery storage (distributed),2039,Construction&Manufacturing,Direct,job-yr/MW,2.50194589435,2.50194589435,Rutovitz 2025,Rutovitz 2025,,15.0,2024.0,0.2,2024.0,Colombian Technology Catalogue,14.b. Small-scale Lithium-ion,direct,,Linear interpolation,,,Small-scale Lithium-ion,,Construction + Manufacturing; Rutovitz 2025 total manufacturing factor used without local-share scaling,2030,2039,2.50194589435,Linear interpolation between known datapoints
Battery storage (distributed),2039,Manufacturing,Direct,job-yr/MW,0.163284889947,0.163284889947,Rutovitz 2025,Rutovitz 2025,,15.0,2024.0,0.2,2024.0,Colombian Technology Catalogue,14.b. Small-scale Lithium-ion,direct,,Linear interpolation,,,Small-scale Lithium-ion,,CAPEX 2050/2030=0.7149207670900813,2030,2039,0.163284889947,Linear interpolation between known datapoints
Battery storage (distributed),2039,O&M,Direct,job/MW,0.151180361666,0.151180361666,Rutovitz 2025,Rutovitz 2025,,15.0,2024.0,0.2,2024.0,Colombian Technology Catalogue,14.b. Small-scale Lithium-ion,direct,,Linear interpolation,,,Small-scale Lithium-ion,,OPEX 2050/2030=0.8009507801593531,2030,2039,0.151180361666,Linear interpolation between known datapoints
Battery storage (distributed),2040,Construction,Direct,job-yr/MW,2.30042005489,2.30042005489,Rutovitz 2025,Rutovitz 2025,,15.0,2024.0,0.2,2024.0,Colombian Technology Catalogue,14.b. Small-scale Lithium-ion,direct,,Linear interpolation,,,Small-scale Lithium-ion,,CAPEX 2050/2030=0.7149207670900813,2030,2040,2.30042005489,Linear interpolation between known datapoints
Battery storage (distributed),2040,Construction&Manufacturing,Direct,job-yr/MW,2.46103496863,2.46103496863,Rutovitz 2025,Rutovitz 2025,,15.0,2024.0,0.2,2024.0,Colombian Technology Catalogue,14.b. Small-scale Lithium-ion,direct,,Linear interpolation,,,Small-scale Lithium-ion,,Construction + Manufacturing; Rutovitz 2025 total manufacturing factor used without local-share scaling,2030,2040,2.46103496863,Linear interpolation between known datapoints
Battery storage (distributed),2040,Manufacturing,Direct,job-yr/MW,0.160614913742,0.160614913742,Rutovitz 2025,Rutovitz 2025,,15.0,2024.0,0.2,2024.0,Colombian Technology Catalogue,14.b. Small-scale Lithium-ion,direct,,Linear interpolation,,,Small-scale Lithium-ion,,CAPEX 2050/2030=0.7149207670900813,2030,2040,0.160614913742,Linear interpolation between known datapoints
Battery storage (distributed),2040,O&M,Direct,job/MW,0.149527713792,0.149527713792,Rutovitz 2025,Rutovitz 2025,,15.0,2024.0,0.2,2024.0,Colombian Technology Catalogue,14.b. Small-scale Lithium-ion,direct,,Linear interpolation,,,Small-scale Lithium-ion,,OPEX 2050/2030=0.8009507801593531,2030,2040,0.149527713792,Linear interpolation between known datapoints
Battery storage (distributed),2041,Construction,Direct,job-yr/MW,2.26217910539,2.26217910539,Rutovitz 2025,Rutovitz 2025,,15.0,2024.0,0.2,2024.0,Colombian Technology Catalogue,14.b. Small-scale Lithium-ion,direct,,Linear interpolation,,,Small-scale Lithium-ion,,CAPEX 2050/2030=0.7149207670900813,2030,2041,2.26217910539,Linear interpolation between known datapoints
Battery storage (distributed),2041,Construction&Manufacturing,Direct,job-yr/MW,2.42012404292,2.42012404292,Rutovitz 2025,Rutovitz 2025,,15.0,2024.0,0.2,2024.0,Colombian Technology Catalogue,14.b. Small-scale Lithium-ion,direct,,Linear interpolation,,,Small-scale Lithium-ion,,Construction + Manufacturing; Rutovitz 2025 total manufacturing factor used without local-share scaling,2030,2041,2.42012404292,Linear interpolation between known datapoints
Battery storage (distributed),2041,Manufacturing,Direct,job-yr/MW,0.157944937538,0.157944937538,Rutovitz 2025,Rutovitz 2025,,15.0,2024.0,0.2,2024.0,Colombian Technology Catalogue,14.b. Small-scale Lithium-ion,direct,,Linear interpolation,,,Small-scale Lithium-ion,,CAPEX 2050/2030=0.7149207670900813,2030,2041,0.157944937538,Linear interpolation between known datapoints
Battery storage (distributed),2041,O&M,Direct,job/MW,0.147875065919,0.147875065919,Rutovitz 2025,Rutovitz 2025,,15.0,2024.0,0.2,2024.0,Colombian Technology Catalogue,14.b. Small-scale Lithium-ion,direct,,Linear interpolation,,,Small-scale Lithium-ion,,OPEX 2050/2030=0.8009507801593531,2030,2041,0.147875065919,Linear interpolation between known datapoints
Battery storage (distributed),2042,Construction,Direct,job-yr/MW,2.22393815588,2.22393815588,Rutovitz 2025,Rutovitz 2025,,15.0,2024.0,0.2,2024.0,Colombian Technology Catalogue,14.b. Small-scale Lithium-ion,direct,,Linear interpolation,,,Small-scale Lithium-ion,,CAPEX 2050/2030=0.7149207670900813,2030,2042,2.22393815588,Linear interpolation between known datapoints
Battery storage (distributed),2042,Construction&Manufacturing,Direct,job-yr/MW,2.37921311721,2.37921311721,Rutovitz 2025,Rutovitz 2025,,15.0,2024.0,0.2,2024.0,Colombian Technology Catalogue,14.b. Small-scale Lithium-ion,direct,,Linear interpolation,,,Small-scale Lithium-ion,,Construction + Manufacturing; Rutovitz 2025 total manufacturing factor used without local-share scaling,2030,2042,2.37921311721,Linear interpolation between known datapoints
Battery storage (distributed),2042,Manufacturing,Direct,job-yr/MW,0.155274961334,0.155274961334,Rutovitz 2025,Rutovitz 2025,,15.0,2024.0,0.2,2024.0,Colombian Technology Catalogue,14.b. Small-scale Lithium-ion,direct,,Linear interpolation,,,Small-scale Lithium-ion,,CAPEX 2050/2030=0.7149207670900813,2030,2042,0.155274961334,Linear interpolation between known datapoints
Battery storage (distributed),2042,O&M,Direct,job/MW,0.146222418045,0.146222418045,Rutovitz 2025,Rutovitz 2025,,15.0,2024.0,0.2,2024.0,Colombian Technology Catalogue,14.b. Small-scale Lithium-ion,direct,,Linear interpolation,,,Small-scale Lithium-ion,,OPEX 2050/2030=0.8009507801593531,2030,2042,0.146222418045,Linear interpolation between known datapoints
Battery storage (distributed),2043,Construction,Direct,job-yr/MW,2.18569720637,2.18569720637,Rutovitz 2025,Rutovitz 2025,,15.0,2024.0,0.2,2024.0,Colombian Technology Catalogue,14.b. Small-scale Lithium-ion,direct,,Linear interpolation,,,Small-scale Lithium-ion,,CAPEX 2050/2030=0.7149207670900813,2030,2043,2.18569720637,Linear interpolation between known datapoints
Battery storage (distributed),2043,Construction&Manufacturing,Direct,job-yr/MW,2.3383021915,2.3383021915,Rutovitz 2025,Rutovitz 2025,,15.0,2024.0,0.2,2024.0,Colombian Technology Catalogue,14.b. Small-scale Lithium-ion,direct,,Linear interpolation,,,Small-scale Lithium-ion,,Construction + Manufacturing; Rutovitz 2025 total manufacturing factor used without local-share scaling,2030,2043,2.3383021915,Linear interpolation between known datapoints
Battery storage (distributed),2043,Manufacturing,Direct,job-yr/MW,0.15260498513,0.15260498513,Rutovitz 2025,Rutovitz 2025,,15.0,2024.0,0.2,2024.0,Colombian Technology Catalogue,14.b. Small-scale Lithium-ion,direct,,Linear interpolation,,,Small-scale Lithium-ion,,CAPEX 2050/2030=0.7149207670900813,2030,2043,0.15260498513,Linear interpolation between known datapoints
Battery storage (distributed),2043,O&M,Direct,job/MW,0.144569770171,0.144569770171,Rutovitz 2025,Rutovitz 2025,,15.0,2024.0,0.2,2024.0,Colombian Technology Catalogue,14.b. Small-scale Lithium-ion,direct,,Linear interpolation,,,Small-scale Lithium-ion,,OPEX 2050/2030=0.8009507801593531,2030,2043,0.144569770171,Linear interpolation between known datapoints
Battery storage (distributed),2044,Construction,Direct,job-yr/MW,2.14745625687,2.14745625687,Rutovitz 2025,Rutovitz 2025,,15.0,2024.0,0.2,2024.0,Colombian Technology Catalogue,14.b. Small-scale Lithium-ion,direct,,Linear interpolation,,,Small-scale Lithium-ion,,CAPEX 2050/2030=0.7149207670900813,2030,2044,2.14745625687,Linear interpolation between known datapoints
Battery storage (distributed),2044,Construction&Manufacturing,Direct,job-yr/MW,2.29739126579,2.29739126579,Rutovitz 2025,Rutovitz 2025,,15.0,2024.0,0.2,2024.0,Colombian Technology Catalogue,14.b. Small-scale Lithium-ion,direct,,Linear interpolation,,,Small-scale Lithium-ion,,Construction + Manufacturing; Rutovitz 2025 total manufacturing factor used without local-share scaling,2030,2044,2.29739126579,Linear interpolation between known datapoints
Battery storage (distributed),2044,Manufacturing,Direct,job-yr/MW,0.149935008925,0.149935008925,Rutovitz 2025,Rutovitz 2025,,15.0,2024.0,0.2,2024.0,Colombian Technology Catalogue,14.b. Small-scale Lithium-ion,direct,,Linear interpolation,,,Small-scale Lithium-ion,,CAPEX 2050/2030=0.7149207670900813,2030,2044,0.149935008925,Linear interpolation between known datapoints
Battery storage (distributed),2044,O&M,Direct,job/MW,0.142917122298,0.142917122298,Rutovitz 2025,Rutovitz 2025,,15.0,2024.0,0.2,2024.0,Colombian Technology Catalogue,14.b. Small-scale Lithium-ion,direct,,Linear interpolation,,,Small-scale Lithium-ion,,OPEX 2050/2030=0.8009507801593531,2030,2044,0.142917122298,Linear interpolation between known datapoints
Battery storage (distributed),2045,Construction,Direct,job-yr/MW,2.10921530736,2.10921530736,Rutovitz 2025,Rutovitz 2025,,15.0,2024.0,0.2,2024.0,Colombian Technology Catalogue,14.b. Small-scale Lithium-ion,direct,,Linear interpolation,,,Small-scale Lithium-ion,,CAPEX 2050/2030=0.7149207670900813,2030,2045,2.10921530736,Linear interpolation between known datapoints
Battery storage (distributed),2045,Construction&Manufacturing,Direct,job-yr/MW,2.25648034008,2.25648034008,Rutovitz 2025,Rutovitz 2025,,15.0,2024.0,0.2,2024.0,Colombian Technology Catalogue,14.b. Small-scale Lithium-ion,direct,,Linear interpolation,,,Small-scale Lithium-ion,,Construction + Manufacturing; Rutovitz 2025 total manufacturing factor used without local-share scaling,2030,2045,2.25648034008,Linear interpolation between known datapoints
Battery storage (distributed),2045,Manufacturing,Direct,job-yr/MW,0.147265032721,0.147265032721,Rutovitz 2025,Rutovitz 2025,,15.0,2024.0,0.2,2024.0,Colombian Technology Catalogue,14.b. Small-scale Lithium-ion,direct,,Linear interpolation,,,Small-scale Lithium-ion,,CAPEX 2050/2030=0.7149207670900813,2030,2045,0.147265032721,Linear interpolation between known datapoints
Battery storage (distributed),2045,O&M,Direct,job/MW,0.141264474424,0.141264474424,Rutovitz 2025,Rutovitz 2025,,15.0,2024.0,0.2,2024.0,Colombian Technology Catalogue,14.b. Small-scale Lithium-ion,direct,,Linear interpolation,,,Small-scale Lithium-ion,,OPEX 2050/2030=0.8009507801593531,2030,2045,0.141264474424,Linear interpolation between known datapoints
Battery storage (distributed),2046,Construction,Direct,job-yr/MW,2.07097435785,2.07097435785,Rutovitz 2025,Rutovitz 2025,,15.0,2024.0,0.2,2024.0,Colombian Technology Catalogue,14.b. Small-scale Lithium-ion,direct,,Linear interpolation,,,Small-scale Lithium-ion,,CAPEX 2050/2030=0.7149207670900813,2030,2046,2.07097435785,Linear interpolation between known datapoints
Battery storage (distributed),2046,Construction&Manufacturing,Direct,job-yr/MW,2.21556941437,2.21556941437,Rutovitz 2025,Rutovitz 2025,,15.0,2024.0,0.2,2024.0,Colombian Technology Catalogue,14.b. Small-scale Lithium-ion,direct,,Linear interpolation,,,Small-scale Lithium-ion,,Construction + Manufacturing; Rutovitz 2025 total manufacturing factor used without local-share scaling,2030,2046,2.21556941437,Linear interpolation between known datapoints
Battery storage (distributed),2046,Manufacturing,Direct,job-yr/MW,0.144595056517,0.144595056517,Rutovitz 2025,Rutovitz 2025,,15.0,2024.0,0.2,2024.0,Colombian Technology Catalogue,14.b. Small-scale Lithium-ion,direct,,Linear interpolation,,,Small-scale Lithium-ion,,CAPEX 2050/2030=0.7149207670900813,2030,2046,0.144595056517,Linear interpolation between known datapoints
Battery storage (distributed),2046,O&M,Direct,job/MW,0.13961182655,0.13961182655,Rutovitz 2025,Rutovitz 2025,,15.0,2024.0,0.2,2024.0,Colombian Technology Catalogue,14.b. Small-scale Lithium-ion,direct,,Linear interpolation,,,Small-scale Lithium-ion,,OPEX 2050/2030=0.8009507801593531,2030,2046,0.13961182655,Linear interpolation between known datapoints
Battery storage (distributed),2047,Construction,Direct,job-yr/MW,2.03273340835,2.03273340835,Rutovitz 2025,Rutovitz 2025,,15.0,2024.0,0.2,2024.0,Colombian Technology Catalogue,14.b. Small-scale Lithium-ion,direct,,Linear interpolation,,,Small-scale Lithium-ion,,CAPEX 2050/2030=0.7149207670900813,2030,2047,2.03273340835,Linear interpolation between known datapoints
Battery storage (distributed),2047,Construction&Manufacturing,Direct,job-yr/MW,2.17465848866,2.17465848866,Rutovitz 2025,Rutovitz 2025,,15.0,2024.0,0.2,2024.0,Colombian Technology Catalogue,14.b. Small-scale Lithium-ion,direct,,Linear interpolation,,,Small-scale Lithium-ion,,Construction + Manufacturing; Rutovitz 2025 total manufacturing factor used without local-share scaling,2030,2047,2.17465848866,Linear interpolation between known datapoints
Battery storage (distributed),2047,Manufacturing,Direct,job-yr/MW,0.141925080312,0.141925080312,Rutovitz 2025,Rutovitz 2025,,15.0,2024.0,0.2,2024.0,Colombian Technology Catalogue,14.b. Small-scale Lithium-ion,direct,,Linear interpolation,,,Small-scale Lithium-ion,,CAPEX 2050/2030=0.7149207670900813,2030,2047,0.141925080312,Linear interpolation between known datapoints
Battery storage (distributed),2047,O&M,Direct,job/MW,0.137959178676,0.137959178676,Rutovitz 2025,Rutovitz 2025,,15.0,2024.0,0.2,2024.0,Colombian Technology Catalogue,14.b. Small-scale Lithium-ion,direct,,Linear interpolation,,,Small-scale Lithium-ion,,OPEX 2050/2030=0.8009507801593531,2030,2047,0.137959178676,Linear interpolation between known datapoints
Battery storage (distributed),2048,Construction,Direct,job-yr/MW,1.99449245884,1.99449245884,Rutovitz 2025,Rutovitz 2025,,15.0,2024.0,0.2,2024.0,Colombian Technology Catalogue,14.b. Small-scale Lithium-ion,direct,,Linear interpolation,,,Small-scale Lithium-ion,,CAPEX 2050/2030=0.7149207670900813,2030,2048,1.99449245884,Linear interpolation between known datapoints
Battery storage (distributed),2048,Construction&Manufacturing,Direct,job-yr/MW,2.13374756295,2.13374756295,Rutovitz 2025,Rutovitz 2025,,15.0,2024.0,0.2,2024.0,Colombian Technology Catalogue,14.b. Small-scale Lithium-ion,direct,,Linear interpolation,,,Small-scale Lithium-ion,,Construction + Manufacturing; Rutovitz 2025 total manufacturing factor used without local-share scaling,2030,2048,2.13374756295,Linear interpolation between known datapoints
Battery storage (distributed),2048,Manufacturing,Direct,job-yr/MW,0.139255104108,0.139255104108,Rutovitz 2025,Rutovitz 2025,,15.0,2024.0,0.2,2024.0,Colombian Technology Catalogue,14.b. Small-scale Lithium-ion,direct,,Linear interpolation,,,Small-scale Lithium-ion,,CAPEX 2050/2030=0.7149207670900813,2030,2048,0.139255104108,Linear interpolation between known datapoints
Battery storage (distributed),2048,O&M,Direct,job/MW,0.136306530803,0.136306530803,Rutovitz 2025,Rutovitz 2025,,15.0,2024.0,0.2,2024.0,Colombian Technology Catalogue,14.b. Small-scale Lithium-ion,direct,,Linear interpolation,,,Small-scale Lithium-ion,,OPEX 2050/2030=0.8009507801593531,2030,2048,0.136306530803,Linear interpolation between known datapoints
Battery storage (distributed),2049,Construction,Direct,job-yr/MW,1.95625150933,1.95625150933,Rutovitz 2025,Rutovitz 2025,,15.0,2024.0,0.2,2024.0,Colombian Technology Catalogue,14.b. Small-scale Lithium-ion,direct,,Linear interpolation,,,Small-scale Lithium-ion,,CAPEX 2050/2030=0.7149207670900813,2030,2049,1.95625150933,Linear interpolation between known datapoints
Battery storage (distributed),2049,Construction&Manufacturing,Direct,job-yr/MW,2.09283663724,2.09283663724,Rutovitz 2025,Rutovitz 2025,,15.0,2024.0,0.2,2024.0,Colombian Technology Catalogue,14.b. Small-scale Lithium-ion,direct,,Linear interpolation,,,Small-scale Lithium-ion,,Construction + Manufacturing; Rutovitz 2025 total manufacturing factor used without local-share scaling,2030,2049,2.09283663724,Linear interpolation between known datapoints
Battery storage (distributed),2049,Manufacturing,Direct,job-yr/MW,0.136585127904,0.136585127904,Rutovitz 2025,Rutovitz 2025,,15.0,2024.0,0.2,2024.0,Colombian Technology Catalogue,14.b. Small-scale Lithium-ion,direct,,Linear interpolation,,,Small-scale Lithium-ion,,CAPEX 2050/2030=0.7149207670900813,2030,2049,0.136585127904,Linear interpolation between known datapoints
Battery storage (distributed),2049,O&M,Direct,job/MW,0.134653882929,0.134653882929,Rutovitz 2025,Rutovitz 2025,,15.0,2024.0,0.2,2024.0,Colombian Technology Catalogue,14.b. Small-scale Lithium-ion,direct,,Linear interpolation,,,Small-scale Lithium-ion,,OPEX 2050/2030=0.8009507801593531,2030,2049,0.134653882929,Linear interpolation between known datapoints
Battery storage (distributed),2050,Construction,Direct,job-yr/MW,1.91801055983,1.91801055983,Rutovitz 2025,Rutovitz 2025,,15.0,2024.0,0.2,2024.0,Colombian Technology Catalogue,14.b. Small-scale Lithium-ion,direct,,CAPEX/OPEX ratio projection,,,Small-scale Lithium-ion,,CAPEX 2050/2030=0.7149207670900813,2030,2050,1.91801055983,Known datapoint
Battery storage (distributed),2050,Construction&Manufacturing,Direct,job-yr/MW,2.05192571153,2.05192571153,Rutovitz 2025,Rutovitz 2025,,15.0,2024.0,0.2,2024.0,Colombian Technology Catalogue,14.b. Small-scale Lithium-ion,direct,,Derived Construction&Manufacturing,,,Small-scale Lithium-ion,,Construction + Manufacturing; Rutovitz 2025 total manufacturing factor used without local-share scaling,2030,2050,2.05192571153,Known datapoint
Battery storage (distributed),2050,Manufacturing,Direct,job-yr/MW,0.1339151517,0.1339151517,Rutovitz 2025,Rutovitz 2025,,15.0,2024.0,0.2,2024.0,Colombian Technology Catalogue,14.b. Small-scale Lithium-ion,direct,,CAPEX/OPEX ratio projection,,,Small-scale Lithium-ion,,CAPEX 2050/2030=0.7149207670900813,2030,2050,0.1339151517,Known datapoint
Battery storage (distributed),2050,O&M,Direct,job/MW,0.133001235055,0.133001235055,Rutovitz 2025,Rutovitz 2025,,15.0,2024.0,0.2,2024.0,Colombian Technology Catalogue,14.b. Small-scale Lithium-ion,direct,,CAPEX/OPEX ratio projection,,,Small-scale Lithium-ion,,OPEX 2050/2030=0.8009507801593531,2030,2050,0.133001235055,Known datapoint
Battery storage (distributed),2051,Construction,Direct,job-yr/MW,1.91801055983,1.91801055983,Rutovitz 2025,Rutovitz 2025,,15.0,2024.0,0.2,2024.0,Colombian Technology Catalogue,14.b. Small-scale Lithium-ion,direct,,Linear interpolation,,,Small-scale Lithium-ion,,CAPEX 2050/2030=0.7149207670900813,2030,2051,1.91801055983,Linear interpolation to 2050; held constant after 2050
Battery storage (distributed),2051,Construction&Manufacturing,Direct,job-yr/MW,2.05192571153,2.05192571153,Rutovitz 2025,Rutovitz 2025,,15.0,2024.0,0.2,2024.0,Colombian Technology Catalogue,14.b. Small-scale Lithium-ion,direct,,Linear interpolation,,,Small-scale Lithium-ion,,Construction + Manufacturing; Rutovitz 2025 total manufacturing factor used without local-share scaling,2030,2051,2.05192571153,Linear interpolation to 2050; held constant after 2050
Battery storage (distributed),2051,Manufacturing,Direct,job-yr/MW,0.1339151517,0.1339151517,Rutovitz 2025,Rutovitz 2025,,15.0,2024.0,0.2,2024.0,Colombian Technology Catalogue,14.b. Small-scale Lithium-ion,direct,,Linear interpolation,,,Small-scale Lithium-ion,,CAPEX 2050/2030=0.7149207670900813,2030,2051,0.1339151517,Linear interpolation to 2050; held constant after 2050
Battery storage (distributed),2051,O&M,Direct,job/MW,0.133001235055,0.133001235055,Rutovitz 2025,Rutovitz 2025,,15.0,2024.0,0.2,2024.0,Colombian Technology Catalogue,14.b. Small-scale Lithium-ion,direct,,Linear interpolation,,,Small-scale Lithium-ion,,OPEX 2050/2030=0.8009507801593531,2030,2051,0.133001235055,Linear interpolation to 2050; held constant after 2050
Battery storage (distributed),2052,Construction,Direct,job-yr/MW,1.91801055983,1.91801055983,Rutovitz 2025,Rutovitz 2025,,15.0,2024.0,0.2,2024.0,Colombian Technology Catalogue,14.b. Small-scale Lithium-ion,direct,,Linear interpolation,,,Small-scale Lithium-ion,,CAPEX 2050/2030=0.7149207670900813,2030,2052,1.91801055983,Linear interpolation to 2050; held constant after 2050
Battery storage (distributed),2052,Construction&Manufacturing,Direct,job-yr/MW,2.05192571153,2.05192571153,Rutovitz 2025,Rutovitz 2025,,15.0,2024.0,0.2,2024.0,Colombian Technology Catalogue,14.b. Small-scale Lithium-ion,direct,,Linear interpolation,,,Small-scale Lithium-ion,,Construction + Manufacturing; Rutovitz 2025 total manufacturing factor used without local-share scaling,2030,2052,2.05192571153,Linear interpolation to 2050; held constant after 2050
Battery storage (distributed),2052,Manufacturing,Direct,job-yr/MW,0.1339151517,0.1339151517,Rutovitz 2025,Rutovitz 2025,,15.0,2024.0,0.2,2024.0,Colombian Technology Catalogue,14.b. Small-scale Lithium-ion,direct,,Linear interpolation,,,Small-scale Lithium-ion,,CAPEX 2050/2030=0.7149207670900813,2030,2052,0.1339151517,Linear interpolation to 2050; held constant after 2050
Battery storage (distributed),2052,O&M,Direct,job/MW,0.133001235055,0.133001235055,Rutovitz 2025,Rutovitz 2025,,15.0,2024.0,0.2,2024.0,Colombian Technology Catalogue,14.b. Small-scale Lithium-ion,direct,,Linear interpolation,,,Small-scale Lithium-ion,,OPEX 2050/2030=0.8009507801593531,2030,2052,0.133001235055,Linear interpolation to 2050; held constant after 2050
Battery storage (distributed),2053,Construction,Direct,job-yr/MW,1.91801055983,1.91801055983,Rutovitz 2025,Rutovitz 2025,,15.0,2024.0,0.2,2024.0,Colombian Technology Catalogue,14.b. Small-scale Lithium-ion,direct,,Linear interpolation,,,Small-scale Lithium-ion,,CAPEX 2050/2030=0.7149207670900813,2030,2053,1.91801055983,Linear interpolation to 2050; held constant after 2050
Battery storage (distributed),2053,Construction&Manufacturing,Direct,job-yr/MW,2.05192571153,2.05192571153,Rutovitz 2025,Rutovitz 2025,,15.0,2024.0,0.2,2024.0,Colombian Technology Catalogue,14.b. Small-scale Lithium-ion,direct,,Linear interpolation,,,Small-scale Lithium-ion,,Construction + Manufacturing; Rutovitz 2025 total manufacturing factor used without local-share scaling,2030,2053,2.05192571153,Linear interpolation to 2050; held constant after 2050
Battery storage (distributed),2053,Manufacturing,Direct,job-yr/MW,0.1339151517,0.1339151517,Rutovitz 2025,Rutovitz 2025,,15.0,2024.0,0.2,2024.0,Colombian Technology Catalogue,14.b. Small-scale Lithium-ion,direct,,Linear interpolation,,,Small-scale Lithium-ion,,CAPEX 2050/2030=0.7149207670900813,2030,2053,0.1339151517,Linear interpolation to 2050; held constant after 2050
Battery storage (distributed),2053,O&M,Direct,job/MW,0.133001235055,0.133001235055,Rutovitz 2025,Rutovitz 2025,,15.0,2024.0,0.2,2024.0,Colombian Technology Catalogue,14.b. Small-scale Lithium-ion,direct,,Linear interpolation,,,Small-scale Lithium-ion,,OPEX 2050/2030=0.8009507801593531,2030,2053,0.133001235055,Linear interpolation to 2050; held constant after 2050
Battery storage (distributed),2054,Construction,Direct,job-yr/MW,1.91801055983,1.91801055983,Rutovitz 2025,Rutovitz 2025,,15.0,2024.0,0.2,2024.0,Colombian Technology Catalogue,14.b. Small-scale Lithium-ion,direct,,Linear interpolation,,,Small-scale Lithium-ion,,CAPEX 2050/2030=0.7149207670900813,2030,2054,1.91801055983,Linear interpolation to 2050; held constant after 2050
Battery storage (distributed),2054,Construction&Manufacturing,Direct,job-yr/MW,2.05192571153,2.05192571153,Rutovitz 2025,Rutovitz 2025,,15.0,2024.0,0.2,2024.0,Colombian Technology Catalogue,14.b. Small-scale Lithium-ion,direct,,Linear interpolation,,,Small-scale Lithium-ion,,Construction + Manufacturing; Rutovitz 2025 total manufacturing factor used without local-share scaling,2030,2054,2.05192571153,Linear interpolation to 2050; held constant after 2050
Battery storage (distributed),2054,Manufacturing,Direct,job-yr/MW,0.1339151517,0.1339151517,Rutovitz 2025,Rutovitz 2025,,15.0,2024.0,0.2,2024.0,Colombian Technology Catalogue,14.b. Small-scale Lithium-ion,direct,,Linear interpolation,,,Small-scale Lithium-ion,,CAPEX 2050/2030=0.7149207670900813,2030,2054,0.1339151517,Linear interpolation to 2050; held constant after 2050
Battery storage (distributed),2054,O&M,Direct,job/MW,0.133001235055,0.133001235055,Rutovitz 2025,Rutovitz 2025,,15.0,2024.0,0.2,2024.0,Colombian Technology Catalogue,14.b. Small-scale Lithium-ion,direct,,Linear interpolation,,,Small-scale Lithium-ion,,OPEX 2050/2030=0.8009507801593531,2030,2054,0.133001235055,Linear interpolation to 2050; held constant after 2050
Battery storage (distributed),2055,Construction,Direct,job-yr/MW,1.91801055983,1.91801055983,Rutovitz 2025,Rutovitz 2025,,15.0,2024.0,0.2,2024.0,Colombian Technology Catalogue,14.b. Small-scale Lithium-ion,direct,,Linear interpolation,,,Small-scale Lithium-ion,,CAPEX 2050/2030=0.7149207670900813,2030,2055,1.91801055983,Linear interpolation to 2050; held constant after 2050
Battery storage (distributed),2055,Construction&Manufacturing,Direct,job-yr/MW,2.05192571153,2.05192571153,Rutovitz 2025,Rutovitz 2025,,15.0,2024.0,0.2,2024.0,Colombian Technology Catalogue,14.b. Small-scale Lithium-ion,direct,,Linear interpolation,,,Small-scale Lithium-ion,,Construction + Manufacturing; Rutovitz 2025 total manufacturing factor used without local-share scaling,2030,2055,2.05192571153,Linear interpolation to 2050; held constant after 2050
Battery storage (distributed),2055,Manufacturing,Direct,job-yr/MW,0.1339151517,0.1339151517,Rutovitz 2025,Rutovitz 2025,,15.0,2024.0,0.2,2024.0,Colombian Technology Catalogue,14.b. Small-scale Lithium-ion,direct,,Linear interpolation,,,Small-scale Lithium-ion,,CAPEX 2050/2030=0.7149207670900813,2030,2055,0.1339151517,Linear interpolation to 2050; held constant after 2050
Battery storage (distributed),2055,O&M,Direct,job/MW,0.133001235055,0.133001235055,Rutovitz 2025,Rutovitz 2025,,15.0,2024.0,0.2,2024.0,Colombian Technology Catalogue,14.b. Small-scale Lithium-ion,direct,,Linear interpolation,,,Small-scale Lithium-ion,,OPEX 2050/2030=0.8009507801593531,2030,2055,0.133001235055,Linear interpolation to 2050; held constant after 2050
Battery storage (grid),2024,Construction,Direct,job-yr/MW,0.53,0.53,Rutovitz 2025,Rutovitz 2025,,15.0,2024.0,0.2,2024.0,Colombian Technology Catalogue,14.a. Utility-scale Lithium-ion,direct,,Original,,,,,,2024,2024,0.53,Known datapoint
Battery storage (grid),2024,Construction&Manufacturing,Direct,job-yr/MW,0.84,0.84,Rutovitz 2025,Rutovitz 2025,,15.0,2024.0,0.2,2024.0,Colombian Technology Catalogue,14.a. Utility-scale Lithium-ion,direct,,Derived Construction&Manufacturing,,,,,Construction + Manufacturing; Rutovitz 2025 total manufacturing factor used without local-share scaling,2024,2024,0.84,Known datapoint
Battery storage (grid),2024,Manufacturing,Direct,job-yr/MW,0.31,0.31,Rutovitz 2025,Rutovitz 2025,,15.0,2024.0,0.2,2024.0,Colombian Technology Catalogue,14.a. Utility-scale Lithium-ion,direct,,Original,,,,,,2024,2024,0.31,Known datapoint
Battery storage (grid),2024,O&M,Direct,job/MW,0.03,0.03,Rutovitz 2025,Rutovitz 2025,,15.0,2024.0,0.2,2024.0,Colombian Technology Catalogue,14.a. Utility-scale Lithium-ion,direct,,Original,,,,,,2024,2024,0.03,Known datapoint
Battery storage (grid),2025,Construction,Direct,job-yr/MW,0.495041278584,0.495041278584,Rutovitz 2025,Rutovitz 2025,,15.0,2024.0,0.2,2024.0,Colombian Technology Catalogue,14.a. Utility-scale Lithium-ion,direct,,Linear interpolation,,,Utility-scale Lithium-ion,,CAPEX 2050/2030=0.7149207670900813,2030,2025,0.495041278584,Linear interpolation between known datapoints
Battery storage (grid),2025,Construction&Manufacturing,Direct,job-yr/MW,0.784593724548,0.784593724548,Rutovitz 2025,Rutovitz 2025,,15.0,2024.0,0.2,2024.0,Colombian Technology Catalogue,14.a. Utility-scale Lithium-ion,direct,,Linear interpolation,,,Utility-scale Lithium-ion,,Construction + Manufacturing; Rutovitz 2025 total manufacturing factor used without local-share scaling,2030,2025,0.784593724548,Linear interpolation between known datapoints
Battery storage (grid),2025,Manufacturing,Direct,job-yr/MW,0.289552445964,0.289552445964,Rutovitz 2025,Rutovitz 2025,,15.0,2024.0,0.2,2024.0,Colombian Technology Catalogue,14.a. Utility-scale Lithium-ion,direct,,Linear interpolation,,,Utility-scale Lithium-ion,,CAPEX 2050/2030=0.7149207670900813,2030,2025,0.289552445964,Linear interpolation between known datapoints
Battery storage (grid),2025,O&M,Direct,job/MW,0.0286098737506,0.0286098737506,Rutovitz 2025,Rutovitz 2025,,15.0,2024.0,0.2,2024.0,Colombian Technology Catalogue,14.a. Utility-scale Lithium-ion,direct,,Linear interpolation,,,Utility-scale Lithium-ion,,OPEX 2050/2030=0.8009507801593532,2030,2025,0.0286098737506,Linear interpolation between known datapoints
Battery storage (grid),2026,Construction,Direct,job-yr/MW,0.460082557168,0.460082557168,Rutovitz 2025,Rutovitz 2025,,15.0,2024.0,0.2,2024.0,Colombian Technology Catalogue,14.a. Utility-scale Lithium-ion,direct,,Linear interpolation,,,Utility-scale Lithium-ion,,CAPEX 2050/2030=0.7149207670900813,2030,2026,0.460082557168,Linear interpolation between known datapoints
Battery storage (grid),2026,Construction&Manufacturing,Direct,job-yr/MW,0.729187449096,0.729187449096,Rutovitz 2025,Rutovitz 2025,,15.0,2024.0,0.2,2024.0,Colombian Technology Catalogue,14.a. Utility-scale Lithium-ion,direct,,Linear interpolation,,,Utility-scale Lithium-ion,,Construction + Manufacturing; Rutovitz 2025 total manufacturing factor used without local-share scaling,2030,2026,0.729187449096,Linear interpolation between known datapoints
Battery storage (grid),2026,Manufacturing,Direct,job-yr/MW,0.269104891928,0.269104891928,Rutovitz 2025,Rutovitz 2025,,15.0,2024.0,0.2,2024.0,Colombian Technology Catalogue,14.a. Utility-scale Lithium-ion,direct,,Linear interpolation,,,Utility-scale Lithium-ion,,CAPEX 2050/2030=0.7149207670900813,2030,2026,0.269104891928,Linear interpolation between known datapoints
Battery storage (grid),2026,O&M,Direct,job/MW,0.0272197475013,0.0272197475013,Rutovitz 2025,Rutovitz 2025,,15.0,2024.0,0.2,2024.0,Colombian Technology Catalogue,14.a. Utility-scale Lithium-ion,direct,,Linear interpolation,,,Utility-scale Lithium-ion,,OPEX 2050/2030=0.8009507801593532,2030,2026,0.0272197475013,Linear interpolation between known datapoints
Battery storage (grid),2027,Construction,Direct,job-yr/MW,0.425123835752,0.425123835752,Rutovitz 2025,Rutovitz 2025,,15.0,2024.0,0.2,2024.0,Colombian Technology Catalogue,14.a. Utility-scale Lithium-ion,direct,,Linear interpolation,,,Utility-scale Lithium-ion,,CAPEX 2050/2030=0.7149207670900813,2030,2027,0.425123835752,Linear interpolation between known datapoints
Battery storage (grid),2027,Construction&Manufacturing,Direct,job-yr/MW,0.673781173645,0.673781173645,Rutovitz 2025,Rutovitz 2025,,15.0,2024.0,0.2,2024.0,Colombian Technology Catalogue,14.a. Utility-scale Lithium-ion,direct,,Linear interpolation,,,Utility-scale Lithium-ion,,Construction + Manufacturing; Rutovitz 2025 total manufacturing factor used without local-share scaling,2030,2027,0.673781173645,Linear interpolation between known datapoints
Battery storage (grid),2027,Manufacturing,Direct,job-yr/MW,0.248657337893,0.248657337893,Rutovitz 2025,Rutovitz 2025,,15.0,2024.0,0.2,2024.0,Colombian Technology Catalogue,14.a. Utility-scale Lithium-ion,direct,,Linear interpolation,,,Utility-scale Lithium-ion,,CAPEX 2050/2030=0.7149207670900813,2030,2027,0.248657337893,Linear interpolation between known datapoints
Battery storage (grid),2027,O&M,Direct,job/MW,0.0258296212519,0.0258296212519,Rutovitz 2025,Rutovitz 2025,,15.0,2024.0,0.2,2024.0,Colombian Technology Catalogue,14.a. Utility-scale Lithium-ion,direct,,Linear interpolation,,,Utility-scale Lithium-ion,,OPEX 2050/2030=0.8009507801593532,2030,2027,0.0258296212519,Linear interpolation between known datapoints
Battery storage (grid),2028,Construction,Direct,job-yr/MW,0.390165114336,0.390165114336,Rutovitz 2025,Rutovitz 2025,,15.0,2024.0,0.2,2024.0,Colombian Technology Catalogue,14.a. Utility-scale Lithium-ion,direct,,Linear interpolation,,,Utility-scale Lithium-ion,,CAPEX 2050/2030=0.7149207670900813,2030,2028,0.390165114336,Linear interpolation between known datapoints
Battery storage (grid),2028,Construction&Manufacturing,Direct,job-yr/MW,0.618374898193,0.618374898193,Rutovitz 2025,Rutovitz 2025,,15.0,2024.0,0.2,2024.0,Colombian Technology Catalogue,14.a. Utility-scale Lithium-ion,direct,,Linear interpolation,,,Utility-scale Lithium-ion,,Construction + Manufacturing; Rutovitz 2025 total manufacturing factor used without local-share scaling,2030,2028,0.618374898193,Linear interpolation between known datapoints
Battery storage (grid),2028,Manufacturing,Direct,job-yr/MW,0.228209783857,0.228209783857,Rutovitz 2025,Rutovitz 2025,,15.0,2024.0,0.2,2024.0,Colombian Technology Catalogue,14.a. Utility-scale Lithium-ion,direct,,Linear interpolation,,,Utility-scale Lithium-ion,,CAPEX 2050/2030=0.7149207670900813,2030,2028,0.228209783857,Linear interpolation between known datapoints
Battery storage (grid),2028,O&M,Direct,job/MW,0.0244394950026,0.0244394950026,Rutovitz 2025,Rutovitz 2025,,15.0,2024.0,0.2,2024.0,Colombian Technology Catalogue,14.a. Utility-scale Lithium-ion,direct,,Linear interpolation,,,Utility-scale Lithium-ion,,OPEX 2050/2030=0.8009507801593532,2030,2028,0.0244394950026,Linear interpolation between known datapoints
Battery storage (grid),2029,Construction,Direct,job-yr/MW,0.35520639292,0.35520639292,Rutovitz 2025,Rutovitz 2025,,15.0,2024.0,0.2,2024.0,Colombian Technology Catalogue,14.a. Utility-scale Lithium-ion,direct,,Linear interpolation,,,Utility-scale Lithium-ion,,CAPEX 2050/2030=0.7149207670900813,2030,2029,0.35520639292,Linear interpolation between known datapoints
Battery storage (grid),2029,Construction&Manufacturing,Direct,job-yr/MW,0.562968622741,0.562968622741,Rutovitz 2025,Rutovitz 2025,,15.0,2024.0,0.2,2024.0,Colombian Technology Catalogue,14.a. Utility-scale Lithium-ion,direct,,Linear interpolation,,,Utility-scale Lithium-ion,,Construction + Manufacturing; Rutovitz 2025 total manufacturing factor used without local-share scaling,2030,2029,0.562968622741,Linear interpolation between known datapoints
Battery storage (grid),2029,Manufacturing,Direct,job-yr/MW,0.207762229821,0.207762229821,Rutovitz 2025,Rutovitz 2025,,15.0,2024.0,0.2,2024.0,Colombian Technology Catalogue,14.a. Utility-scale Lithium-ion,direct,,Linear interpolation,,,Utility-scale Lithium-ion,,CAPEX 2050/2030=0.7149207670900813,2030,2029,0.207762229821,Linear interpolation between known datapoints
Battery storage (grid),2029,O&M,Direct,job/MW,0.0230493687532,0.0230493687532,Rutovitz 2025,Rutovitz 2025,,15.0,2024.0,0.2,2024.0,Colombian Technology Catalogue,14.a. Utility-scale Lithium-ion,direct,,Linear interpolation,,,Utility-scale Lithium-ion,,OPEX 2050/2030=0.8009507801593532,2030,2029,0.0230493687532,Linear interpolation between known datapoints
Battery storage (grid),2030,Construction,Direct,job-yr/MW,0.320247671504,0.320247671504,Rutovitz 2025,Rutovitz 2025,,15.0,2024.0,0.2,2024.0,Colombian Technology Catalogue,14.a. Utility-scale Lithium-ion,direct,,CAPEX/OPEX ratio projection,,,Utility-scale Lithium-ion,,CAPEX 2030/2024=0.6042408896299716,2024,2030,0.320247671504,Known datapoint
Battery storage (grid),2030,Construction&Manufacturing,Direct,job-yr/MW,0.507562347289,0.507562347289,Rutovitz 2025,Rutovitz 2025,,15.0,2024.0,0.2,2024.0,Colombian Technology Catalogue,14.a. Utility-scale Lithium-ion,direct,,Derived Construction&Manufacturing,,,Utility-scale Lithium-ion,,Construction + Manufacturing; Rutovitz 2025 total manufacturing factor used without local-share scaling,2024,2030,0.507562347289,Known datapoint
Battery storage (grid),2030,Manufacturing,Direct,job-yr/MW,0.187314675785,0.187314675785,Rutovitz 2025,Rutovitz 2025,,15.0,2024.0,0.2,2024.0,Colombian Technology Catalogue,14.a. Utility-scale Lithium-ion,direct,,CAPEX/OPEX ratio projection,,,Utility-scale Lithium-ion,,CAPEX 2030/2024=0.6042408896299716,2024,2030,0.187314675785,Known datapoint
Battery storage (grid),2030,O&M,Direct,job/MW,0.0216592425039,0.0216592425039,Rutovitz 2025,Rutovitz 2025,,15.0,2024.0,0.2,2024.0,Colombian Technology Catalogue,14.a. Utility-scale Lithium-ion,direct,,CAPEX/OPEX ratio projection,,,Utility-scale Lithium-ion,,OPEX 2030/2024=0.7219747501285814,2024,2030,0.0216592425039,Known datapoint
Battery storage (grid),2031,Construction,Direct,job-yr/MW,0.315682873477,0.315682873477,Rutovitz 2025,Rutovitz 2025,,15.0,2024.0,0.2,2024.0,Colombian Technology Catalogue,14.a. Utility-scale Lithium-ion,direct,,Linear interpolation,,,Utility-scale Lithium-ion,,CAPEX 2050/2030=0.7149207670900813,2030,2031,0.315682873477,Linear interpolation between known datapoints
Battery storage (grid),2031,Construction&Manufacturing,Direct,job-yr/MW,0.500327573058,0.500327573058,Rutovitz 2025,Rutovitz 2025,,15.0,2024.0,0.2,2024.0,Colombian Technology Catalogue,14.a. Utility-scale Lithium-ion,direct,,Linear interpolation,,,Utility-scale Lithium-ion,,Construction + Manufacturing; Rutovitz 2025 total manufacturing factor used without local-share scaling,2030,2031,0.500327573058,Linear interpolation between known datapoints
Battery storage (grid),2031,Manufacturing,Direct,job-yr/MW,0.184644699581,0.184644699581,Rutovitz 2025,Rutovitz 2025,,15.0,2024.0,0.2,2024.0,Colombian Technology Catalogue,14.a. Utility-scale Lithium-ion,direct,,Linear interpolation,,,Utility-scale Lithium-ion,,CAPEX 2050/2030=0.7149207670900813,2030,2031,0.184644699581,Linear interpolation between known datapoints
Battery storage (grid),2031,O&M,Direct,job/MW,0.0214436797377,0.0214436797377,Rutovitz 2025,Rutovitz 2025,,15.0,2024.0,0.2,2024.0,Colombian Technology Catalogue,14.a. Utility-scale Lithium-ion,direct,,Linear interpolation,,,Utility-scale Lithium-ion,,OPEX 2050/2030=0.8009507801593532,2030,2031,0.0214436797377,Linear interpolation between known datapoints
Battery storage (grid),2032,Construction,Direct,job-yr/MW,0.311118075451,0.311118075451,Rutovitz 2025,Rutovitz 2025,,15.0,2024.0,0.2,2024.0,Colombian Technology Catalogue,14.a. Utility-scale Lithium-ion,direct,,Linear interpolation,,,Utility-scale Lithium-ion,,CAPEX 2050/2030=0.7149207670900813,2030,2032,0.311118075451,Linear interpolation between known datapoints
Battery storage (grid),2032,Construction&Manufacturing,Direct,job-yr/MW,0.493092798827,0.493092798827,Rutovitz 2025,Rutovitz 2025,,15.0,2024.0,0.2,2024.0,Colombian Technology Catalogue,14.a. Utility-scale Lithium-ion,direct,,Linear interpolation,,,Utility-scale Lithium-ion,,Construction + Manufacturing; Rutovitz 2025 total manufacturing factor used without local-share scaling,2030,2032,0.493092798827,Linear interpolation between known datapoints
Battery storage (grid),2032,Manufacturing,Direct,job-yr/MW,0.181974723377,0.181974723377,Rutovitz 2025,Rutovitz 2025,,15.0,2024.0,0.2,2024.0,Colombian Technology Catalogue,14.a. Utility-scale Lithium-ion,direct,,Linear interpolation,,,Utility-scale Lithium-ion,,CAPEX 2050/2030=0.7149207670900813,2030,2032,0.181974723377,Linear interpolation between known datapoints
Battery storage (grid),2032,O&M,Direct,job/MW,0.0212281169716,0.0212281169716,Rutovitz 2025,Rutovitz 2025,,15.0,2024.0,0.2,2024.0,Colombian Technology Catalogue,14.a. Utility-scale Lithium-ion,direct,,Linear interpolation,,,Utility-scale Lithium-ion,,OPEX 2050/2030=0.8009507801593532,2030,2032,0.0212281169716,Linear interpolation between known datapoints
Battery storage (grid),2033,Construction,Direct,job-yr/MW,0.306553277424,0.306553277424,Rutovitz 2025,Rutovitz 2025,,15.0,2024.0,0.2,2024.0,Colombian Technology Catalogue,14.a. Utility-scale Lithium-ion,direct,,Linear interpolation,,,Utility-scale Lithium-ion,,CAPEX 2050/2030=0.7149207670900813,2030,2033,0.306553277424,Linear interpolation between known datapoints
Battery storage (grid),2033,Construction&Manufacturing,Direct,job-yr/MW,0.485858024596,0.485858024596,Rutovitz 2025,Rutovitz 2025,,15.0,2024.0,0.2,2024.0,Colombian Technology Catalogue,14.a. Utility-scale Lithium-ion,direct,,Linear interpolation,,,Utility-scale Lithium-ion,,Construction + Manufacturing; Rutovitz 2025 total manufacturing factor used without local-share scaling,2030,2033,0.485858024596,Linear interpolation between known datapoints
Battery storage (grid),2033,Manufacturing,Direct,job-yr/MW,0.179304747172,0.179304747172,Rutovitz 2025,Rutovitz 2025,,15.0,2024.0,0.2,2024.0,Colombian Technology Catalogue,14.a. Utility-scale Lithium-ion,direct,,Linear interpolation,,,Utility-scale Lithium-ion,,CAPEX 2050/2030=0.7149207670900813,2030,2033,0.179304747172,Linear interpolation between known datapoints
Battery storage (grid),2033,O&M,Direct,job/MW,0.0210125542054,0.0210125542054,Rutovitz 2025,Rutovitz 2025,,15.0,2024.0,0.2,2024.0,Colombian Technology Catalogue,14.a. Utility-scale Lithium-ion,direct,,Linear interpolation,,,Utility-scale Lithium-ion,,OPEX 2050/2030=0.8009507801593532,2030,2033,0.0210125542054,Linear interpolation between known datapoints
Battery storage (grid),2034,Construction,Direct,job-yr/MW,0.301988479397,0.301988479397,Rutovitz 2025,Rutovitz 2025,,15.0,2024.0,0.2,2024.0,Colombian Technology Catalogue,14.a. Utility-scale Lithium-ion,direct,,Linear interpolation,,,Utility-scale Lithium-ion,,CAPEX 2050/2030=0.7149207670900813,2030,2034,0.301988479397,Linear interpolation between known datapoints
Battery storage (grid),2034,Construction&Manufacturing,Direct,job-yr/MW,0.478623250365,0.478623250365,Rutovitz 2025,Rutovitz 2025,,15.0,2024.0,0.2,2024.0,Colombian Technology Catalogue,14.a. Utility-scale Lithium-ion,direct,,Linear interpolation,,,Utility-scale Lithium-ion,,Construction + Manufacturing; Rutovitz 2025 total manufacturing factor used without local-share scaling,2030,2034,0.478623250365,Linear interpolation between known datapoints
Battery storage (grid),2034,Manufacturing,Direct,job-yr/MW,0.176634770968,0.176634770968,Rutovitz 2025,Rutovitz 2025,,15.0,2024.0,0.2,2024.0,Colombian Technology Catalogue,14.a. Utility-scale Lithium-ion,direct,,Linear interpolation,,,Utility-scale Lithium-ion,,CAPEX 2050/2030=0.7149207670900813,2030,2034,0.176634770968,Linear interpolation between known datapoints
Battery storage (grid),2034,O&M,Direct,job/MW,0.0207969914393,0.0207969914393,Rutovitz 2025,Rutovitz 2025,,15.0,2024.0,0.2,2024.0,Colombian Technology Catalogue,14.a. Utility-scale Lithium-ion,direct,,Linear interpolation,,,Utility-scale Lithium-ion,,OPEX 2050/2030=0.8009507801593532,2030,2034,0.0207969914393,Linear interpolation between known datapoints
Battery storage (grid),2035,Construction,Direct,job-yr/MW,0.297423681371,0.297423681371,Rutovitz 2025,Rutovitz 2025,,15.0,2024.0,0.2,2024.0,Colombian Technology Catalogue,14.a. Utility-scale Lithium-ion,direct,,Linear interpolation,,,Utility-scale Lithium-ion,,CAPEX 2050/2030=0.7149207670900813,2030,2035,0.297423681371,Linear interpolation between known datapoints
Battery storage (grid),2035,Construction&Manufacturing,Direct,job-yr/MW,0.471388476134,0.471388476134,Rutovitz 2025,Rutovitz 2025,,15.0,2024.0,0.2,2024.0,Colombian Technology Catalogue,14.a. Utility-scale Lithium-ion,direct,,Linear interpolation,,,Utility-scale Lithium-ion,,Construction + Manufacturing; Rutovitz 2025 total manufacturing factor used without local-share scaling,2030,2035,0.471388476134,Linear interpolation between known datapoints
Battery storage (grid),2035,Manufacturing,Direct,job-yr/MW,0.173964794764,0.173964794764,Rutovitz 2025,Rutovitz 2025,,15.0,2024.0,0.2,2024.0,Colombian Technology Catalogue,14.a. Utility-scale Lithium-ion,direct,,Linear interpolation,,,Utility-scale Lithium-ion,,CAPEX 2050/2030=0.7149207670900813,2030,2035,0.173964794764,Linear interpolation between known datapoints
Battery storage (grid),2035,O&M,Direct,job/MW,0.0205814286732,0.0205814286732,Rutovitz 2025,Rutovitz 2025,,15.0,2024.0,0.2,2024.0,Colombian Technology Catalogue,14.a. Utility-scale Lithium-ion,direct,,Linear interpolation,,,Utility-scale Lithium-ion,,OPEX 2050/2030=0.8009507801593532,2030,2035,0.0205814286732,Linear interpolation between known datapoints
Battery storage (grid),2036,Construction,Direct,job-yr/MW,0.292858883344,0.292858883344,Rutovitz 2025,Rutovitz 2025,,15.0,2024.0,0.2,2024.0,Colombian Technology Catalogue,14.a. Utility-scale Lithium-ion,direct,,Linear interpolation,,,Utility-scale Lithium-ion,,CAPEX 2050/2030=0.7149207670900813,2030,2036,0.292858883344,Linear interpolation between known datapoints
Battery storage (grid),2036,Construction&Manufacturing,Direct,job-yr/MW,0.464153701903,0.464153701903,Rutovitz 2025,Rutovitz 2025,,15.0,2024.0,0.2,2024.0,Colombian Technology Catalogue,14.a. Utility-scale Lithium-ion,direct,,Linear interpolation,,,Utility-scale Lithium-ion,,Construction + Manufacturing; Rutovitz 2025 total manufacturing factor used without local-share scaling,2030,2036,0.464153701903,Linear interpolation between known datapoints
Battery storage (grid),2036,Manufacturing,Direct,job-yr/MW,0.17129481856,0.17129481856,Rutovitz 2025,Rutovitz 2025,,15.0,2024.0,0.2,2024.0,Colombian Technology Catalogue,14.a. Utility-scale Lithium-ion,direct,,Linear interpolation,,,Utility-scale Lithium-ion,,CAPEX 2050/2030=0.7149207670900813,2030,2036,0.17129481856,Linear interpolation between known datapoints
Battery storage (grid),2036,O&M,Direct,job/MW,0.020365865907,0.020365865907,Rutovitz 2025,Rutovitz 2025,,15.0,2024.0,0.2,2024.0,Colombian Technology Catalogue,14.a. Utility-scale Lithium-ion,direct,,Linear interpolation,,,Utility-scale Lithium-ion,,OPEX 2050/2030=0.8009507801593532,2030,2036,0.020365865907,Linear interpolation between known datapoints
Battery storage (grid),2037,Construction,Direct,job-yr/MW,0.288294085317,0.288294085317,Rutovitz 2025,Rutovitz 2025,,15.0,2024.0,0.2,2024.0,Colombian Technology Catalogue,14.a. Utility-scale Lithium-ion,direct,,Linear interpolation,,,Utility-scale Lithium-ion,,CAPEX 2050/2030=0.7149207670900813,2030,2037,0.288294085317,Linear interpolation between known datapoints
Battery storage (grid),2037,Construction&Manufacturing,Direct,job-yr/MW,0.456918927672,0.456918927672,Rutovitz 2025,Rutovitz 2025,,15.0,2024.0,0.2,2024.0,Colombian Technology Catalogue,14.a. Utility-scale Lithium-ion,direct,,Linear interpolation,,,Utility-scale Lithium-ion,,Construction + Manufacturing; Rutovitz 2025 total manufacturing factor used without local-share scaling,2030,2037,0.456918927672,Linear interpolation between known datapoints
Battery storage (grid),2037,Manufacturing,Direct,job-yr/MW,0.168624842355,0.168624842355,Rutovitz 2025,Rutovitz 2025,,15.0,2024.0,0.2,2024.0,Colombian Technology Catalogue,14.a. Utility-scale Lithium-ion,direct,,Linear interpolation,,,Utility-scale Lithium-ion,,CAPEX 2050/2030=0.7149207670900813,2030,2037,0.168624842355,Linear interpolation between known datapoints
Battery storage (grid),2037,O&M,Direct,job/MW,0.0201503031409,0.0201503031409,Rutovitz 2025,Rutovitz 2025,,15.0,2024.0,0.2,2024.0,Colombian Technology Catalogue,14.a. Utility-scale Lithium-ion,direct,,Linear interpolation,,,Utility-scale Lithium-ion,,OPEX 2050/2030=0.8009507801593532,2030,2037,0.0201503031409,Linear interpolation between known datapoints
Battery storage (grid),2038,Construction,Direct,job-yr/MW,0.28372928729,0.28372928729,Rutovitz 2025,Rutovitz 2025,,15.0,2024.0,0.2,2024.0,Colombian Technology Catalogue,14.a. Utility-scale Lithium-ion,direct,,Linear interpolation,,,Utility-scale Lithium-ion,,CAPEX 2050/2030=0.7149207670900813,2030,2038,0.28372928729,Linear interpolation between known datapoints
Battery storage (grid),2038,Construction&Manufacturing,Direct,job-yr/MW,0.449684153442,0.449684153442,Rutovitz 2025,Rutovitz 2025,,15.0,2024.0,0.2,2024.0,Colombian Technology Catalogue,14.a. Utility-scale Lithium-ion,direct,,Linear interpolation,,,Utility-scale Lithium-ion,,Construction + Manufacturing; Rutovitz 2025 total manufacturing factor used without local-share scaling,2030,2038,0.449684153442,Linear interpolation between known datapoints
Battery storage (grid),2038,Manufacturing,Direct,job-yr/MW,0.165954866151,0.165954866151,Rutovitz 2025,Rutovitz 2025,,15.0,2024.0,0.2,2024.0,Colombian Technology Catalogue,14.a. Utility-scale Lithium-ion,direct,,Linear interpolation,,,Utility-scale Lithium-ion,,CAPEX 2050/2030=0.7149207670900813,2030,2038,0.165954866151,Linear interpolation between known datapoints
Battery storage (grid),2038,O&M,Direct,job/MW,0.0199347403748,0.0199347403748,Rutovitz 2025,Rutovitz 2025,,15.0,2024.0,0.2,2024.0,Colombian Technology Catalogue,14.a. Utility-scale Lithium-ion,direct,,Linear interpolation,,,Utility-scale Lithium-ion,,OPEX 2050/2030=0.8009507801593532,2030,2038,0.0199347403748,Linear interpolation between known datapoints
Battery storage (grid),2039,Construction,Direct,job-yr/MW,0.279164489264,0.279164489264,Rutovitz 2025,Rutovitz 2025,,15.0,2024.0,0.2,2024.0,Colombian Technology Catalogue,14.a. Utility-scale Lithium-ion,direct,,Linear interpolation,,,Utility-scale Lithium-ion,,CAPEX 2050/2030=0.7149207670900813,2030,2039,0.279164489264,Linear interpolation between known datapoints
Battery storage (grid),2039,Construction&Manufacturing,Direct,job-yr/MW,0.442449379211,0.442449379211,Rutovitz 2025,Rutovitz 2025,,15.0,2024.0,0.2,2024.0,Colombian Technology Catalogue,14.a. Utility-scale Lithium-ion,direct,,Linear interpolation,,,Utility-scale Lithium-ion,,Construction + Manufacturing; Rutovitz 2025 total manufacturing factor used without local-share scaling,2030,2039,0.442449379211,Linear interpolation between known datapoints
Battery storage (grid),2039,Manufacturing,Direct,job-yr/MW,0.163284889947,0.163284889947,Rutovitz 2025,Rutovitz 2025,,15.0,2024.0,0.2,2024.0,Colombian Technology Catalogue,14.a. Utility-scale Lithium-ion,direct,,Linear interpolation,,,Utility-scale Lithium-ion,,CAPEX 2050/2030=0.7149207670900813,2030,2039,0.163284889947,Linear interpolation between known datapoints
Battery storage (grid),2039,O&M,Direct,job/MW,0.0197191776086,0.0197191776086,Rutovitz 2025,Rutovitz 2025,,15.0,2024.0,0.2,2024.0,Colombian Technology Catalogue,14.a. Utility-scale Lithium-ion,direct,,Linear interpolation,,,Utility-scale Lithium-ion,,OPEX 2050/2030=0.8009507801593532,2030,2039,0.0197191776086,Linear interpolation between known datapoints
Battery storage (grid),2040,Construction,Direct,job-yr/MW,0.274599691237,0.274599691237,Rutovitz 2025,Rutovitz 2025,,15.0,2024.0,0.2,2024.0,Colombian Technology Catalogue,14.a. Utility-scale Lithium-ion,direct,,Linear interpolation,,,Utility-scale Lithium-ion,,CAPEX 2050/2030=0.7149207670900813,2030,2040,0.274599691237,Linear interpolation between known datapoints
Battery storage (grid),2040,Construction&Manufacturing,Direct,job-yr/MW,0.43521460498,0.43521460498,Rutovitz 2025,Rutovitz 2025,,15.0,2024.0,0.2,2024.0,Colombian Technology Catalogue,14.a. Utility-scale Lithium-ion,direct,,Linear interpolation,,,Utility-scale Lithium-ion,,Construction + Manufacturing; Rutovitz 2025 total manufacturing factor used without local-share scaling,2030,2040,0.43521460498,Linear interpolation between known datapoints
Battery storage (grid),2040,Manufacturing,Direct,job-yr/MW,0.160614913742,0.160614913742,Rutovitz 2025,Rutovitz 2025,,15.0,2024.0,0.2,2024.0,Colombian Technology Catalogue,14.a. Utility-scale Lithium-ion,direct,,Linear interpolation,,,Utility-scale Lithium-ion,,CAPEX 2050/2030=0.7149207670900813,2030,2040,0.160614913742,Linear interpolation between known datapoints
Battery storage (grid),2040,O&M,Direct,job/MW,0.0195036148425,0.0195036148425,Rutovitz 2025,Rutovitz 2025,,15.0,2024.0,0.2,2024.0,Colombian Technology Catalogue,14.a. Utility-scale Lithium-ion,direct,,Linear interpolation,,,Utility-scale Lithium-ion,,OPEX 2050/2030=0.8009507801593532,2030,2040,0.0195036148425,Linear interpolation between known datapoints
Battery storage (grid),2041,Construction,Direct,job-yr/MW,0.27003489321,0.27003489321,Rutovitz 2025,Rutovitz 2025,,15.0,2024.0,0.2,2024.0,Colombian Technology Catalogue,14.a. Utility-scale Lithium-ion,direct,,Linear interpolation,,,Utility-scale Lithium-ion,,CAPEX 2050/2030=0.7149207670900813,2030,2041,0.27003489321,Linear interpolation between known datapoints
Battery storage (grid),2041,Construction&Manufacturing,Direct,job-yr/MW,0.427979830749,0.427979830749,Rutovitz 2025,Rutovitz 2025,,15.0,2024.0,0.2,2024.0,Colombian Technology Catalogue,14.a. Utility-scale Lithium-ion,direct,,Linear interpolation,,,Utility-scale Lithium-ion,,Construction + Manufacturing; Rutovitz 2025 total manufacturing factor used without local-share scaling,2030,2041,0.427979830749,Linear interpolation between known datapoints
Battery storage (grid),2041,Manufacturing,Direct,job-yr/MW,0.157944937538,0.157944937538,Rutovitz 2025,Rutovitz 2025,,15.0,2024.0,0.2,2024.0,Colombian Technology Catalogue,14.a. Utility-scale Lithium-ion,direct,,Linear interpolation,,,Utility-scale Lithium-ion,,CAPEX 2050/2030=0.7149207670900813,2030,2041,0.157944937538,Linear interpolation between known datapoints
Battery storage (grid),2041,O&M,Direct,job/MW,0.0192880520764,0.0192880520764,Rutovitz 2025,Rutovitz 2025,,15.0,2024.0,0.2,2024.0,Colombian Technology Catalogue,14.a. Utility-scale Lithium-ion,direct,,Linear interpolation,,,Utility-scale Lithium-ion,,OPEX 2050/2030=0.8009507801593532,2030,2041,0.0192880520764,Linear interpolation between known datapoints
Battery storage (grid),2042,Construction,Direct,job-yr/MW,0.265470095184,0.265470095184,Rutovitz 2025,Rutovitz 2025,,15.0,2024.0,0.2,2024.0,Colombian Technology Catalogue,14.a. Utility-scale Lithium-ion,direct,,Linear interpolation,,,Utility-scale Lithium-ion,,CAPEX 2050/2030=0.7149207670900813,2030,2042,0.265470095184,Linear interpolation between known datapoints
Battery storage (grid),2042,Construction&Manufacturing,Direct,job-yr/MW,0.420745056518,0.420745056518,Rutovitz 2025,Rutovitz 2025,,15.0,2024.0,0.2,2024.0,Colombian Technology Catalogue,14.a. Utility-scale Lithium-ion,direct,,Linear interpolation,,,Utility-scale Lithium-ion,,Construction + Manufacturing; Rutovitz 2025 total manufacturing factor used without local-share scaling,2030,2042,0.420745056518,Linear interpolation between known datapoints
Battery storage (grid),2042,Manufacturing,Direct,job-yr/MW,0.155274961334,0.155274961334,Rutovitz 2025,Rutovitz 2025,,15.0,2024.0,0.2,2024.0,Colombian Technology Catalogue,14.a. Utility-scale Lithium-ion,direct,,Linear interpolation,,,Utility-scale Lithium-ion,,CAPEX 2050/2030=0.7149207670900813,2030,2042,0.155274961334,Linear interpolation between known datapoints
Battery storage (grid),2042,O&M,Direct,job/MW,0.0190724893102,0.0190724893102,Rutovitz 2025,Rutovitz 2025,,15.0,2024.0,0.2,2024.0,Colombian Technology Catalogue,14.a. Utility-scale Lithium-ion,direct,,Linear interpolation,,,Utility-scale Lithium-ion,,OPEX 2050/2030=0.8009507801593532,2030,2042,0.0190724893102,Linear interpolation between known datapoints
Battery storage (grid),2043,Construction,Direct,job-yr/MW,0.260905297157,0.260905297157,Rutovitz 2025,Rutovitz 2025,,15.0,2024.0,0.2,2024.0,Colombian Technology Catalogue,14.a. Utility-scale Lithium-ion,direct,,Linear interpolation,,,Utility-scale Lithium-ion,,CAPEX 2050/2030=0.7149207670900813,2030,2043,0.260905297157,Linear interpolation between known datapoints
Battery storage (grid),2043,Construction&Manufacturing,Direct,job-yr/MW,0.413510282287,0.413510282287,Rutovitz 2025,Rutovitz 2025,,15.0,2024.0,0.2,2024.0,Colombian Technology Catalogue,14.a. Utility-scale Lithium-ion,direct,,Linear interpolation,,,Utility-scale Lithium-ion,,Construction + Manufacturing; Rutovitz 2025 total manufacturing factor used without local-share scaling,2030,2043,0.413510282287,Linear interpolation between known datapoints
Battery storage (grid),2043,Manufacturing,Direct,job-yr/MW,0.15260498513,0.15260498513,Rutovitz 2025,Rutovitz 2025,,15.0,2024.0,0.2,2024.0,Colombian Technology Catalogue,14.a. Utility-scale Lithium-ion,direct,,Linear interpolation,,,Utility-scale Lithium-ion,,CAPEX 2050/2030=0.7149207670900813,2030,2043,0.15260498513,Linear interpolation between known datapoints
Battery storage (grid),2043,O&M,Direct,job/MW,0.0188569265441,0.0188569265441,Rutovitz 2025,Rutovitz 2025,,15.0,2024.0,0.2,2024.0,Colombian Technology Catalogue,14.a. Utility-scale Lithium-ion,direct,,Linear interpolation,,,Utility-scale Lithium-ion,,OPEX 2050/2030=0.8009507801593532,2030,2043,0.0188569265441,Linear interpolation between known datapoints
Battery storage (grid),2044,Construction,Direct,job-yr/MW,0.25634049913,0.25634049913,Rutovitz 2025,Rutovitz 2025,,15.0,2024.0,0.2,2024.0,Colombian Technology Catalogue,14.a. Utility-scale Lithium-ion,direct,,Linear interpolation,,,Utility-scale Lithium-ion,,CAPEX 2050/2030=0.7149207670900813,2030,2044,0.25634049913,Linear interpolation between known datapoints
Battery storage (grid),2044,Construction&Manufacturing,Direct,job-yr/MW,0.406275508056,0.406275508056,Rutovitz 2025,Rutovitz 2025,,15.0,2024.0,0.2,2024.0,Colombian Technology Catalogue,14.a. Utility-scale Lithium-ion,direct,,Linear interpolation,,,Utility-scale Lithium-ion,,Construction + Manufacturing; Rutovitz 2025 total manufacturing factor used without local-share scaling,2030,2044,0.406275508056,Linear interpolation between known datapoints
Battery storage (grid),2044,Manufacturing,Direct,job-yr/MW,0.149935008925,0.149935008925,Rutovitz 2025,Rutovitz 2025,,15.0,2024.0,0.2,2024.0,Colombian Technology Catalogue,14.a. Utility-scale Lithium-ion,direct,,Linear interpolation,,,Utility-scale Lithium-ion,,CAPEX 2050/2030=0.7149207670900813,2030,2044,0.149935008925,Linear interpolation between known datapoints
Battery storage (grid),2044,O&M,Direct,job/MW,0.0186413637779,0.0186413637779,Rutovitz 2025,Rutovitz 2025,,15.0,2024.0,0.2,2024.0,Colombian Technology Catalogue,14.a. Utility-scale Lithium-ion,direct,,Linear interpolation,,,Utility-scale Lithium-ion,,OPEX 2050/2030=0.8009507801593532,2030,2044,0.0186413637779,Linear interpolation between known datapoints
Battery storage (grid),2045,Construction,Direct,job-yr/MW,0.251775701104,0.251775701104,Rutovitz 2025,Rutovitz 2025,,15.0,2024.0,0.2,2024.0,Colombian Technology Catalogue,14.a. Utility-scale Lithium-ion,direct,,Linear interpolation,,,Utility-scale Lithium-ion,,CAPEX 2050/2030=0.7149207670900813,2030,2045,0.251775701104,Linear interpolation between known datapoints
Battery storage (grid),2045,Construction&Manufacturing,Direct,job-yr/MW,0.399040733825,0.399040733825,Rutovitz 2025,Rutovitz 2025,,15.0,2024.0,0.2,2024.0,Colombian Technology Catalogue,14.a. Utility-scale Lithium-ion,direct,,Linear interpolation,,,Utility-scale Lithium-ion,,Construction + Manufacturing; Rutovitz 2025 total manufacturing factor used without local-share scaling,2030,2045,0.399040733825,Linear interpolation between known datapoints
Battery storage (grid),2045,Manufacturing,Direct,job-yr/MW,0.147265032721,0.147265032721,Rutovitz 2025,Rutovitz 2025,,15.0,2024.0,0.2,2024.0,Colombian Technology Catalogue,14.a. Utility-scale Lithium-ion,direct,,Linear interpolation,,,Utility-scale Lithium-ion,,CAPEX 2050/2030=0.7149207670900813,2030,2045,0.147265032721,Linear interpolation between known datapoints
Battery storage (grid),2045,O&M,Direct,job/MW,0.0184258010118,0.0184258010118,Rutovitz 2025,Rutovitz 2025,,15.0,2024.0,0.2,2024.0,Colombian Technology Catalogue,14.a. Utility-scale Lithium-ion,direct,,Linear interpolation,,,Utility-scale Lithium-ion,,OPEX 2050/2030=0.8009507801593532,2030,2045,0.0184258010118,Linear interpolation between known datapoints
Battery storage (grid),2046,Construction,Direct,job-yr/MW,0.247210903077,0.247210903077,Rutovitz 2025,Rutovitz 2025,,15.0,2024.0,0.2,2024.0,Colombian Technology Catalogue,14.a. Utility-scale Lithium-ion,direct,,Linear interpolation,,,Utility-scale Lithium-ion,,CAPEX 2050/2030=0.7149207670900813,2030,2046,0.247210903077,Linear interpolation between known datapoints
Battery storage (grid),2046,Construction&Manufacturing,Direct,job-yr/MW,0.391805959594,0.391805959594,Rutovitz 2025,Rutovitz 2025,,15.0,2024.0,0.2,2024.0,Colombian Technology Catalogue,14.a. Utility-scale Lithium-ion,direct,,Linear interpolation,,,Utility-scale Lithium-ion,,Construction + Manufacturing; Rutovitz 2025 total manufacturing factor used without local-share scaling,2030,2046,0.391805959594,Linear interpolation between known datapoints
Battery storage (grid),2046,Manufacturing,Direct,job-yr/MW,0.144595056517,0.144595056517,Rutovitz 2025,Rutovitz 2025,,15.0,2024.0,0.2,2024.0,Colombian Technology Catalogue,14.a. Utility-scale Lithium-ion,direct,,Linear interpolation,,,Utility-scale Lithium-ion,,CAPEX 2050/2030=0.7149207670900813,2030,2046,0.144595056517,Linear interpolation between known datapoints
Battery storage (grid),2046,O&M,Direct,job/MW,0.0182102382457,0.0182102382457,Rutovitz 2025,Rutovitz 2025,,15.0,2024.0,0.2,2024.0,Colombian Technology Catalogue,14.a. Utility-scale Lithium-ion,direct,,Linear interpolation,,,Utility-scale Lithium-ion,,OPEX 2050/2030=0.8009507801593532,2030,2046,0.0182102382457,Linear interpolation between known datapoints
Battery storage (grid),2047,Construction,Direct,job-yr/MW,0.24264610505,0.24264610505,Rutovitz 2025,Rutovitz 2025,,15.0,2024.0,0.2,2024.0,Colombian Technology Catalogue,14.a. Utility-scale Lithium-ion,direct,,Linear interpolation,,,Utility-scale Lithium-ion,,CAPEX 2050/2030=0.7149207670900813,2030,2047,0.24264610505,Linear interpolation between known datapoints
Battery storage (grid),2047,Construction&Manufacturing,Direct,job-yr/MW,0.384571185363,0.384571185363,Rutovitz 2025,Rutovitz 2025,,15.0,2024.0,0.2,2024.0,Colombian Technology Catalogue,14.a. Utility-scale Lithium-ion,direct,,Linear interpolation,,,Utility-scale Lithium-ion,,Construction + Manufacturing; Rutovitz 2025 total manufacturing factor used without local-share scaling,2030,2047,0.384571185363,Linear interpolation between known datapoints
Battery storage (grid),2047,Manufacturing,Direct,job-yr/MW,0.141925080312,0.141925080312,Rutovitz 2025,Rutovitz 2025,,15.0,2024.0,0.2,2024.0,Colombian Technology Catalogue,14.a. Utility-scale Lithium-ion,direct,,Linear interpolation,,,Utility-scale Lithium-ion,,CAPEX 2050/2030=0.7149207670900813,2030,2047,0.141925080312,Linear interpolation between known datapoints
Battery storage (grid),2047,O&M,Direct,job/MW,0.0179946754795,0.0179946754795,Rutovitz 2025,Rutovitz 2025,,15.0,2024.0,0.2,2024.0,Colombian Technology Catalogue,14.a. Utility-scale Lithium-ion,direct,,Linear interpolation,,,Utility-scale Lithium-ion,,OPEX 2050/2030=0.8009507801593532,2030,2047,0.0179946754795,Linear interpolation between known datapoints
Battery storage (grid),2048,Construction,Direct,job-yr/MW,0.238081307024,0.238081307024,Rutovitz 2025,Rutovitz 2025,,15.0,2024.0,0.2,2024.0,Colombian Technology Catalogue,14.a. Utility-scale Lithium-ion,direct,,Linear interpolation,,,Utility-scale Lithium-ion,,CAPEX 2050/2030=0.7149207670900813,2030,2048,0.238081307024,Linear interpolation between known datapoints
Battery storage (grid),2048,Construction&Manufacturing,Direct,job-yr/MW,0.377336411132,0.377336411132,Rutovitz 2025,Rutovitz 2025,,15.0,2024.0,0.2,2024.0,Colombian Technology Catalogue,14.a. Utility-scale Lithium-ion,direct,,Linear interpolation,,,Utility-scale Lithium-ion,,Construction + Manufacturing; Rutovitz 2025 total manufacturing factor used without local-share scaling,2030,2048,0.377336411132,Linear interpolation between known datapoints
Battery storage (grid),2048,Manufacturing,Direct,job-yr/MW,0.139255104108,0.139255104108,Rutovitz 2025,Rutovitz 2025,,15.0,2024.0,0.2,2024.0,Colombian Technology Catalogue,14.a. Utility-scale Lithium-ion,direct,,Linear interpolation,,,Utility-scale Lithium-ion,,CAPEX 2050/2030=0.7149207670900813,2030,2048,0.139255104108,Linear interpolation between known datapoints
Battery storage (grid),2048,O&M,Direct,job/MW,0.0177791127134,0.0177791127134,Rutovitz 2025,Rutovitz 2025,,15.0,2024.0,0.2,2024.0,Colombian Technology Catalogue,14.a. Utility-scale Lithium-ion,direct,,Linear interpolation,,,Utility-scale Lithium-ion,,OPEX 2050/2030=0.8009507801593532,2030,2048,0.0177791127134,Linear interpolation between known datapoints
Battery storage (grid),2049,Construction,Direct,job-yr/MW,0.233516508997,0.233516508997,Rutovitz 2025,Rutovitz 2025,,15.0,2024.0,0.2,2024.0,Colombian Technology Catalogue,14.a. Utility-scale Lithium-ion,direct,,Linear interpolation,,,Utility-scale Lithium-ion,,CAPEX 2050/2030=0.7149207670900813,2030,2049,0.233516508997,Linear interpolation between known datapoints
Battery storage (grid),2049,Construction&Manufacturing,Direct,job-yr/MW,0.370101636901,0.370101636901,Rutovitz 2025,Rutovitz 2025,,15.0,2024.0,0.2,2024.0,Colombian Technology Catalogue,14.a. Utility-scale Lithium-ion,direct,,Linear interpolation,,,Utility-scale Lithium-ion,,Construction + Manufacturing; Rutovitz 2025 total manufacturing factor used without local-share scaling,2030,2049,0.370101636901,Linear interpolation between known datapoints
Battery storage (grid),2049,Manufacturing,Direct,job-yr/MW,0.136585127904,0.136585127904,Rutovitz 2025,Rutovitz 2025,,15.0,2024.0,0.2,2024.0,Colombian Technology Catalogue,14.a. Utility-scale Lithium-ion,direct,,Linear interpolation,,,Utility-scale Lithium-ion,,CAPEX 2050/2030=0.7149207670900813,2030,2049,0.136585127904,Linear interpolation between known datapoints
Battery storage (grid),2049,O&M,Direct,job/MW,0.0175635499473,0.0175635499473,Rutovitz 2025,Rutovitz 2025,,15.0,2024.0,0.2,2024.0,Colombian Technology Catalogue,14.a. Utility-scale Lithium-ion,direct,,Linear interpolation,,,Utility-scale Lithium-ion,,OPEX 2050/2030=0.8009507801593532,2030,2049,0.0175635499473,Linear interpolation between known datapoints
Battery storage (grid),2050,Construction,Direct,job-yr/MW,0.22895171097,0.22895171097,Rutovitz 2025,Rutovitz 2025,,15.0,2024.0,0.2,2024.0,Colombian Technology Catalogue,14.a. Utility-scale Lithium-ion,direct,,CAPEX/OPEX ratio projection,,,Utility-scale Lithium-ion,,CAPEX 2050/2030=0.7149207670900813,2030,2050,0.22895171097,Known datapoint
Battery storage (grid),2050,Construction&Manufacturing,Direct,job-yr/MW,0.36286686267,0.36286686267,Rutovitz 2025,Rutovitz 2025,,15.0,2024.0,0.2,2024.0,Colombian Technology Catalogue,14.a. Utility-scale Lithium-ion,direct,,Derived Construction&Manufacturing,,,Utility-scale Lithium-ion,,Construction + Manufacturing; Rutovitz 2025 total manufacturing factor used without local-share scaling,2030,2050,0.36286686267,Known datapoint
Battery storage (grid),2050,Manufacturing,Direct,job-yr/MW,0.1339151517,0.1339151517,Rutovitz 2025,Rutovitz 2025,,15.0,2024.0,0.2,2024.0,Colombian Technology Catalogue,14.a. Utility-scale Lithium-ion,direct,,CAPEX/OPEX ratio projection,,,Utility-scale Lithium-ion,,CAPEX 2050/2030=0.7149207670900813,2030,2050,0.1339151517,Known datapoint
Battery storage (grid),2050,O&M,Direct,job/MW,0.0173479871811,0.0173479871811,Rutovitz 2025,Rutovitz 2025,,15.0,2024.0,0.2,2024.0,Colombian Technology Catalogue,14.a. Utility-scale Lithium-ion,direct,,CAPEX/OPEX ratio projection,,,Utility-scale Lithium-ion,,OPEX 2050/2030=0.8009507801593532,2030,2050,0.0173479871811,Known datapoint
Battery storage (grid),2051,Construction,Direct,job-yr/MW,0.22895171097,0.22895171097,Rutovitz 2025,Rutovitz 2025,,15.0,2024.0,0.2,2024.0,Colombian Technology Catalogue,14.a. Utility-scale Lithium-ion,direct,,Linear interpolation,,,Utility-scale Lithium-ion,,CAPEX 2050/2030=0.7149207670900813,2030,2051,0.22895171097,Linear interpolation to 2050; held constant after 2050
Battery storage (grid),2051,Construction&Manufacturing,Direct,job-yr/MW,0.36286686267,0.36286686267,Rutovitz 2025,Rutovitz 2025,,15.0,2024.0,0.2,2024.0,Colombian Technology Catalogue,14.a. Utility-scale Lithium-ion,direct,,Linear interpolation,,,Utility-scale Lithium-ion,,Construction + Manufacturing; Rutovitz 2025 total manufacturing factor used without local-share scaling,2030,2051,0.36286686267,Linear interpolation to 2050; held constant after 2050
Battery storage (grid),2051,Manufacturing,Direct,job-yr/MW,0.1339151517,0.1339151517,Rutovitz 2025,Rutovitz 2025,,15.0,2024.0,0.2,2024.0,Colombian Technology Catalogue,14.a. Utility-scale Lithium-ion,direct,,Linear interpolation,,,Utility-scale Lithium-ion,,CAPEX 2050/2030=0.7149207670900813,2030,2051,0.1339151517,Linear interpolation to 2050; held constant after 2050
Battery storage (grid),2051,O&M,Direct,job/MW,0.0173479871811,0.0173479871811,Rutovitz 2025,Rutovitz 2025,,15.0,2024.0,0.2,2024.0,Colombian Technology Catalogue,14.a. Utility-scale Lithium-ion,direct,,Linear interpolation,,,Utility-scale Lithium-ion,,OPEX 2050/2030=0.8009507801593532,2030,2051,0.0173479871811,Linear interpolation to 2050; held constant after 2050
Battery storage (grid),2052,Construction,Direct,job-yr/MW,0.22895171097,0.22895171097,Rutovitz 2025,Rutovitz 2025,,15.0,2024.0,0.2,2024.0,Colombian Technology Catalogue,14.a. Utility-scale Lithium-ion,direct,,Linear interpolation,,,Utility-scale Lithium-ion,,CAPEX 2050/2030=0.7149207670900813,2030,2052,0.22895171097,Linear interpolation to 2050; held constant after 2050
Battery storage (grid),2052,Construction&Manufacturing,Direct,job-yr/MW,0.36286686267,0.36286686267,Rutovitz 2025,Rutovitz 2025,,15.0,2024.0,0.2,2024.0,Colombian Technology Catalogue,14.a. Utility-scale Lithium-ion,direct,,Linear interpolation,,,Utility-scale Lithium-ion,,Construction + Manufacturing; Rutovitz 2025 total manufacturing factor used without local-share scaling,2030,2052,0.36286686267,Linear interpolation to 2050; held constant after 2050
Battery storage (grid),2052,Manufacturing,Direct,job-yr/MW,0.1339151517,0.1339151517,Rutovitz 2025,Rutovitz 2025,,15.0,2024.0,0.2,2024.0,Colombian Technology Catalogue,14.a. Utility-scale Lithium-ion,direct,,Linear interpolation,,,Utility-scale Lithium-ion,,CAPEX 2050/2030=0.7149207670900813,2030,2052,0.1339151517,Linear interpolation to 2050; held constant after 2050
Battery storage (grid),2052,O&M,Direct,job/MW,0.0173479871811,0.0173479871811,Rutovitz 2025,Rutovitz 2025,,15.0,2024.0,0.2,2024.0,Colombian Technology Catalogue,14.a. Utility-scale Lithium-ion,direct,,Linear interpolation,,,Utility-scale Lithium-ion,,OPEX 2050/2030=0.8009507801593532,2030,2052,0.0173479871811,Linear interpolation to 2050; held constant after 2050
Battery storage (grid),2053,Construction,Direct,job-yr/MW,0.22895171097,0.22895171097,Rutovitz 2025,Rutovitz 2025,,15.0,2024.0,0.2,2024.0,Colombian Technology Catalogue,14.a. Utility-scale Lithium-ion,direct,,Linear interpolation,,,Utility-scale Lithium-ion,,CAPEX 2050/2030=0.7149207670900813,2030,2053,0.22895171097,Linear interpolation to 2050; held constant after 2050
Battery storage (grid),2053,Construction&Manufacturing,Direct,job-yr/MW,0.36286686267,0.36286686267,Rutovitz 2025,Rutovitz 2025,,15.0,2024.0,0.2,2024.0,Colombian Technology Catalogue,14.a. Utility-scale Lithium-ion,direct,,Linear interpolation,,,Utility-scale Lithium-ion,,Construction + Manufacturing; Rutovitz 2025 total manufacturing factor used without local-share scaling,2030,2053,0.36286686267,Linear interpolation to 2050; held constant after 2050
Battery storage (grid),2053,Manufacturing,Direct,job-yr/MW,0.1339151517,0.1339151517,Rutovitz 2025,Rutovitz 2025,,15.0,2024.0,0.2,2024.0,Colombian Technology Catalogue,14.a. Utility-scale Lithium-ion,direct,,Linear interpolation,,,Utility-scale Lithium-ion,,CAPEX 2050/2030=0.7149207670900813,2030,2053,0.1339151517,Linear interpolation to 2050; held constant after 2050
Battery storage (grid),2053,O&M,Direct,job/MW,0.0173479871811,0.0173479871811,Rutovitz 2025,Rutovitz 2025,,15.0,2024.0,0.2,2024.0,Colombian Technology Catalogue,14.a. Utility-scale Lithium-ion,direct,,Linear interpolation,,,Utility-scale Lithium-ion,,OPEX 2050/2030=0.8009507801593532,2030,2053,0.0173479871811,Linear interpolation to 2050; held constant after 2050
Battery storage (grid),2054,Construction,Direct,job-yr/MW,0.22895171097,0.22895171097,Rutovitz 2025,Rutovitz 2025,,15.0,2024.0,0.2,2024.0,Colombian Technology Catalogue,14.a. Utility-scale Lithium-ion,direct,,Linear interpolation,,,Utility-scale Lithium-ion,,CAPEX 2050/2030=0.7149207670900813,2030,2054,0.22895171097,Linear interpolation to 2050; held constant after 2050
Battery storage (grid),2054,Construction&Manufacturing,Direct,job-yr/MW,0.36286686267,0.36286686267,Rutovitz 2025,Rutovitz 2025,,15.0,2024.0,0.2,2024.0,Colombian Technology Catalogue,14.a. Utility-scale Lithium-ion,direct,,Linear interpolation,,,Utility-scale Lithium-ion,,Construction + Manufacturing; Rutovitz 2025 total manufacturing factor used without local-share scaling,2030,2054,0.36286686267,Linear interpolation to 2050; held constant after 2050
Battery storage (grid),2054,Manufacturing,Direct,job-yr/MW,0.1339151517,0.1339151517,Rutovitz 2025,Rutovitz 2025,,15.0,2024.0,0.2,2024.0,Colombian Technology Catalogue,14.a. Utility-scale Lithium-ion,direct,,Linear interpolation,,,Utility-scale Lithium-ion,,CAPEX 2050/2030=0.7149207670900813,2030,2054,0.1339151517,Linear interpolation to 2050; held constant after 2050
Battery storage (grid),2054,O&M,Direct,job/MW,0.0173479871811,0.0173479871811,Rutovitz 2025,Rutovitz 2025,,15.0,2024.0,0.2,2024.0,Colombian Technology Catalogue,14.a. Utility-scale Lithium-ion,direct,,Linear interpolation,,,Utility-scale Lithium-ion,,OPEX 2050/2030=0.8009507801593532,2030,2054,0.0173479871811,Linear interpolation to 2050; held constant after 2050
Battery storage (grid),2055,Construction,Direct,job-yr/MW,0.22895171097,0.22895171097,Rutovitz 2025,Rutovitz 2025,,15.0,2024.0,0.2,2024.0,Colombian Technology Catalogue,14.a. Utility-scale Lithium-ion,direct,,Linear interpolation,,,Utility-scale Lithium-ion,,CAPEX 2050/2030=0.7149207670900813,2030,2055,0.22895171097,Linear interpolation to 2050; held constant after 2050
Battery storage (grid),2055,Construction&Manufacturing,Direct,job-yr/MW,0.36286686267,0.36286686267,Rutovitz 2025,Rutovitz 2025,,15.0,2024.0,0.2,2024.0,Colombian Technology Catalogue,14.a. Utility-scale Lithium-ion,direct,,Linear interpolation,,,Utility-scale Lithium-ion,,Construction + Manufacturing; Rutovitz 2025 total manufacturing factor used without local-share scaling,2030,2055,0.36286686267,Linear interpolation to 2050; held constant after 2050
Battery storage (grid),2055,Manufacturing,Direct,job-yr/MW,0.1339151517,0.1339151517,Rutovitz 2025,Rutovitz 2025,,15.0,2024.0,0.2,2024.0,Colombian Technology Catalogue,14.a. Utility-scale Lithium-ion,direct,,Linear interpolation,,,Utility-scale Lithium-ion,,CAPEX 2050/2030=0.7149207670900813,2030,2055,0.1339151517,Linear interpolation to 2050; held constant after 2050
Battery storage (grid),2055,O&M,Direct,job/MW,0.0173479871811,0.0173479871811,Rutovitz 2025,Rutovitz 2025,,15.0,2024.0,0.2,2024.0,Colombian Technology Catalogue,14.a. Utility-scale Lithium-ion,direct,,Linear interpolation,,,Utility-scale Lithium-ion,,OPEX 2050/2030=0.8009507801593532,2030,2055,0.0173479871811,Linear interpolation to 2050; held constant after 2050
Biomass power,2024,Construction&Manufacturing,Direct,job-yr/MW,22.523,22.523,I-JEDI,I-JEDI,,25.0,2024.0,2.0,2024.0,Colombian Technology Catalogue,7. Biomass power plant,direct,,Original,,,,,,2024,2024,22.523,Known datapoint
Biomass power,2024,Construction&Manufacturing,Indirect,job-yr/MW,12.506,12.506,I-JEDI,I-JEDI,,25.0,2024.0,2.0,2024.0,Colombian Technology Catalogue,7. Biomass power plant,direct,,Original,,,,,,2024,2024,12.506,Known datapoint
Biomass power,2024,Construction&Manufacturing,Induced,job-yr/MW,16.497,16.497,I-JEDI,I-JEDI,,25.0,2024.0,2.0,2024.0,Colombian Technology Catalogue,7. Biomass power plant,direct,,Original,,,,,,2024,2024,16.497,Known datapoint
Biomass power,2024,O&M,Direct,job/MW,2.406,2.406,I-JEDI,I-JEDI,,25.0,2024.0,2.0,2024.0,Colombian Technology Catalogue,7. Biomass power plant,direct,,Original,,,,,,2024,2024,2.406,Known datapoint
Biomass power,2024,O&M,Indirect,job/MW,1.477,1.477,I-JEDI,I-JEDI,,25.0,2024.0,2.0,2024.0,Colombian Technology Catalogue,7. Biomass power plant,direct,,Original,,,,,,2024,2024,1.477,Known datapoint
Biomass power,2024,O&M,Induced,job/MW,1.672,1.672,I-JEDI,I-JEDI,,25.0,2024.0,2.0,2024.0,Colombian Technology Catalogue,7. Biomass power plant,direct,,Original,,,,,,2024,2024,1.672,Known datapoint
Biomass power,2025,Construction&Manufacturing,Direct,job-yr/MW,22.3804226925,22.3804226925,I-JEDI,I-JEDI,,25.0,2024.0,2.0,2024.0,Colombian Technology Catalogue,7. Biomass power plant,direct,,Linear interpolation,,,Biomass power plant,,CAPEX 2050/2030=0.940469872308534,2030,2025,22.3804226925,Linear interpolation between known datapoints
Biomass power,2025,Construction&Manufacturing,Indirect,job-yr/MW,12.4268332901,12.4268332901,I-JEDI,I-JEDI,,25.0,2024.0,2.0,2024.0,Colombian Technology Catalogue,7. Biomass power plant,direct,,Linear interpolation,,,Biomass power plant,,CAPEX 2050/2030=0.940469872308534,2030,2025,12.4268332901,Linear interpolation between known datapoints
Biomass power,2025,Construction&Manufacturing,Induced,job-yr/MW,16.3925690697,16.3925690697,I-JEDI,I-JEDI,,25.0,2024.0,2.0,2024.0,Colombian Technology Catalogue,7. Biomass power plant,direct,,Linear interpolation,,,Biomass power plant,,CAPEX 2050/2030=0.940469872308534,2030,2025,16.3925690697,Linear interpolation between known datapoints
Biomass power,2025,O&M,Direct,job/MW,2.39080560132,2.39080560132,I-JEDI,I-JEDI,,25.0,2024.0,2.0,2024.0,Colombian Technology Catalogue,7. Biomass power plant,direct,,Linear interpolation,,,Biomass power plant,,OPEX 2050/2030=0.940068493150685,2030,2025,2.39080560132,Linear interpolation between known datapoints
Biomass power,2025,O&M,Indirect,job/MW,1.46767243273,1.46767243273,I-JEDI,I-JEDI,,25.0,2024.0,2.0,2024.0,Colombian Technology Catalogue,7. Biomass power plant,direct,,Linear interpolation,,,Biomass power plant,,OPEX 2050/2030=0.940068493150685,2030,2025,1.46767243273,Linear interpolation between known datapoints
Biomass power,2025,O&M,Induced,job/MW,1.6614409665,1.6614409665,I-JEDI,I-JEDI,,25.0,2024.0,2.0,2024.0,Colombian Technology Catalogue,7. Biomass power plant,direct,,Linear interpolation,,,Biomass power plant,,OPEX 2050/2030=0.940068493150685,2030,2025,1.6614409665,Linear interpolation between known datapoints
Biomass power,2026,Construction&Manufacturing,Direct,job-yr/MW,22.237845385,22.237845385,I-JEDI,I-JEDI,,25.0,2024.0,2.0,2024.0,Colombian Technology Catalogue,7. Biomass power plant,direct,,Linear interpolation,,,Biomass power plant,,CAPEX 2050/2030=0.940469872308534,2030,2026,22.237845385,Linear interpolation between known datapoints
Biomass power,2026,Construction&Manufacturing,Indirect,job-yr/MW,12.3476665801,12.3476665801,I-JEDI,I-JEDI,,25.0,2024.0,2.0,2024.0,Colombian Technology Catalogue,7. Biomass power plant,direct,,Linear interpolation,,,Biomass power plant,,CAPEX 2050/2030=0.940469872308534,2030,2026,12.3476665801,Linear interpolation between known datapoints
Biomass power,2026,Construction&Manufacturing,Induced,job-yr/MW,16.2881381395,16.2881381395,I-JEDI,I-JEDI,,25.0,2024.0,2.0,2024.0,Colombian Technology Catalogue,7. Biomass power plant,direct,,Linear interpolation,,,Biomass power plant,,CAPEX 2050/2030=0.940469872308534,2030,2026,16.2881381395,Linear interpolation between known datapoints
Biomass power,2026,O&M,Direct,job/MW,2.37561120264,2.37561120264,I-JEDI,I-JEDI,,25.0,2024.0,2.0,2024.0,Colombian Technology Catalogue,7. Biomass power plant,direct,,Linear interpolation,,,Biomass power plant,,OPEX 2050/2030=0.940068493150685,2030,2026,2.37561120264,Linear interpolation between known datapoints
Biomass power,2026,O&M,Indirect,job/MW,1.45834486546,1.45834486546,I-JEDI,I-JEDI,,25.0,2024.0,2.0,2024.0,Colombian Technology Catalogue,7. Biomass power plant,direct,,Linear interpolation,,,Biomass power plant,,OPEX 2050/2030=0.940068493150685,2030,2026,1.45834486546,Linear interpolation between known datapoints
Biomass power,2026,O&M,Induced,job/MW,1.650881933,1.650881933,I-JEDI,I-JEDI,,25.0,2024.0,2.0,2024.0,Colombian Technology Catalogue,7. Biomass power plant,direct,,Linear interpolation,,,Biomass power plant,,OPEX 2050/2030=0.940068493150685,2030,2026,1.650881933,Linear interpolation between known datapoints
Biomass power,2027,Construction&Manufacturing,Direct,job-yr/MW,22.0952680774,22.0952680774,I-JEDI,I-JEDI,,25.0,2024.0,2.0,2024.0,Colombian Technology Catalogue,7. Biomass power plant,direct,,Linear interpolation,,,Biomass power plant,,CAPEX 2050/2030=0.940469872308534,2030,2027,22.0952680774,Linear interpolation between known datapoints
Biomass power,2027,Construction&Manufacturing,Indirect,job-yr/MW,12.2684998702,12.2684998702,I-JEDI,I-JEDI,,25.0,2024.0,2.0,2024.0,Colombian Technology Catalogue,7. Biomass power plant,direct,,Linear interpolation,,,Biomass power plant,,CAPEX 2050/2030=0.940469872308534,2030,2027,12.2684998702,Linear interpolation between known datapoints
Biomass power,2027,Construction&Manufacturing,Induced,job-yr/MW,16.1837072092,16.1837072092,I-JEDI,I-JEDI,,25.0,2024.0,2.0,2024.0,Colombian Technology Catalogue,7. Biomass power plant,direct,,Linear interpolation,,,Biomass power plant,,CAPEX 2050/2030=0.940469872308534,2030,2027,16.1837072092,Linear interpolation between known datapoints
Biomass power,2027,O&M,Direct,job/MW,2.36041680395,2.36041680395,I-JEDI,I-JEDI,,25.0,2024.0,2.0,2024.0,Colombian Technology Catalogue,7. Biomass power plant,direct,,Linear interpolation,,,Biomass power plant,,OPEX 2050/2030=0.940068493150685,2030,2027,2.36041680395,Linear interpolation between known datapoints
Biomass power,2027,O&M,Indirect,job/MW,1.44901729819,1.44901729819,I-JEDI,I-JEDI,,25.0,2024.0,2.0,2024.0,Colombian Technology Catalogue,7. Biomass power plant,direct,,Linear interpolation,,,Biomass power plant,,OPEX 2050/2030=0.940068493150685,2030,2027,1.44901729819,Linear interpolation between known datapoints
Biomass power,2027,O&M,Induced,job/MW,1.64032289951,1.64032289951,I-JEDI,I-JEDI,,25.0,2024.0,2.0,2024.0,Colombian Technology Catalogue,7. Biomass power plant,direct,,Linear interpolation,,,Biomass power plant,,OPEX 2050/2030=0.940068493150685,2030,2027,1.64032289951,Linear interpolation between known datapoints
Biomass power,2028,Construction&Manufacturing,Direct,job-yr/MW,21.9526907699,21.9526907699,I-JEDI,I-JEDI,,25.0,2024.0,2.0,2024.0,Colombian Technology Catalogue,7. Biomass power plant,direct,,Linear interpolation,,,Biomass power plant,,CAPEX 2050/2030=0.940469872308534,2030,2028,21.9526907699,Linear interpolation between known datapoints
Biomass power,2028,Construction&Manufacturing,Indirect,job-yr/MW,12.1893331603,12.1893331603,I-JEDI,I-JEDI,,25.0,2024.0,2.0,2024.0,Colombian Technology Catalogue,7. Biomass power plant,direct,,Linear interpolation,,,Biomass power plant,,CAPEX 2050/2030=0.940469872308534,2030,2028,12.1893331603,Linear interpolation between known datapoints
Biomass power,2028,Construction&Manufacturing,Induced,job-yr/MW,16.079276279,16.079276279,I-JEDI,I-JEDI,,25.0,2024.0,2.0,2024.0,Colombian Technology Catalogue,7. Biomass power plant,direct,,Linear interpolation,,,Biomass power plant,,CAPEX 2050/2030=0.940469872308534,2030,2028,16.079276279,Linear interpolation between known datapoints
Biomass power,2028,O&M,Direct,job/MW,2.34522240527,2.34522240527,I-JEDI,I-JEDI,,25.0,2024.0,2.0,2024.0,Colombian Technology Catalogue,7. Biomass power plant,direct,,Linear interpolation,,,Biomass power plant,,OPEX 2050/2030=0.940068493150685,2030,2028,2.34522240527,Linear interpolation between known datapoints
Biomass power,2028,O&M,Indirect,job/MW,1.43968973092,1.43968973092,I-JEDI,I-JEDI,,25.0,2024.0,2.0,2024.0,Colombian Technology Catalogue,7. Biomass power plant,direct,,Linear interpolation,,,Biomass power plant,,OPEX 2050/2030=0.940068493150685,2030,2028,1.43968973092,Linear interpolation between known datapoints
Biomass power,2028,O&M,Induced,job/MW,1.62976386601,1.62976386601,I-JEDI,I-JEDI,,25.0,2024.0,2.0,2024.0,Colombian Technology Catalogue,7. Biomass power plant,direct,,Linear interpolation,,,Biomass power plant,,OPEX 2050/2030=0.940068493150685,2030,2028,1.62976386601,Linear interpolation between known datapoints
Biomass power,2029,Construction&Manufacturing,Direct,job-yr/MW,21.8101134624,21.8101134624,I-JEDI,I-JEDI,,25.0,2024.0,2.0,2024.0,Colombian Technology Catalogue,7. Biomass power plant,direct,,Linear interpolation,,,Biomass power plant,,CAPEX 2050/2030=0.940469872308534,2030,2029,21.8101134624,Linear interpolation between known datapoints
Biomass power,2029,Construction&Manufacturing,Indirect,job-yr/MW,12.1101664503,12.1101664503,I-JEDI,I-JEDI,,25.0,2024.0,2.0,2024.0,Colombian Technology Catalogue,7. Biomass power plant,direct,,Linear interpolation,,,Biomass power plant,,CAPEX 2050/2030=0.940469872308534,2030,2029,12.1101664503,Linear interpolation between known datapoints
Biomass power,2029,Construction&Manufacturing,Induced,job-yr/MW,15.9748453487,15.9748453487,I-JEDI,I-JEDI,,25.0,2024.0,2.0,2024.0,Colombian Technology Catalogue,7. Biomass power plant,direct,,Linear interpolation,,,Biomass power plant,,CAPEX 2050/2030=0.940469872308534,2030,2029,15.9748453487,Linear interpolation between known datapoints
Biomass power,2029,O&M,Direct,job/MW,2.33002800659,2.33002800659,I-JEDI,I-JEDI,,25.0,2024.0,2.0,2024.0,Colombian Technology Catalogue,7. Biomass power plant,direct,,Linear interpolation,,,Biomass power plant,,OPEX 2050/2030=0.940068493150685,2030,2029,2.33002800659,Linear interpolation between known datapoints
Biomass power,2029,O&M,Indirect,job/MW,1.43036216365,1.43036216365,I-JEDI,I-JEDI,,25.0,2024.0,2.0,2024.0,Colombian Technology Catalogue,7. Biomass power plant,direct,,Linear interpolation,,,Biomass power plant,,OPEX 2050/2030=0.940068493150685,2030,2029,1.43036216365,Linear interpolation between known datapoints
Biomass power,2029,O&M,Induced,job/MW,1.61920483251,1.61920483251,I-JEDI,I-JEDI,,25.0,2024.0,2.0,2024.0,Colombian Technology Catalogue,7. Biomass power plant,direct,,Linear interpolation,,,Biomass power plant,,OPEX 2050/2030=0.940068493150685,2030,2029,1.61920483251,Linear interpolation between known datapoints
Biomass power,2030,Construction&Manufacturing,Direct,job-yr/MW,21.6675361549,21.6675361549,I-JEDI,I-JEDI,,25.0,2024.0,2.0,2024.0,Colombian Technology Catalogue,7. Biomass power plant,direct,,CAPEX/OPEX ratio projection,,,Biomass power plant,,CAPEX 2030/2024=0.96201821049129,2024,2030,21.6675361549,Known datapoint
Biomass power,2030,Construction&Manufacturing,Indirect,job-yr/MW,12.0309997404,12.0309997404,I-JEDI,I-JEDI,,25.0,2024.0,2.0,2024.0,Colombian Technology Catalogue,7. Biomass power plant,direct,,CAPEX/OPEX ratio projection,,,Biomass power plant,,CAPEX 2030/2024=0.96201821049129,2024,2030,12.0309997404,Known datapoint
Biomass power,2030,Construction&Manufacturing,Induced,job-yr/MW,15.8704144185,15.8704144185,I-JEDI,I-JEDI,,25.0,2024.0,2.0,2024.0,Colombian Technology Catalogue,7. Biomass power plant,direct,,CAPEX/OPEX ratio projection,,,Biomass power plant,,CAPEX 2030/2024=0.96201821049129,2024,2030,15.8704144185,Known datapoint
Biomass power,2030,O&M,Direct,job/MW,2.31483360791,2.31483360791,I-JEDI,I-JEDI,,25.0,2024.0,2.0,2024.0,Colombian Technology Catalogue,7. Biomass power plant,direct,,CAPEX/OPEX ratio projection,,,Biomass power plant,,OPEX 2030/2024=0.9621087314662272,2024,2030,2.31483360791,Known datapoint
Biomass power,2030,O&M,Indirect,job/MW,1.42103459638,1.42103459638,I-JEDI,I-JEDI,,25.0,2024.0,2.0,2024.0,Colombian Technology Catalogue,7. Biomass power plant,direct,,CAPEX/OPEX ratio projection,,,Biomass power plant,,OPEX 2030/2024=0.9621087314662272,2024,2030,1.42103459638,Known datapoint
Biomass power,2030,O&M,Induced,job/MW,1.60864579901,1.60864579901,I-JEDI,I-JEDI,,25.0,2024.0,2.0,2024.0,Colombian Technology Catalogue,7. Biomass power plant,direct,,CAPEX/OPEX ratio projection,,,Biomass power plant,,OPEX 2030/2024=0.9621087314662272,2024,2030,1.60864579901,Known datapoint
Biomass power,2031,Construction&Manufacturing,Direct,job-yr/MW,21.6030425952,21.6030425952,I-JEDI,I-JEDI,,25.0,2024.0,2.0,2024.0,Colombian Technology Catalogue,7. Biomass power plant,direct,,Linear interpolation,,,Biomass power plant,,CAPEX 2050/2030=0.940469872308534,2030,2031,21.6030425952,Linear interpolation between known datapoints
Biomass power,2031,Construction&Manufacturing,Indirect,job-yr/MW,11.9951893929,11.9951893929,I-JEDI,I-JEDI,,25.0,2024.0,2.0,2024.0,Colombian Technology Catalogue,7. Biomass power plant,direct,,Linear interpolation,,,Biomass power plant,,CAPEX 2050/2030=0.940469872308534,2030,2031,11.9951893929,Linear interpolation between known datapoints
Biomass power,2031,Construction&Manufacturing,Induced,job-yr/MW,15.8231760286,15.8231760286,I-JEDI,I-JEDI,,25.0,2024.0,2.0,2024.0,Colombian Technology Catalogue,7. Biomass power plant,direct,,Linear interpolation,,,Biomass power plant,,CAPEX 2050/2030=0.940469872308534,2030,2031,15.8231760286,Linear interpolation between known datapoints
Biomass power,2031,O&M,Direct,job/MW,2.3078970346,2.3078970346,I-JEDI,I-JEDI,,25.0,2024.0,2.0,2024.0,Colombian Technology Catalogue,7. Biomass power plant,direct,,Linear interpolation,,,Biomass power plant,,OPEX 2050/2030=0.940068493150685,2030,2031,2.3078970346,Linear interpolation between known datapoints
Biomass power,2031,O&M,Indirect,job/MW,1.41677635914,1.41677635914,I-JEDI,I-JEDI,,25.0,2024.0,2.0,2024.0,Colombian Technology Catalogue,7. Biomass power plant,direct,,Linear interpolation,,,Biomass power plant,,OPEX 2050/2030=0.940068493150685,2030,2031,1.41677635914,Linear interpolation between known datapoints
Biomass power,2031,O&M,Induced,job/MW,1.60382537068,1.60382537068,I-JEDI,I-JEDI,,25.0,2024.0,2.0,2024.0,Colombian Technology Catalogue,7. Biomass power plant,direct,,Linear interpolation,,,Biomass power plant,,OPEX 2050/2030=0.940068493150685,2030,2031,1.60382537068,Linear interpolation between known datapoints
Biomass power,2032,Construction&Manufacturing,Direct,job-yr/MW,21.5385490355,21.5385490355,I-JEDI,I-JEDI,,25.0,2024.0,2.0,2024.0,Colombian Technology Catalogue,7. Biomass power plant,direct,,Linear interpolation,,,Biomass power plant,,CAPEX 2050/2030=0.940469872308534,2030,2032,21.5385490355,Linear interpolation between known datapoints
Biomass power,2032,Construction&Manufacturing,Indirect,job-yr/MW,11.9593790453,11.9593790453,I-JEDI,I-JEDI,,25.0,2024.0,2.0,2024.0,Colombian Technology Catalogue,7. Biomass power plant,direct,,Linear interpolation,,,Biomass power plant,,CAPEX 2050/2030=0.940469872308534,2030,2032,11.9593790453,Linear interpolation between known datapoints
Biomass power,2032,Construction&Manufacturing,Induced,job-yr/MW,15.7759376388,15.7759376388,I-JEDI,I-JEDI,,25.0,2024.0,2.0,2024.0,Colombian Technology Catalogue,7. Biomass power plant,direct,,Linear interpolation,,,Biomass power plant,,CAPEX 2050/2030=0.940469872308534,2030,2032,15.7759376388,Linear interpolation between known datapoints
Biomass power,2032,O&M,Direct,job/MW,2.30096046129,2.30096046129,I-JEDI,I-JEDI,,25.0,2024.0,2.0,2024.0,Colombian Technology Catalogue,7. Biomass power plant,direct,,Linear interpolation,,,Biomass power plant,,OPEX 2050/2030=0.940068493150685,2030,2032,2.30096046129,Linear interpolation between known datapoints
Biomass power,2032,O&M,Indirect,job/MW,1.41251812191,1.41251812191,I-JEDI,I-JEDI,,25.0,2024.0,2.0,2024.0,Colombian Technology Catalogue,7. Biomass power plant,direct,,Linear interpolation,,,Biomass power plant,,OPEX 2050/2030=0.940068493150685,2030,2032,1.41251812191,Linear interpolation between known datapoints
Biomass power,2032,O&M,Induced,job/MW,1.59900494234,1.59900494234,I-JEDI,I-JEDI,,25.0,2024.0,2.0,2024.0,Colombian Technology Catalogue,7. Biomass power plant,direct,,Linear interpolation,,,Biomass power plant,,OPEX 2050/2030=0.940068493150685,2030,2032,1.59900494234,Linear interpolation between known datapoints
Biomass power,2033,Construction&Manufacturing,Direct,job-yr/MW,21.4740554758,21.4740554758,I-JEDI,I-JEDI,,25.0,2024.0,2.0,2024.0,Colombian Technology Catalogue,7. Biomass power plant,direct,,Linear interpolation,,,Biomass power plant,,CAPEX 2050/2030=0.940469872308534,2030,2033,21.4740554758,Linear interpolation between known datapoints
Biomass power,2033,Construction&Manufacturing,Indirect,job-yr/MW,11.9235686978,11.9235686978,I-JEDI,I-JEDI,,25.0,2024.0,2.0,2024.0,Colombian Technology Catalogue,7. Biomass power plant,direct,,Linear interpolation,,,Biomass power plant,,CAPEX 2050/2030=0.940469872308534,2030,2033,11.9235686978,Linear interpolation between known datapoints
Biomass power,2033,Construction&Manufacturing,Induced,job-yr/MW,15.7286992489,15.7286992489,I-JEDI,I-JEDI,,25.0,2024.0,2.0,2024.0,Colombian Technology Catalogue,7. Biomass power plant,direct,,Linear interpolation,,,Biomass power plant,,CAPEX 2050/2030=0.940469872308534,2030,2033,15.7286992489,Linear interpolation between known datapoints
Biomass power,2033,O&M,Direct,job/MW,2.29402388797,2.29402388797,I-JEDI,I-JEDI,,25.0,2024.0,2.0,2024.0,Colombian Technology Catalogue,7. Biomass power plant,direct,,Linear interpolation,,,Biomass power plant,,OPEX 2050/2030=0.940068493150685,2030,2033,2.29402388797,Linear interpolation between known datapoints
Biomass power,2033,O&M,Indirect,job/MW,1.40825988468,1.40825988468,I-JEDI,I-JEDI,,25.0,2024.0,2.0,2024.0,Colombian Technology Catalogue,7. Biomass power plant,direct,,Linear interpolation,,,Biomass power plant,,OPEX 2050/2030=0.940068493150685,2030,2033,1.40825988468,Linear interpolation between known datapoints
Biomass power,2033,O&M,Induced,job/MW,1.594184514,1.594184514,I-JEDI,I-JEDI,,25.0,2024.0,2.0,2024.0,Colombian Technology Catalogue,7. Biomass power plant,direct,,Linear interpolation,,,Biomass power plant,,OPEX 2050/2030=0.940068493150685,2030,2033,1.594184514,Linear interpolation between known datapoints
Biomass power,2034,Construction&Manufacturing,Direct,job-yr/MW,21.4095619161,21.4095619161,I-JEDI,I-JEDI,,25.0,2024.0,2.0,2024.0,Colombian Technology Catalogue,7. Biomass power plant,direct,,Linear interpolation,,,Biomass power plant,,CAPEX 2050/2030=0.940469872308534,2030,2034,21.4095619161,Linear interpolation between known datapoints
Biomass power,2034,Construction&Manufacturing,Indirect,job-yr/MW,11.8877583502,11.8877583502,I-JEDI,I-JEDI,,25.0,2024.0,2.0,2024.0,Colombian Technology Catalogue,7. Biomass power plant,direct,,Linear interpolation,,,Biomass power plant,,CAPEX 2050/2030=0.940469872308534,2030,2034,11.8877583502,Linear interpolation between known datapoints
Biomass power,2034,Construction&Manufacturing,Induced,job-yr/MW,15.6814608591,15.6814608591,I-JEDI,I-JEDI,,25.0,2024.0,2.0,2024.0,Colombian Technology Catalogue,7. Biomass power plant,direct,,Linear interpolation,,,Biomass power plant,,CAPEX 2050/2030=0.940469872308534,2030,2034,15.6814608591,Linear interpolation between known datapoints
Biomass power,2034,O&M,Direct,job/MW,2.28708731466,2.28708731466,I-JEDI,I-JEDI,,25.0,2024.0,2.0,2024.0,Colombian Technology Catalogue,7. Biomass power plant,direct,,Linear interpolation,,,Biomass power plant,,OPEX 2050/2030=0.940068493150685,2030,2034,2.28708731466,Linear interpolation between known datapoints
Biomass power,2034,O&M,Indirect,job/MW,1.40400164745,1.40400164745,I-JEDI,I-JEDI,,25.0,2024.0,2.0,2024.0,Colombian Technology Catalogue,7. Biomass power plant,direct,,Linear interpolation,,,Biomass power plant,,OPEX 2050/2030=0.940068493150685,2030,2034,1.40400164745,Linear interpolation between known datapoints
Biomass power,2034,O&M,Induced,job/MW,1.58936408567,1.58936408567,I-JEDI,I-JEDI,,25.0,2024.0,2.0,2024.0,Colombian Technology Catalogue,7. Biomass power plant,direct,,Linear interpolation,,,Biomass power plant,,OPEX 2050/2030=0.940068493150685,2030,2034,1.58936408567,Linear interpolation between known datapoints
Biomass power,2035,Construction&Manufacturing,Direct,job-yr/MW,21.3450683564,21.3450683564,I-JEDI,I-JEDI,,25.0,2024.0,2.0,2024.0,Colombian Technology Catalogue,7. Biomass power plant,direct,,Linear interpolation,,,Biomass power plant,,CAPEX 2050/2030=0.940469872308534,2030,2035,21.3450683564,Linear interpolation between known datapoints
Biomass power,2035,Construction&Manufacturing,Indirect,job-yr/MW,11.8519480027,11.8519480027,I-JEDI,I-JEDI,,25.0,2024.0,2.0,2024.0,Colombian Technology Catalogue,7. Biomass power plant,direct,,Linear interpolation,,,Biomass power plant,,CAPEX 2050/2030=0.940469872308534,2030,2035,11.8519480027,Linear interpolation between known datapoints
Biomass power,2035,Construction&Manufacturing,Induced,job-yr/MW,15.6342224693,15.6342224693,I-JEDI,I-JEDI,,25.0,2024.0,2.0,2024.0,Colombian Technology Catalogue,7. Biomass power plant,direct,,Linear interpolation,,,Biomass power plant,,CAPEX 2050/2030=0.940469872308534,2030,2035,15.6342224693,Linear interpolation between known datapoints
Biomass power,2035,O&M,Direct,job/MW,2.28015074135,2.28015074135,I-JEDI,I-JEDI,,25.0,2024.0,2.0,2024.0,Colombian Technology Catalogue,7. Biomass power plant,direct,,Linear interpolation,,,Biomass power plant,,OPEX 2050/2030=0.940068493150685,2030,2035,2.28015074135,Linear interpolation between known datapoints
Biomass power,2035,O&M,Indirect,job/MW,1.39974341021,1.39974341021,I-JEDI,I-JEDI,,25.0,2024.0,2.0,2024.0,Colombian Technology Catalogue,7. Biomass power plant,direct,,Linear interpolation,,,Biomass power plant,,OPEX 2050/2030=0.940068493150685,2030,2035,1.39974341021,Linear interpolation between known datapoints
Biomass power,2035,O&M,Induced,job/MW,1.58454365733,1.58454365733,I-JEDI,I-JEDI,,25.0,2024.0,2.0,2024.0,Colombian Technology Catalogue,7. Biomass power plant,direct,,Linear interpolation,,,Biomass power plant,,OPEX 2050/2030=0.940068493150685,2030,2035,1.58454365733,Linear interpolation between known datapoints
Biomass power,2036,Construction&Manufacturing,Direct,job-yr/MW,21.2805747967,21.2805747967,I-JEDI,I-JEDI,,25.0,2024.0,2.0,2024.0,Colombian Technology Catalogue,7. Biomass power plant,direct,,Linear interpolation,,,Biomass power plant,,CAPEX 2050/2030=0.940469872308534,2030,2036,21.2805747967,Linear interpolation between known datapoints
Biomass power,2036,Construction&Manufacturing,Indirect,job-yr/MW,11.8161376552,11.8161376552,I-JEDI,I-JEDI,,25.0,2024.0,2.0,2024.0,Colombian Technology Catalogue,7. Biomass power plant,direct,,Linear interpolation,,,Biomass power plant,,CAPEX 2050/2030=0.940469872308534,2030,2036,11.8161376552,Linear interpolation between known datapoints
Biomass power,2036,Construction&Manufacturing,Induced,job-yr/MW,15.5869840794,15.5869840794,I-JEDI,I-JEDI,,25.0,2024.0,2.0,2024.0,Colombian Technology Catalogue,7. Biomass power plant,direct,,Linear interpolation,,,Biomass power plant,,CAPEX 2050/2030=0.940469872308534,2030,2036,15.5869840794,Linear interpolation between known datapoints
Biomass power,2036,O&M,Direct,job/MW,2.27321416804,2.27321416804,I-JEDI,I-JEDI,,25.0,2024.0,2.0,2024.0,Colombian Technology Catalogue,7. Biomass power plant,direct,,Linear interpolation,,,Biomass power plant,,OPEX 2050/2030=0.940068493150685,2030,2036,2.27321416804,Linear interpolation between known datapoints
Biomass power,2036,O&M,Indirect,job/MW,1.39548517298,1.39548517298,I-JEDI,I-JEDI,,25.0,2024.0,2.0,2024.0,Colombian Technology Catalogue,7. Biomass power plant,direct,,Linear interpolation,,,Biomass power plant,,OPEX 2050/2030=0.940068493150685,2030,2036,1.39548517298,Linear interpolation between known datapoints
Biomass power,2036,O&M,Induced,job/MW,1.579723229,1.579723229,I-JEDI,I-JEDI,,25.0,2024.0,2.0,2024.0,Colombian Technology Catalogue,7. Biomass power plant,direct,,Linear interpolation,,,Biomass power plant,,OPEX 2050/2030=0.940068493150685,2030,2036,1.579723229,Linear interpolation between known datapoints
Biomass power,2037,Construction&Manufacturing,Direct,job-yr/MW,21.216081237,21.216081237,I-JEDI,I-JEDI,,25.0,2024.0,2.0,2024.0,Colombian Technology Catalogue,7. Biomass power plant,direct,,Linear interpolation,,,Biomass power plant,,CAPEX 2050/2030=0.940469872308534,2030,2037,21.216081237,Linear interpolation between known datapoints
Biomass power,2037,Construction&Manufacturing,Indirect,job-yr/MW,11.7803273076,11.7803273076,I-JEDI,I-JEDI,,25.0,2024.0,2.0,2024.0,Colombian Technology Catalogue,7. Biomass power plant,direct,,Linear interpolation,,,Biomass power plant,,CAPEX 2050/2030=0.940469872308534,2030,2037,11.7803273076,Linear interpolation between known datapoints
Biomass power,2037,Construction&Manufacturing,Induced,job-yr/MW,15.5397456896,15.5397456896,I-JEDI,I-JEDI,,25.0,2024.0,2.0,2024.0,Colombian Technology Catalogue,7. Biomass power plant,direct,,Linear interpolation,,,Biomass power plant,,CAPEX 2050/2030=0.940469872308534,2030,2037,15.5397456896,Linear interpolation between known datapoints
Biomass power,2037,O&M,Direct,job/MW,2.26627759473,2.26627759473,I-JEDI,I-JEDI,,25.0,2024.0,2.0,2024.0,Colombian Technology Catalogue,7. Biomass power plant,direct,,Linear interpolation,,,Biomass power plant,,OPEX 2050/2030=0.940068493150685,2030,2037,2.26627759473,Linear interpolation between known datapoints
Biomass power,2037,O&M,Indirect,job/MW,1.39122693575,1.39122693575,I-JEDI,I-JEDI,,25.0,2024.0,2.0,2024.0,Colombian Technology Catalogue,7. Biomass power plant,direct,,Linear interpolation,,,Biomass power plant,,OPEX 2050/2030=0.940068493150685,2030,2037,1.39122693575,Linear interpolation between known datapoints
Biomass power,2037,O&M,Induced,job/MW,1.57490280066,1.57490280066,I-JEDI,I-JEDI,,25.0,2024.0,2.0,2024.0,Colombian Technology Catalogue,7. Biomass power plant,direct,,Linear interpolation,,,Biomass power plant,,OPEX 2050/2030=0.940068493150685,2030,2037,1.57490280066,Linear interpolation between known datapoints
Biomass power,2038,Construction&Manufacturing,Direct,job-yr/MW,21.1515876773,21.1515876773,I-JEDI,I-JEDI,,25.0,2024.0,2.0,2024.0,Colombian Technology Catalogue,7. Biomass power plant,direct,,Linear interpolation,,,Biomass power plant,,CAPEX 2050/2030=0.940469872308534,2030,2038,21.1515876773,Linear interpolation between known datapoints
Biomass power,2038,Construction&Manufacturing,Indirect,job-yr/MW,11.7445169601,11.7445169601,I-JEDI,I-JEDI,,25.0,2024.0,2.0,2024.0,Colombian Technology Catalogue,7. Biomass power plant,direct,,Linear interpolation,,,Biomass power plant,,CAPEX 2050/2030=0.940469872308534,2030,2038,11.7445169601,Linear interpolation between known datapoints
Biomass power,2038,Construction&Manufacturing,Induced,job-yr/MW,15.4925072997,15.4925072997,I-JEDI,I-JEDI,,25.0,2024.0,2.0,2024.0,Colombian Technology Catalogue,7. Biomass power plant,direct,,Linear interpolation,,,Biomass power plant,,CAPEX 2050/2030=0.940469872308534,2030,2038,15.4925072997,Linear interpolation between known datapoints
Biomass power,2038,O&M,Direct,job/MW,2.25934102142,2.25934102142,I-JEDI,I-JEDI,,25.0,2024.0,2.0,2024.0,Colombian Technology Catalogue,7. Biomass power plant,direct,,Linear interpolation,,,Biomass power plant,,OPEX 2050/2030=0.940068493150685,2030,2038,2.25934102142,Linear interpolation between known datapoints
Biomass power,2038,O&M,Indirect,job/MW,1.38696869852,1.38696869852,I-JEDI,I-JEDI,,25.0,2024.0,2.0,2024.0,Colombian Technology Catalogue,7. Biomass power plant,direct,,Linear interpolation,,,Biomass power plant,,OPEX 2050/2030=0.940068493150685,2030,2038,1.38696869852,Linear interpolation between known datapoints
Biomass power,2038,O&M,Induced,job/MW,1.57008237232,1.57008237232,I-JEDI,I-JEDI,,25.0,2024.0,2.0,2024.0,Colombian Technology Catalogue,7. Biomass power plant,direct,,Linear interpolation,,,Biomass power plant,,OPEX 2050/2030=0.940068493150685,2030,2038,1.57008237232,Linear interpolation between known datapoints
Biomass power,2039,Construction&Manufacturing,Direct,job-yr/MW,21.0870941176,21.0870941176,I-JEDI,I-JEDI,,25.0,2024.0,2.0,2024.0,Colombian Technology Catalogue,7. Biomass power plant,direct,,Linear interpolation,,,Biomass power plant,,CAPEX 2050/2030=0.940469872308534,2030,2039,21.0870941176,Linear interpolation between known datapoints
Biomass power,2039,Construction&Manufacturing,Indirect,job-yr/MW,11.7087066125,11.7087066125,I-JEDI,I-JEDI,,25.0,2024.0,2.0,2024.0,Colombian Technology Catalogue,7. Biomass power plant,direct,,Linear interpolation,,,Biomass power plant,,CAPEX 2050/2030=0.940469872308534,2030,2039,11.7087066125,Linear interpolation between known datapoints
Biomass power,2039,Construction&Manufacturing,Induced,job-yr/MW,15.4452689099,15.4452689099,I-JEDI,I-JEDI,,25.0,2024.0,2.0,2024.0,Colombian Technology Catalogue,7. Biomass power plant,direct,,Linear interpolation,,,Biomass power plant,,CAPEX 2050/2030=0.940469872308534,2030,2039,15.4452689099,Linear interpolation between known datapoints
Biomass power,2039,O&M,Direct,job/MW,2.25240444811,2.25240444811,I-JEDI,I-JEDI,,25.0,2024.0,2.0,2024.0,Colombian Technology Catalogue,7. Biomass power plant,direct,,Linear interpolation,,,Biomass power plant,,OPEX 2050/2030=0.940068493150685,2030,2039,2.25240444811,Linear interpolation between known datapoints
Biomass power,2039,O&M,Indirect,job/MW,1.38271046129,1.38271046129,I-JEDI,I-JEDI,,25.0,2024.0,2.0,2024.0,Colombian Technology Catalogue,7. Biomass power plant,direct,,Linear interpolation,,,Biomass power plant,,OPEX 2050/2030=0.940068493150685,2030,2039,1.38271046129,Linear interpolation between known datapoints
Biomass power,2039,O&M,Induced,job/MW,1.56526194399,1.56526194399,I-JEDI,I-JEDI,,25.0,2024.0,2.0,2024.0,Colombian Technology Catalogue,7. Biomass power plant,direct,,Linear interpolation,,,Biomass power plant,,OPEX 2050/2030=0.940068493150685,2030,2039,1.56526194399,Linear interpolation between known datapoints
Biomass power,2040,Construction&Manufacturing,Direct,job-yr/MW,21.0226005579,21.0226005579,I-JEDI,I-JEDI,,25.0,2024.0,2.0,2024.0,Colombian Technology Catalogue,7. Biomass power plant,direct,,Linear interpolation,,,Biomass power plant,,CAPEX 2050/2030=0.940469872308534,2030,2040,21.0226005579,Linear interpolation between known datapoints
Biomass power,2040,Construction&Manufacturing,Indirect,job-yr/MW,11.672896265,11.672896265,I-JEDI,I-JEDI,,25.0,2024.0,2.0,2024.0,Colombian Technology Catalogue,7. Biomass power plant,direct,,Linear interpolation,,,Biomass power plant,,CAPEX 2050/2030=0.940469872308534,2030,2040,11.672896265,Linear interpolation between known datapoints
Biomass power,2040,Construction&Manufacturing,Induced,job-yr/MW,15.3980305201,15.3980305201,I-JEDI,I-JEDI,,25.0,2024.0,2.0,2024.0,Colombian Technology Catalogue,7. Biomass power plant,direct,,Linear interpolation,,,Biomass power plant,,CAPEX 2050/2030=0.940469872308534,2030,2040,15.3980305201,Linear interpolation between known datapoints
Biomass power,2040,O&M,Direct,job/MW,2.24546787479,2.24546787479,I-JEDI,I-JEDI,,25.0,2024.0,2.0,2024.0,Colombian Technology Catalogue,7. Biomass power plant,direct,,Linear interpolation,,,Biomass power plant,,OPEX 2050/2030=0.940068493150685,2030,2040,2.24546787479,Linear interpolation between known datapoints
Biomass power,2040,O&M,Indirect,job/MW,1.37845222405,1.37845222405,I-JEDI,I-JEDI,,25.0,2024.0,2.0,2024.0,Colombian Technology Catalogue,7. Biomass power plant,direct,,Linear interpolation,,,Biomass power plant,,OPEX 2050/2030=0.940068493150685,2030,2040,1.37845222405,Linear interpolation between known datapoints
Biomass power,2040,O&M,Induced,job/MW,1.56044151565,1.56044151565,I-JEDI,I-JEDI,,25.0,2024.0,2.0,2024.0,Colombian Technology Catalogue,7. Biomass power plant,direct,,Linear interpolation,,,Biomass power plant,,OPEX 2050/2030=0.940068493150685,2030,2040,1.56044151565,Linear interpolation between known datapoints
Biomass power,2041,Construction&Manufacturing,Direct,job-yr/MW,20.9581069982,20.9581069982,I-JEDI,I-JEDI,,25.0,2024.0,2.0,2024.0,Colombian Technology Catalogue,7. Biomass power plant,direct,,Linear interpolation,,,Biomass power plant,,CAPEX 2050/2030=0.940469872308534,2030,2041,20.9581069982,Linear interpolation between known datapoints
Biomass power,2041,Construction&Manufacturing,Indirect,job-yr/MW,11.6370859175,11.6370859175,I-JEDI,I-JEDI,,25.0,2024.0,2.0,2024.0,Colombian Technology Catalogue,7. Biomass power plant,direct,,Linear interpolation,,,Biomass power plant,,CAPEX 2050/2030=0.940469872308534,2030,2041,11.6370859175,Linear interpolation between known datapoints
Biomass power,2041,Construction&Manufacturing,Induced,job-yr/MW,15.3507921302,15.3507921302,I-JEDI,I-JEDI,,25.0,2024.0,2.0,2024.0,Colombian Technology Catalogue,7. Biomass power plant,direct,,Linear interpolation,,,Biomass power plant,,CAPEX 2050/2030=0.940469872308534,2030,2041,15.3507921302,Linear interpolation between known datapoints
Biomass power,2041,O&M,Direct,job/MW,2.23853130148,2.23853130148,I-JEDI,I-JEDI,,25.0,2024.0,2.0,2024.0,Colombian Technology Catalogue,7. Biomass power plant,direct,,Linear interpolation,,,Biomass power plant,,OPEX 2050/2030=0.940068493150685,2030,2041,2.23853130148,Linear interpolation between known datapoints
Biomass power,2041,O&M,Indirect,job/MW,1.37419398682,1.37419398682,I-JEDI,I-JEDI,,25.0,2024.0,2.0,2024.0,Colombian Technology Catalogue,7. Biomass power plant,direct,,Linear interpolation,,,Biomass power plant,,OPEX 2050/2030=0.940068493150685,2030,2041,1.37419398682,Linear interpolation between known datapoints
Biomass power,2041,O&M,Induced,job/MW,1.55562108731,1.55562108731,I-JEDI,I-JEDI,,25.0,2024.0,2.0,2024.0,Colombian Technology Catalogue,7. Biomass power plant,direct,,Linear interpolation,,,Biomass power plant,,OPEX 2050/2030=0.940068493150685,2030,2041,1.55562108731,Linear interpolation between known datapoints
Biomass power,2042,Construction&Manufacturing,Direct,job-yr/MW,20.8936134385,20.8936134385,I-JEDI,I-JEDI,,25.0,2024.0,2.0,2024.0,Colombian Technology Catalogue,7. Biomass power plant,direct,,Linear interpolation,,,Biomass power plant,,CAPEX 2050/2030=0.940469872308534,2030,2042,20.8936134385,Linear interpolation between known datapoints
Biomass power,2042,Construction&Manufacturing,Indirect,job-yr/MW,11.6012755699,11.6012755699,I-JEDI,I-JEDI,,25.0,2024.0,2.0,2024.0,Colombian Technology Catalogue,7. Biomass power plant,direct,,Linear interpolation,,,Biomass power plant,,CAPEX 2050/2030=0.940469872308534,2030,2042,11.6012755699,Linear interpolation between known datapoints
Biomass power,2042,Construction&Manufacturing,Induced,job-yr/MW,15.3035537404,15.3035537404,I-JEDI,I-JEDI,,25.0,2024.0,2.0,2024.0,Colombian Technology Catalogue,7. Biomass power plant,direct,,Linear interpolation,,,Biomass power plant,,CAPEX 2050/2030=0.940469872308534,2030,2042,15.3035537404,Linear interpolation between known datapoints
Biomass power,2042,O&M,Direct,job/MW,2.23159472817,2.23159472817,I-JEDI,I-JEDI,,25.0,2024.0,2.0,2024.0,Colombian Technology Catalogue,7. Biomass power plant,direct,,Linear interpolation,,,Biomass power plant,,OPEX 2050/2030=0.940068493150685,2030,2042,2.23159472817,Linear interpolation between known datapoints
Biomass power,2042,O&M,Indirect,job/MW,1.36993574959,1.36993574959,I-JEDI,I-JEDI,,25.0,2024.0,2.0,2024.0,Colombian Technology Catalogue,7. Biomass power plant,direct,,Linear interpolation,,,Biomass power plant,,OPEX 2050/2030=0.940068493150685,2030,2042,1.36993574959,Linear interpolation between known datapoints
Biomass power,2042,O&M,Induced,job/MW,1.55080065898,1.55080065898,I-JEDI,I-JEDI,,25.0,2024.0,2.0,2024.0,Colombian Technology Catalogue,7. Biomass power plant,direct,,Linear interpolation,,,Biomass power plant,,OPEX 2050/2030=0.940068493150685,2030,2042,1.55080065898,Linear interpolation between known datapoints
Biomass power,2043,Construction&Manufacturing,Direct,job-yr/MW,20.8291198788,20.8291198788,I-JEDI,I-JEDI,,25.0,2024.0,2.0,2024.0,Colombian Technology Catalogue,7. Biomass power plant,direct,,Linear interpolation,,,Biomass power plant,,CAPEX 2050/2030=0.940469872308534,2030,2043,20.8291198788,Linear interpolation between known datapoints
Biomass power,2043,Construction&Manufacturing,Indirect,job-yr/MW,11.5654652224,11.5654652224,I-JEDI,I-JEDI,,25.0,2024.0,2.0,2024.0,Colombian Technology Catalogue,7. Biomass power plant,direct,,Linear interpolation,,,Biomass power plant,,CAPEX 2050/2030=0.940469872308534,2030,2043,11.5654652224,Linear interpolation between known datapoints
Biomass power,2043,Construction&Manufacturing,Induced,job-yr/MW,15.2563153505,15.2563153505,I-JEDI,I-JEDI,,25.0,2024.0,2.0,2024.0,Colombian Technology Catalogue,7. Biomass power plant,direct,,Linear interpolation,,,Biomass power plant,,CAPEX 2050/2030=0.940469872308534,2030,2043,15.2563153505,Linear interpolation between known datapoints
Biomass power,2043,O&M,Direct,job/MW,2.22465815486,2.22465815486,I-JEDI,I-JEDI,,25.0,2024.0,2.0,2024.0,Colombian Technology Catalogue,7. Biomass power plant,direct,,Linear interpolation,,,Biomass power plant,,OPEX 2050/2030=0.940068493150685,2030,2043,2.22465815486,Linear interpolation between known datapoints
Biomass power,2043,O&M,Indirect,job/MW,1.36567751236,1.36567751236,I-JEDI,I-JEDI,,25.0,2024.0,2.0,2024.0,Colombian Technology Catalogue,7. Biomass power plant,direct,,Linear interpolation,,,Biomass power plant,,OPEX 2050/2030=0.940068493150685,2030,2043,1.36567751236,Linear interpolation between known datapoints
Biomass power,2043,O&M,Induced,job/MW,1.54598023064,1.54598023064,I-JEDI,I-JEDI,,25.0,2024.0,2.0,2024.0,Colombian Technology Catalogue,7. Biomass power plant,direct,,Linear interpolation,,,Biomass power plant,,OPEX 2050/2030=0.940068493150685,2030,2043,1.54598023064,Linear interpolation between known datapoints
Biomass power,2044,Construction&Manufacturing,Direct,job-yr/MW,20.7646263191,20.7646263191,I-JEDI,I-JEDI,,25.0,2024.0,2.0,2024.0,Colombian Technology Catalogue,7. Biomass power plant,direct,,Linear interpolation,,,Biomass power plant,,CAPEX 2050/2030=0.940469872308534,2030,2044,20.7646263191,Linear interpolation between known datapoints
Biomass power,2044,Construction&Manufacturing,Indirect,job-yr/MW,11.5296548748,11.5296548748,I-JEDI,I-JEDI,,25.0,2024.0,2.0,2024.0,Colombian Technology Catalogue,7. Biomass power plant,direct,,Linear interpolation,,,Biomass power plant,,CAPEX 2050/2030=0.940469872308534,2030,2044,11.5296548748,Linear interpolation between known datapoints
Biomass power,2044,Construction&Manufacturing,Induced,job-yr/MW,15.2090769607,15.2090769607,I-JEDI,I-JEDI,,25.0,2024.0,2.0,2024.0,Colombian Technology Catalogue,7. Biomass power plant,direct,,Linear interpolation,,,Biomass power plant,,CAPEX 2050/2030=0.940469872308534,2030,2044,15.2090769607,Linear interpolation between known datapoints
Biomass power,2044,O&M,Direct,job/MW,2.21772158155,2.21772158155,I-JEDI,I-JEDI,,25.0,2024.0,2.0,2024.0,Colombian Technology Catalogue,7. Biomass power plant,direct,,Linear interpolation,,,Biomass power plant,,OPEX 2050/2030=0.940068493150685,2030,2044,2.21772158155,Linear interpolation between known datapoints
Biomass power,2044,O&M,Indirect,job/MW,1.36141927512,1.36141927512,I-JEDI,I-JEDI,,25.0,2024.0,2.0,2024.0,Colombian Technology Catalogue,7. Biomass power plant,direct,,Linear interpolation,,,Biomass power plant,,OPEX 2050/2030=0.940068493150685,2030,2044,1.36141927512,Linear interpolation between known datapoints
Biomass power,2044,O&M,Induced,job/MW,1.54115980231,1.54115980231,I-JEDI,I-JEDI,,25.0,2024.0,2.0,2024.0,Colombian Technology Catalogue,7. Biomass power plant,direct,,Linear interpolation,,,Biomass power plant,,OPEX 2050/2030=0.940068493150685,2030,2044,1.54115980231,Linear interpolation between known datapoints
Biomass power,2045,Construction&Manufacturing,Direct,job-yr/MW,20.7001327594,20.7001327594,I-JEDI,I-JEDI,,25.0,2024.0,2.0,2024.0,Colombian Technology Catalogue,7. Biomass power plant,direct,,Linear interpolation,,,Biomass power plant,,CAPEX 2050/2030=0.940469872308534,2030,2045,20.7001327594,Linear interpolation between known datapoints
Biomass power,2045,Construction&Manufacturing,Indirect,job-yr/MW,11.4938445273,11.4938445273,I-JEDI,I-JEDI,,25.0,2024.0,2.0,2024.0,Colombian Technology Catalogue,7. Biomass power plant,direct,,Linear interpolation,,,Biomass power plant,,CAPEX 2050/2030=0.940469872308534,2030,2045,11.4938445273,Linear interpolation between known datapoints
Biomass power,2045,Construction&Manufacturing,Induced,job-yr/MW,15.1618385708,15.1618385708,I-JEDI,I-JEDI,,25.0,2024.0,2.0,2024.0,Colombian Technology Catalogue,7. Biomass power plant,direct,,Linear interpolation,,,Biomass power plant,,CAPEX 2050/2030=0.940469872308534,2030,2045,15.1618385708,Linear interpolation between known datapoints
Biomass power,2045,O&M,Direct,job/MW,2.21078500824,2.21078500824,I-JEDI,I-JEDI,,25.0,2024.0,2.0,2024.0,Colombian Technology Catalogue,7. Biomass power plant,direct,,Linear interpolation,,,Biomass power plant,,OPEX 2050/2030=0.940068493150685,2030,2045,2.21078500824,Linear interpolation between known datapoints
Biomass power,2045,O&M,Indirect,job/MW,1.35716103789,1.35716103789,I-JEDI,I-JEDI,,25.0,2024.0,2.0,2024.0,Colombian Technology Catalogue,7. Biomass power plant,direct,,Linear interpolation,,,Biomass power plant,,OPEX 2050/2030=0.940068493150685,2030,2045,1.35716103789,Linear interpolation between known datapoints
Biomass power,2045,O&M,Induced,job/MW,1.53633937397,1.53633937397,I-JEDI,I-JEDI,,25.0,2024.0,2.0,2024.0,Colombian Technology Catalogue,7. Biomass power plant,direct,,Linear interpolation,,,Biomass power plant,,OPEX 2050/2030=0.940068493150685,2030,2045,1.53633937397,Linear interpolation between known datapoints
Biomass power,2046,Construction&Manufacturing,Direct,job-yr/MW,20.6356391996,20.6356391996,I-JEDI,I-JEDI,,25.0,2024.0,2.0,2024.0,Colombian Technology Catalogue,7. Biomass power plant,direct,,Linear interpolation,,,Biomass power plant,,CAPEX 2050/2030=0.940469872308534,2030,2046,20.6356391996,Linear interpolation between known datapoints
Biomass power,2046,Construction&Manufacturing,Indirect,job-yr/MW,11.4580341798,11.4580341798,I-JEDI,I-JEDI,,25.0,2024.0,2.0,2024.0,Colombian Technology Catalogue,7. Biomass power plant,direct,,Linear interpolation,,,Biomass power plant,,CAPEX 2050/2030=0.940469872308534,2030,2046,11.4580341798,Linear interpolation between known datapoints
Biomass power,2046,Construction&Manufacturing,Induced,job-yr/MW,15.114600181,15.114600181,I-JEDI,I-JEDI,,25.0,2024.0,2.0,2024.0,Colombian Technology Catalogue,7. Biomass power plant,direct,,Linear interpolation,,,Biomass power plant,,CAPEX 2050/2030=0.940469872308534,2030,2046,15.114600181,Linear interpolation between known datapoints
Biomass power,2046,O&M,Direct,job/MW,2.20384843493,2.20384843493,I-JEDI,I-JEDI,,25.0,2024.0,2.0,2024.0,Colombian Technology Catalogue,7. Biomass power plant,direct,,Linear interpolation,,,Biomass power plant,,OPEX 2050/2030=0.940068493150685,2030,2046,2.20384843493,Linear interpolation between known datapoints
Biomass power,2046,O&M,Indirect,job/MW,1.35290280066,1.35290280066,I-JEDI,I-JEDI,,25.0,2024.0,2.0,2024.0,Colombian Technology Catalogue,7. Biomass power plant,direct,,Linear interpolation,,,Biomass power plant,,OPEX 2050/2030=0.940068493150685,2030,2046,1.35290280066,Linear interpolation between known datapoints
Biomass power,2046,O&M,Induced,job/MW,1.53151894563,1.53151894563,I-JEDI,I-JEDI,,25.0,2024.0,2.0,2024.0,Colombian Technology Catalogue,7. Biomass power plant,direct,,Linear interpolation,,,Biomass power plant,,OPEX 2050/2030=0.940068493150685,2030,2046,1.53151894563,Linear interpolation between known datapoints
Biomass power,2047,Construction&Manufacturing,Direct,job-yr/MW,20.5711456399,20.5711456399,I-JEDI,I-JEDI,,25.0,2024.0,2.0,2024.0,Colombian Technology Catalogue,7. Biomass power plant,direct,,Linear interpolation,,,Biomass power plant,,CAPEX 2050/2030=0.940469872308534,2030,2047,20.5711456399,Linear interpolation between known datapoints
Biomass power,2047,Construction&Manufacturing,Indirect,job-yr/MW,11.4222238322,11.4222238322,I-JEDI,I-JEDI,,25.0,2024.0,2.0,2024.0,Colombian Technology Catalogue,7. Biomass power plant,direct,,Linear interpolation,,,Biomass power plant,,CAPEX 2050/2030=0.940469872308534,2030,2047,11.4222238322,Linear interpolation between known datapoints
Biomass power,2047,Construction&Manufacturing,Induced,job-yr/MW,15.0673617912,15.0673617912,I-JEDI,I-JEDI,,25.0,2024.0,2.0,2024.0,Colombian Technology Catalogue,7. Biomass power plant,direct,,Linear interpolation,,,Biomass power plant,,CAPEX 2050/2030=0.940469872308534,2030,2047,15.0673617912,Linear interpolation between known datapoints
Biomass power,2047,O&M,Direct,job/MW,2.19691186161,2.19691186161,I-JEDI,I-JEDI,,25.0,2024.0,2.0,2024.0,Colombian Technology Catalogue,7. Biomass power plant,direct,,Linear interpolation,,,Biomass power plant,,OPEX 2050/2030=0.940068493150685,2030,2047,2.19691186161,Linear interpolation between known datapoints
Biomass power,2047,O&M,Indirect,job/MW,1.34864456343,1.34864456343,I-JEDI,I-JEDI,,25.0,2024.0,2.0,2024.0,Colombian Technology Catalogue,7. Biomass power plant,direct,,Linear interpolation,,,Biomass power plant,,OPEX 2050/2030=0.940068493150685,2030,2047,1.34864456343,Linear interpolation between known datapoints
Biomass power,2047,O&M,Induced,job/MW,1.5266985173,1.5266985173,I-JEDI,I-JEDI,,25.0,2024.0,2.0,2024.0,Colombian Technology Catalogue,7. Biomass power plant,direct,,Linear interpolation,,,Biomass power plant,,OPEX 2050/2030=0.940068493150685,2030,2047,1.5266985173,Linear interpolation between known datapoints
Biomass power,2048,Construction&Manufacturing,Direct,job-yr/MW,20.5066520802,20.5066520802,I-JEDI,I-JEDI,,25.0,2024.0,2.0,2024.0,Colombian Technology Catalogue,7. Biomass power plant,direct,,Linear interpolation,,,Biomass power plant,,CAPEX 2050/2030=0.940469872308534,2030,2048,20.5066520802,Linear interpolation between known datapoints
Biomass power,2048,Construction&Manufacturing,Indirect,job-yr/MW,11.3864134847,11.3864134847,I-JEDI,I-JEDI,,25.0,2024.0,2.0,2024.0,Colombian Technology Catalogue,7. Biomass power plant,direct,,Linear interpolation,,,Biomass power plant,,CAPEX 2050/2030=0.940469872308534,2030,2048,11.3864134847,Linear interpolation between known datapoints
Biomass power,2048,Construction&Manufacturing,Induced,job-yr/MW,15.0201234013,15.0201234013,I-JEDI,I-JEDI,,25.0,2024.0,2.0,2024.0,Colombian Technology Catalogue,7. Biomass power plant,direct,,Linear interpolation,,,Biomass power plant,,CAPEX 2050/2030=0.940469872308534,2030,2048,15.0201234013,Linear interpolation between known datapoints
Biomass power,2048,O&M,Direct,job/MW,2.1899752883,2.1899752883,I-JEDI,I-JEDI,,25.0,2024.0,2.0,2024.0,Colombian Technology Catalogue,7. Biomass power plant,direct,,Linear interpolation,,,Biomass power plant,,OPEX 2050/2030=0.940068493150685,2030,2048,2.1899752883,Linear interpolation between known datapoints
Biomass power,2048,O&M,Indirect,job/MW,1.34438632619,1.34438632619,I-JEDI,I-JEDI,,25.0,2024.0,2.0,2024.0,Colombian Technology Catalogue,7. Biomass power plant,direct,,Linear interpolation,,,Biomass power plant,,OPEX 2050/2030=0.940068493150685,2030,2048,1.34438632619,Linear interpolation between known datapoints
Biomass power,2048,O&M,Induced,job/MW,1.52187808896,1.52187808896,I-JEDI,I-JEDI,,25.0,2024.0,2.0,2024.0,Colombian Technology Catalogue,7. Biomass power plant,direct,,Linear interpolation,,,Biomass power plant,,OPEX 2050/2030=0.940068493150685,2030,2048,1.52187808896,Linear interpolation between known datapoints
Biomass power,2049,Construction&Manufacturing,Direct,job-yr/MW,20.4421585205,20.4421585205,I-JEDI,I-JEDI,,25.0,2024.0,2.0,2024.0,Colombian Technology Catalogue,7. Biomass power plant,direct,,Linear interpolation,,,Biomass power plant,,CAPEX 2050/2030=0.940469872308534,2030,2049,20.4421585205,Linear interpolation between known datapoints
Biomass power,2049,Construction&Manufacturing,Indirect,job-yr/MW,11.3506031371,11.3506031371,I-JEDI,I-JEDI,,25.0,2024.0,2.0,2024.0,Colombian Technology Catalogue,7. Biomass power plant,direct,,Linear interpolation,,,Biomass power plant,,CAPEX 2050/2030=0.940469872308534,2030,2049,11.3506031371,Linear interpolation between known datapoints
Biomass power,2049,Construction&Manufacturing,Induced,job-yr/MW,14.9728850115,14.9728850115,I-JEDI,I-JEDI,,25.0,2024.0,2.0,2024.0,Colombian Technology Catalogue,7. Biomass power plant,direct,,Linear interpolation,,,Biomass power plant,,CAPEX 2050/2030=0.940469872308534,2030,2049,14.9728850115,Linear interpolation between known datapoints
Biomass power,2049,O&M,Direct,job/MW,2.18303871499,2.18303871499,I-JEDI,I-JEDI,,25.0,2024.0,2.0,2024.0,Colombian Technology Catalogue,7. Biomass power plant,direct,,Linear interpolation,,,Biomass power plant,,OPEX 2050/2030=0.940068493150685,2030,2049,2.18303871499,Linear interpolation between known datapoints
Biomass power,2049,O&M,Indirect,job/MW,1.34012808896,1.34012808896,I-JEDI,I-JEDI,,25.0,2024.0,2.0,2024.0,Colombian Technology Catalogue,7. Biomass power plant,direct,,Linear interpolation,,,Biomass power plant,,OPEX 2050/2030=0.940068493150685,2030,2049,1.34012808896,Linear interpolation between known datapoints
Biomass power,2049,O&M,Induced,job/MW,1.51705766063,1.51705766063,I-JEDI,I-JEDI,,25.0,2024.0,2.0,2024.0,Colombian Technology Catalogue,7. Biomass power plant,direct,,Linear interpolation,,,Biomass power plant,,OPEX 2050/2030=0.940068493150685,2030,2049,1.51705766063,Linear interpolation between known datapoints
Biomass power,2050,Construction&Manufacturing,Direct,job-yr/MW,20.3776649608,20.3776649608,I-JEDI,I-JEDI,,25.0,2024.0,2.0,2024.0,Colombian Technology Catalogue,7. Biomass power plant,direct,,CAPEX/OPEX ratio projection,,,Biomass power plant,,CAPEX 2050/2030=0.940469872308534,2030,2050,20.3776649608,Known datapoint
Biomass power,2050,Construction&Manufacturing,Indirect,job-yr/MW,11.3147927896,11.3147927896,I-JEDI,I-JEDI,,25.0,2024.0,2.0,2024.0,Colombian Technology Catalogue,7. Biomass power plant,direct,,CAPEX/OPEX ratio projection,,,Biomass power plant,,CAPEX 2050/2030=0.940469872308534,2030,2050,11.3147927896,Known datapoint
Biomass power,2050,Construction&Manufacturing,Induced,job-yr/MW,14.9256466216,14.9256466216,I-JEDI,I-JEDI,,25.0,2024.0,2.0,2024.0,Colombian Technology Catalogue,7. Biomass power plant,direct,,CAPEX/OPEX ratio projection,,,Biomass power plant,,CAPEX 2050/2030=0.940469872308534,2030,2050,14.9256466216,Known datapoint
Biomass power,2050,O&M,Direct,job/MW,2.17610214168,2.17610214168,I-JEDI,I-JEDI,,25.0,2024.0,2.0,2024.0,Colombian Technology Catalogue,7. Biomass power plant,direct,,CAPEX/OPEX ratio projection,,,Biomass power plant,,OPEX 2050/2030=0.940068493150685,2030,2050,2.17610214168,Known datapoint
Biomass power,2050,O&M,Indirect,job/MW,1.33586985173,1.33586985173,I-JEDI,I-JEDI,,25.0,2024.0,2.0,2024.0,Colombian Technology Catalogue,7. Biomass power plant,direct,,CAPEX/OPEX ratio projection,,,Biomass power plant,,OPEX 2050/2030=0.940068493150685,2030,2050,1.33586985173,Known datapoint
Biomass power,2050,O&M,Induced,job/MW,1.51223723229,1.51223723229,I-JEDI,I-JEDI,,25.0,2024.0,2.0,2024.0,Colombian Technology Catalogue,7. Biomass power plant,direct,,CAPEX/OPEX ratio projection,,,Biomass power plant,,OPEX 2050/2030=0.940068493150685,2030,2050,1.51223723229,Known datapoint
Biomass power,2051,Construction&Manufacturing,Direct,job-yr/MW,20.3776649608,20.3776649608,I-JEDI,I-JEDI,,25.0,2024.0,2.0,2024.0,Colombian Technology Catalogue,7. Biomass power plant,direct,,Linear interpolation,,,Biomass power plant,,CAPEX 2050/2030=0.940469872308534,2030,2051,20.3776649608,Linear interpolation to 2050; held constant after 2050
Biomass power,2051,Construction&Manufacturing,Indirect,job-yr/MW,11.3147927896,11.3147927896,I-JEDI,I-JEDI,,25.0,2024.0,2.0,2024.0,Colombian Technology Catalogue,7. Biomass power plant,direct,,Linear interpolation,,,Biomass power plant,,CAPEX 2050/2030=0.940469872308534,2030,2051,11.3147927896,Linear interpolation to 2050; held constant after 2050
Biomass power,2051,Construction&Manufacturing,Induced,job-yr/MW,14.9256466216,14.9256466216,I-JEDI,I-JEDI,,25.0,2024.0,2.0,2024.0,Colombian Technology Catalogue,7. Biomass power plant,direct,,Linear interpolation,,,Biomass power plant,,CAPEX 2050/2030=0.940469872308534,2030,2051,14.9256466216,Linear interpolation to 2050; held constant after 2050
Biomass power,2051,O&M,Direct,job/MW,2.17610214168,2.17610214168,I-JEDI,I-JEDI,,25.0,2024.0,2.0,2024.0,Colombian Technology Catalogue,7. Biomass power plant,direct,,Linear interpolation,,,Biomass power plant,,OPEX 2050/2030=0.940068493150685,2030,2051,2.17610214168,Linear interpolation to 2050; held constant after 2050
Biomass power,2051,O&M,Indirect,job/MW,1.33586985173,1.33586985173,I-JEDI,I-JEDI,,25.0,2024.0,2.0,2024.0,Colombian Technology Catalogue,7. Biomass power plant,direct,,Linear interpolation,,,Biomass power plant,,OPEX 2050/2030=0.940068493150685,2030,2051,1.33586985173,Linear interpolation to 2050; held constant after 2050
Biomass power,2051,O&M,Induced,job/MW,1.51223723229,1.51223723229,I-JEDI,I-JEDI,,25.0,2024.0,2.0,2024.0,Colombian Technology Catalogue,7. Biomass power plant,direct,,Linear interpolation,,,Biomass power plant,,OPEX 2050/2030=0.940068493150685,2030,2051,1.51223723229,Linear interpolation to 2050; held constant after 2050
Biomass power,2052,Construction&Manufacturing,Direct,job-yr/MW,20.3776649608,20.3776649608,I-JEDI,I-JEDI,,25.0,2024.0,2.0,2024.0,Colombian Technology Catalogue,7. Biomass power plant,direct,,Linear interpolation,,,Biomass power plant,,CAPEX 2050/2030=0.940469872308534,2030,2052,20.3776649608,Linear interpolation to 2050; held constant after 2050
Biomass power,2052,Construction&Manufacturing,Indirect,job-yr/MW,11.3147927896,11.3147927896,I-JEDI,I-JEDI,,25.0,2024.0,2.0,2024.0,Colombian Technology Catalogue,7. Biomass power plant,direct,,Linear interpolation,,,Biomass power plant,,CAPEX 2050/2030=0.940469872308534,2030,2052,11.3147927896,Linear interpolation to 2050; held constant after 2050
Biomass power,2052,Construction&Manufacturing,Induced,job-yr/MW,14.9256466216,14.9256466216,I-JEDI,I-JEDI,,25.0,2024.0,2.0,2024.0,Colombian Technology Catalogue,7. Biomass power plant,direct,,Linear interpolation,,,Biomass power plant,,CAPEX 2050/2030=0.940469872308534,2030,2052,14.9256466216,Linear interpolation to 2050; held constant after 2050
Biomass power,2052,O&M,Direct,job/MW,2.17610214168,2.17610214168,I-JEDI,I-JEDI,,25.0,2024.0,2.0,2024.0,Colombian Technology Catalogue,7. Biomass power plant,direct,,Linear interpolation,,,Biomass power plant,,OPEX 2050/2030=0.940068493150685,2030,2052,2.17610214168,Linear interpolation to 2050; held constant after 2050
Biomass power,2052,O&M,Indirect,job/MW,1.33586985173,1.33586985173,I-JEDI,I-JEDI,,25.0,2024.0,2.0,2024.0,Colombian Technology Catalogue,7. Biomass power plant,direct,,Linear interpolation,,,Biomass power plant,,OPEX 2050/2030=0.940068493150685,2030,2052,1.33586985173,Linear interpolation to 2050; held constant after 2050
Biomass power,2052,O&M,Induced,job/MW,1.51223723229,1.51223723229,I-JEDI,I-JEDI,,25.0,2024.0,2.0,2024.0,Colombian Technology Catalogue,7. Biomass power plant,direct,,Linear interpolation,,,Biomass power plant,,OPEX 2050/2030=0.940068493150685,2030,2052,1.51223723229,Linear interpolation to 2050; held constant after 2050
Biomass power,2053,Construction&Manufacturing,Direct,job-yr/MW,20.3776649608,20.3776649608,I-JEDI,I-JEDI,,25.0,2024.0,2.0,2024.0,Colombian Technology Catalogue,7. Biomass power plant,direct,,Linear interpolation,,,Biomass power plant,,CAPEX 2050/2030=0.940469872308534,2030,2053,20.3776649608,Linear interpolation to 2050; held constant after 2050
Biomass power,2053,Construction&Manufacturing,Indirect,job-yr/MW,11.3147927896,11.3147927896,I-JEDI,I-JEDI,,25.0,2024.0,2.0,2024.0,Colombian Technology Catalogue,7. Biomass power plant,direct,,Linear interpolation,,,Biomass power plant,,CAPEX 2050/2030=0.940469872308534,2030,2053,11.3147927896,Linear interpolation to 2050; held constant after 2050
Biomass power,2053,Construction&Manufacturing,Induced,job-yr/MW,14.9256466216,14.9256466216,I-JEDI,I-JEDI,,25.0,2024.0,2.0,2024.0,Colombian Technology Catalogue,7. Biomass power plant,direct,,Linear interpolation,,,Biomass power plant,,CAPEX 2050/2030=0.940469872308534,2030,2053,14.9256466216,Linear interpolation to 2050; held constant after 2050
Biomass power,2053,O&M,Direct,job/MW,2.17610214168,2.17610214168,I-JEDI,I-JEDI,,25.0,2024.0,2.0,2024.0,Colombian Technology Catalogue,7. Biomass power plant,direct,,Linear interpolation,,,Biomass power plant,,OPEX 2050/2030=0.940068493150685,2030,2053,2.17610214168,Linear interpolation to 2050; held constant after 2050
Biomass power,2053,O&M,Indirect,job/MW,1.33586985173,1.33586985173,I-JEDI,I-JEDI,,25.0,2024.0,2.0,2024.0,Colombian Technology Catalogue,7. Biomass power plant,direct,,Linear interpolation,,,Biomass power plant,,OPEX 2050/2030=0.940068493150685,2030,2053,1.33586985173,Linear interpolation to 2050; held constant after 2050
Biomass power,2053,O&M,Induced,job/MW,1.51223723229,1.51223723229,I-JEDI,I-JEDI,,25.0,2024.0,2.0,2024.0,Colombian Technology Catalogue,7. Biomass power plant,direct,,Linear interpolation,,,Biomass power plant,,OPEX 2050/2030=0.940068493150685,2030,2053,1.51223723229,Linear interpolation to 2050; held constant after 2050
Biomass power,2054,Construction&Manufacturing,Direct,job-yr/MW,20.3776649608,20.3776649608,I-JEDI,I-JEDI,,25.0,2024.0,2.0,2024.0,Colombian Technology Catalogue,7. Biomass power plant,direct,,Linear interpolation,,,Biomass power plant,,CAPEX 2050/2030=0.940469872308534,2030,2054,20.3776649608,Linear interpolation to 2050; held constant after 2050
Biomass power,2054,Construction&Manufacturing,Indirect,job-yr/MW,11.3147927896,11.3147927896,I-JEDI,I-JEDI,,25.0,2024.0,2.0,2024.0,Colombian Technology Catalogue,7. Biomass power plant,direct,,Linear interpolation,,,Biomass power plant,,CAPEX 2050/2030=0.940469872308534,2030,2054,11.3147927896,Linear interpolation to 2050; held constant after 2050
Biomass power,2054,Construction&Manufacturing,Induced,job-yr/MW,14.9256466216,14.9256466216,I-JEDI,I-JEDI,,25.0,2024.0,2.0,2024.0,Colombian Technology Catalogue,7. Biomass power plant,direct,,Linear interpolation,,,Biomass power plant,,CAPEX 2050/2030=0.940469872308534,2030,2054,14.9256466216,Linear interpolation to 2050; held constant after 2050
Biomass power,2054,O&M,Direct,job/MW,2.17610214168,2.17610214168,I-JEDI,I-JEDI,,25.0,2024.0,2.0,2024.0,Colombian Technology Catalogue,7. Biomass power plant,direct,,Linear interpolation,,,Biomass power plant,,OPEX 2050/2030=0.940068493150685,2030,2054,2.17610214168,Linear interpolation to 2050; held constant after 2050
Biomass power,2054,O&M,Indirect,job/MW,1.33586985173,1.33586985173,I-JEDI,I-JEDI,,25.0,2024.0,2.0,2024.0,Colombian Technology Catalogue,7. Biomass power plant,direct,,Linear interpolation,,,Biomass power plant,,OPEX 2050/2030=0.940068493150685,2030,2054,1.33586985173,Linear interpolation to 2050; held constant after 2050
Biomass power,2054,O&M,Induced,job/MW,1.51223723229,1.51223723229,I-JEDI,I-JEDI,,25.0,2024.0,2.0,2024.0,Colombian Technology Catalogue,7. Biomass power plant,direct,,Linear interpolation,,,Biomass power plant,,OPEX 2050/2030=0.940068493150685,2030,2054,1.51223723229,Linear interpolation to 2050; held constant after 2050
Biomass power,2055,Construction&Manufacturing,Direct,job-yr/MW,20.3776649608,20.3776649608,I-JEDI,I-JEDI,,25.0,2024.0,2.0,2024.0,Colombian Technology Catalogue,7. Biomass power plant,direct,,Linear interpolation,,,Biomass power plant,,CAPEX 2050/2030=0.940469872308534,2030,2055,20.3776649608,Linear interpolation to 2050; held constant after 2050
Biomass power,2055,Construction&Manufacturing,Indirect,job-yr/MW,11.3147927896,11.3147927896,I-JEDI,I-JEDI,,25.0,2024.0,2.0,2024.0,Colombian Technology Catalogue,7. Biomass power plant,direct,,Linear interpolation,,,Biomass power plant,,CAPEX 2050/2030=0.940469872308534,2030,2055,11.3147927896,Linear interpolation to 2050; held constant after 2050
Biomass power,2055,Construction&Manufacturing,Induced,job-yr/MW,14.9256466216,14.9256466216,I-JEDI,I-JEDI,,25.0,2024.0,2.0,2024.0,Colombian Technology Catalogue,7. Biomass power plant,direct,,Linear interpolation,,,Biomass power plant,,CAPEX 2050/2030=0.940469872308534,2030,2055,14.9256466216,Linear interpolation to 2050; held constant after 2050
Biomass power,2055,O&M,Direct,job/MW,2.17610214168,2.17610214168,I-JEDI,I-JEDI,,25.0,2024.0,2.0,2024.0,Colombian Technology Catalogue,7. Biomass power plant,direct,,Linear interpolation,,,Biomass power plant,,OPEX 2050/2030=0.940068493150685,2030,2055,2.17610214168,Linear interpolation to 2050; held constant after 2050
Biomass power,2055,O&M,Indirect,job/MW,1.33586985173,1.33586985173,I-JEDI,I-JEDI,,25.0,2024.0,2.0,2024.0,Colombian Technology Catalogue,7. Biomass power plant,direct,,Linear interpolation,,,Biomass power plant,,OPEX 2050/2030=0.940068493150685,2030,2055,1.33586985173,Linear interpolation to 2050; held constant after 2050
Biomass power,2055,O&M,Induced,job/MW,1.51223723229,1.51223723229,I-JEDI,I-JEDI,,25.0,2024.0,2.0,2024.0,Colombian Technology Catalogue,7. Biomass power plant,direct,,Linear interpolation,,,Biomass power plant,,OPEX 2050/2030=0.940068493150685,2030,2055,1.51223723229,Linear interpolation to 2050; held constant after 2050
Coal power,2024,Construction,Direct,job-yr/MW,11.2,11.2,Rutovitz 2015,Rutovitz 2015,,30.0,2024.0,4.0,2024.0,Colombian Technology Catalogue,9. Coal Supercritical,direct,,Linear interpolation,Coal,,Coal Supercritical,,CAPEX 2050/2030=0.9607509570263428,2030,2024,11.2,Linear interpolation between known datapoints
Coal power,2024,Construction&Manufacturing,Direct,job-yr/MW,16.6,16.6,Rutovitz 2015,Rutovitz 2015,,30.0,2024.0,4.0,2024.0,Colombian Technology Catalogue,9. Coal Supercritical,direct,,Linear interpolation,Coal,,Coal Supercritical,,Construction + Manufacturing; full regional manufacturing assumed by Rutovitz 2015 method,2030,2024,16.6,Linear interpolation between known datapoints
Coal power,2024,Manufacturing,Direct,job-yr/MW,5.4,5.4,Rutovitz 2015,Rutovitz 2015,,30.0,2024.0,4.0,2024.0,Colombian Technology Catalogue,9. Coal Supercritical,direct,,Linear interpolation,Coal,,Coal Supercritical,,CAPEX 2050/2030=0.9607509570263428,2030,2024,5.4,Linear interpolation between known datapoints
Coal power,2024,O&M,Direct,job/MW,0.14,0.14,Rutovitz 2015,Rutovitz 2015,,30.0,2024.0,4.0,2024.0,Colombian Technology Catalogue,9. Coal Supercritical,direct,,Linear interpolation,Coal,,Coal Supercritical,,OPEX 2050/2030=0.9599198396793588,2030,2024,0.14,Linear interpolation between known datapoints
Coal power,2025,Construction,Direct,job-yr/MW,11.2,11.2,Rutovitz 2015,Rutovitz 2015,,30.0,2024.0,4.0,2024.0,Colombian Technology Catalogue,9. Coal Supercritical,direct,,Linear interpolation,Coal,,Coal Supercritical,,CAPEX 2050/2030=0.9607509570263428,2030,2025,11.2,Linear interpolation between known datapoints
Coal power,2025,Construction&Manufacturing,Direct,job-yr/MW,16.6,16.6,Rutovitz 2015,Rutovitz 2015,,30.0,2024.0,4.0,2024.0,Colombian Technology Catalogue,9. Coal Supercritical,direct,,Linear interpolation,Coal,,Coal Supercritical,,Construction + Manufacturing; full regional manufacturing assumed by Rutovitz 2015 method,2030,2025,16.6,Linear interpolation between known datapoints
Coal power,2025,Manufacturing,Direct,job-yr/MW,5.4,5.4,Rutovitz 2015,Rutovitz 2015,,30.0,2024.0,4.0,2024.0,Colombian Technology Catalogue,9. Coal Supercritical,direct,,Linear interpolation,Coal,,Coal Supercritical,,CAPEX 2050/2030=0.9607509570263428,2030,2025,5.4,Linear interpolation between known datapoints
Coal power,2025,O&M,Direct,job/MW,0.14,0.14,Rutovitz 2015,Rutovitz 2015,,30.0,2024.0,4.0,2024.0,Colombian Technology Catalogue,9. Coal Supercritical,direct,,Linear interpolation,Coal,,Coal Supercritical,,OPEX 2050/2030=0.9599198396793588,2030,2025,0.14,Linear interpolation between known datapoints
Coal power,2026,Construction,Direct,job-yr/MW,11.2,11.2,Rutovitz 2015,Rutovitz 2015,,30.0,2024.0,4.0,2024.0,Colombian Technology Catalogue,9. Coal Supercritical,direct,,Linear interpolation,Coal,,Coal Supercritical,,CAPEX 2050/2030=0.9607509570263428,2030,2026,11.2,Linear interpolation between known datapoints
Coal power,2026,Construction&Manufacturing,Direct,job-yr/MW,16.6,16.6,Rutovitz 2015,Rutovitz 2015,,30.0,2024.0,4.0,2024.0,Colombian Technology Catalogue,9. Coal Supercritical,direct,,Linear interpolation,Coal,,Coal Supercritical,,Construction + Manufacturing; full regional manufacturing assumed by Rutovitz 2015 method,2030,2026,16.6,Linear interpolation between known datapoints
Coal power,2026,Manufacturing,Direct,job-yr/MW,5.4,5.4,Rutovitz 2015,Rutovitz 2015,,30.0,2024.0,4.0,2024.0,Colombian Technology Catalogue,9. Coal Supercritical,direct,,Linear interpolation,Coal,,Coal Supercritical,,CAPEX 2050/2030=0.9607509570263428,2030,2026,5.4,Linear interpolation between known datapoints
Coal power,2026,O&M,Direct,job/MW,0.14,0.14,Rutovitz 2015,Rutovitz 2015,,30.0,2024.0,4.0,2024.0,Colombian Technology Catalogue,9. Coal Supercritical,direct,,Linear interpolation,Coal,,Coal Supercritical,,OPEX 2050/2030=0.9599198396793588,2030,2026,0.14,Linear interpolation between known datapoints
Coal power,2027,Construction,Direct,job-yr/MW,11.2,11.2,Rutovitz 2015,Rutovitz 2015,,30.0,2024.0,4.0,2024.0,Colombian Technology Catalogue,9. Coal Supercritical,direct,,Linear interpolation,Coal,,Coal Supercritical,,CAPEX 2050/2030=0.9607509570263428,2030,2027,11.2,Linear interpolation between known datapoints
Coal power,2027,Construction&Manufacturing,Direct,job-yr/MW,16.6,16.6,Rutovitz 2015,Rutovitz 2015,,30.0,2024.0,4.0,2024.0,Colombian Technology Catalogue,9. Coal Supercritical,direct,,Linear interpolation,Coal,,Coal Supercritical,,Construction + Manufacturing; full regional manufacturing assumed by Rutovitz 2015 method,2030,2027,16.6,Linear interpolation between known datapoints
Coal power,2027,Manufacturing,Direct,job-yr/MW,5.4,5.4,Rutovitz 2015,Rutovitz 2015,,30.0,2024.0,4.0,2024.0,Colombian Technology Catalogue,9. Coal Supercritical,direct,,Linear interpolation,Coal,,Coal Supercritical,,CAPEX 2050/2030=0.9607509570263428,2030,2027,5.4,Linear interpolation between known datapoints
Coal power,2027,O&M,Direct,job/MW,0.14,0.14,Rutovitz 2015,Rutovitz 2015,,30.0,2024.0,4.0,2024.0,Colombian Technology Catalogue,9. Coal Supercritical,direct,,Linear interpolation,Coal,,Coal Supercritical,,OPEX 2050/2030=0.9599198396793588,2030,2027,0.14,Linear interpolation between known datapoints
Coal power,2028,Construction,Direct,job-yr/MW,11.2,11.2,Rutovitz 2015,Rutovitz 2015,,30.0,2024.0,4.0,2024.0,Colombian Technology Catalogue,9. Coal Supercritical,direct,,Linear interpolation,Coal,,Coal Supercritical,,CAPEX 2050/2030=0.9607509570263428,2030,2028,11.2,Linear interpolation between known datapoints
Coal power,2028,Construction&Manufacturing,Direct,job-yr/MW,16.6,16.6,Rutovitz 2015,Rutovitz 2015,,30.0,2024.0,4.0,2024.0,Colombian Technology Catalogue,9. Coal Supercritical,direct,,Linear interpolation,Coal,,Coal Supercritical,,Construction + Manufacturing; full regional manufacturing assumed by Rutovitz 2015 method,2030,2028,16.6,Linear interpolation between known datapoints
Coal power,2028,Manufacturing,Direct,job-yr/MW,5.4,5.4,Rutovitz 2015,Rutovitz 2015,,30.0,2024.0,4.0,2024.0,Colombian Technology Catalogue,9. Coal Supercritical,direct,,Linear interpolation,Coal,,Coal Supercritical,,CAPEX 2050/2030=0.9607509570263428,2030,2028,5.4,Linear interpolation between known datapoints
Coal power,2028,O&M,Direct,job/MW,0.14,0.14,Rutovitz 2015,Rutovitz 2015,,30.0,2024.0,4.0,2024.0,Colombian Technology Catalogue,9. Coal Supercritical,direct,,Linear interpolation,Coal,,Coal Supercritical,,OPEX 2050/2030=0.9599198396793588,2030,2028,0.14,Linear interpolation between known datapoints
Coal power,2029,Construction,Direct,job-yr/MW,11.2,11.2,Rutovitz 2015,Rutovitz 2015,,30.0,2024.0,4.0,2024.0,Colombian Technology Catalogue,9. Coal Supercritical,direct,,Linear interpolation,Coal,,Coal Supercritical,,CAPEX 2050/2030=0.9607509570263428,2030,2029,11.2,Linear interpolation between known datapoints
Coal power,2029,Construction&Manufacturing,Direct,job-yr/MW,16.6,16.6,Rutovitz 2015,Rutovitz 2015,,30.0,2024.0,4.0,2024.0,Colombian Technology Catalogue,9. Coal Supercritical,direct,,Linear interpolation,Coal,,Coal Supercritical,,Construction + Manufacturing; full regional manufacturing assumed by Rutovitz 2015 method,2030,2029,16.6,Linear interpolation between known datapoints
Coal power,2029,Manufacturing,Direct,job-yr/MW,5.4,5.4,Rutovitz 2015,Rutovitz 2015,,30.0,2024.0,4.0,2024.0,Colombian Technology Catalogue,9. Coal Supercritical,direct,,Linear interpolation,Coal,,Coal Supercritical,,CAPEX 2050/2030=0.9607509570263428,2030,2029,5.4,Linear interpolation between known datapoints
Coal power,2029,O&M,Direct,job/MW,0.14,0.14,Rutovitz 2015,Rutovitz 2015,,30.0,2024.0,4.0,2024.0,Colombian Technology Catalogue,9. Coal Supercritical,direct,,Linear interpolation,Coal,,Coal Supercritical,,OPEX 2050/2030=0.9599198396793588,2030,2029,0.14,Linear interpolation between known datapoints
Coal power,2030,Construction,Direct,job-yr/MW,11.2,11.2,Rutovitz 2015,Rutovitz 2015,,30.0,2024.0,4.0,2024.0,Colombian Technology Catalogue,9. Coal Supercritical,direct,,Rutovitz Table 9 decline to 2030,Coal,1.0,,,Rutovitz Table 9 Latin America 2030,2015,2030,11.2,Known datapoint
Coal power,2030,Construction&Manufacturing,Direct,job-yr/MW,16.6,16.6,Rutovitz 2015,Rutovitz 2015,,30.0,2024.0,4.0,2024.0,Colombian Technology Catalogue,9. Coal Supercritical,direct,,Derived Construction&Manufacturing,Coal,1.0,,,Construction + Manufacturing; full regional manufacturing assumed by Rutovitz 2015 method,2015,2030,16.6,Known datapoint
Coal power,2030,Manufacturing,Direct,job-yr/MW,5.4,5.4,Rutovitz 2015,Rutovitz 2015,,30.0,2024.0,4.0,2024.0,Colombian Technology Catalogue,9. Coal Supercritical,direct,,Rutovitz Table 9 decline to 2030,Coal,1.0,,,Rutovitz Table 9 Latin America 2030,2015,2030,5.4,Known datapoint
Coal power,2030,O&M,Direct,job/MW,0.14,0.14,Rutovitz 2015,Rutovitz 2015,,30.0,2024.0,4.0,2024.0,Colombian Technology Catalogue,9. Coal Supercritical,direct,,Rutovitz Table 9 decline to 2030,Coal,1.0,,,Rutovitz Table 9 Latin America 2030,2015,2030,0.14,Known datapoint
Coal power,2031,Construction,Direct,job-yr/MW,11.1780205359,11.1780205359,Rutovitz 2015,Rutovitz 2015,,30.0,2024.0,4.0,2024.0,Colombian Technology Catalogue,9. Coal Supercritical,direct,,Linear interpolation,Coal,,Coal Supercritical,,CAPEX 2050/2030=0.9607509570263428,2030,2031,11.1780205359,Linear interpolation between known datapoints
Coal power,2031,Construction&Manufacturing,Direct,job-yr/MW,16.5674232943,16.5674232943,Rutovitz 2015,Rutovitz 2015,,30.0,2024.0,4.0,2024.0,Colombian Technology Catalogue,9. Coal Supercritical,direct,,Linear interpolation,Coal,,Coal Supercritical,,Construction + Manufacturing; full regional manufacturing assumed by Rutovitz 2015 method,2030,2031,16.5674232943,Linear interpolation between known datapoints
Coal power,2031,Manufacturing,Direct,job-yr/MW,5.3894027584,5.3894027584,Rutovitz 2015,Rutovitz 2015,,30.0,2024.0,4.0,2024.0,Colombian Technology Catalogue,9. Coal Supercritical,direct,,Linear interpolation,Coal,,Coal Supercritical,,CAPEX 2050/2030=0.9607509570263428,2030,2031,5.3894027584,Linear interpolation between known datapoints
Coal power,2031,O&M,Direct,job/MW,0.139719438878,0.139719438878,Rutovitz 2015,Rutovitz 2015,,30.0,2024.0,4.0,2024.0,Colombian Technology Catalogue,9. Coal Supercritical,direct,,Linear interpolation,Coal,,Coal Supercritical,,OPEX 2050/2030=0.9599198396793588,2030,2031,0.139719438878,Linear interpolation between known datapoints
Coal power,2032,Construction,Direct,job-yr/MW,11.1560410719,11.1560410719,Rutovitz 2015,Rutovitz 2015,,30.0,2024.0,4.0,2024.0,Colombian Technology Catalogue,9. Coal Supercritical,direct,,Linear interpolation,Coal,,Coal Supercritical,,CAPEX 2050/2030=0.9607509570263428,2030,2032,11.1560410719,Linear interpolation between known datapoints
Coal power,2032,Construction&Manufacturing,Direct,job-yr/MW,16.5348465887,16.5348465887,Rutovitz 2015,Rutovitz 2015,,30.0,2024.0,4.0,2024.0,Colombian Technology Catalogue,9. Coal Supercritical,direct,,Linear interpolation,Coal,,Coal Supercritical,,Construction + Manufacturing; full regional manufacturing assumed by Rutovitz 2015 method,2030,2032,16.5348465887,Linear interpolation between known datapoints
Coal power,2032,Manufacturing,Direct,job-yr/MW,5.37880551679,5.37880551679,Rutovitz 2015,Rutovitz 2015,,30.0,2024.0,4.0,2024.0,Colombian Technology Catalogue,9. Coal Supercritical,direct,,Linear interpolation,Coal,,Coal Supercritical,,CAPEX 2050/2030=0.9607509570263428,2030,2032,5.37880551679,Linear interpolation between known datapoints
Coal power,2032,O&M,Direct,job/MW,0.139438877756,0.139438877756,Rutovitz 2015,Rutovitz 2015,,30.0,2024.0,4.0,2024.0,Colombian Technology Catalogue,9. Coal Supercritical,direct,,Linear interpolation,Coal,,Coal Supercritical,,OPEX 2050/2030=0.9599198396793588,2030,2032,0.139438877756,Linear interpolation between known datapoints
Coal power,2033,Construction,Direct,job-yr/MW,11.1340616078,11.1340616078,Rutovitz 2015,Rutovitz 2015,,30.0,2024.0,4.0,2024.0,Colombian Technology Catalogue,9. Coal Supercritical,direct,,Linear interpolation,Coal,,Coal Supercritical,,CAPEX 2050/2030=0.9607509570263428,2030,2033,11.1340616078,Linear interpolation between known datapoints
Coal power,2033,Construction&Manufacturing,Direct,job-yr/MW,16.502269883,16.502269883,Rutovitz 2015,Rutovitz 2015,,30.0,2024.0,4.0,2024.0,Colombian Technology Catalogue,9. Coal Supercritical,direct,,Linear interpolation,Coal,,Coal Supercritical,,Construction + Manufacturing; full regional manufacturing assumed by Rutovitz 2015 method,2030,2033,16.502269883,Linear interpolation between known datapoints
Coal power,2033,Manufacturing,Direct,job-yr/MW,5.36820827519,5.36820827519,Rutovitz 2015,Rutovitz 2015,,30.0,2024.0,4.0,2024.0,Colombian Technology Catalogue,9. Coal Supercritical,direct,,Linear interpolation,Coal,,Coal Supercritical,,CAPEX 2050/2030=0.9607509570263428,2030,2033,5.36820827519,Linear interpolation between known datapoints
Coal power,2033,O&M,Direct,job/MW,0.139158316633,0.139158316633,Rutovitz 2015,Rutovitz 2015,,30.0,2024.0,4.0,2024.0,Colombian Technology Catalogue,9. Coal Supercritical,direct,,Linear interpolation,Coal,,Coal Supercritical,,OPEX 2050/2030=0.9599198396793588,2030,2033,0.139158316633,Linear interpolation between known datapoints
Coal power,2034,Construction,Direct,job-yr/MW,11.1120821437,11.1120821437,Rutovitz 2015,Rutovitz 2015,,30.0,2024.0,4.0,2024.0,Colombian Technology Catalogue,9. Coal Supercritical,direct,,Linear interpolation,Coal,,Coal Supercritical,,CAPEX 2050/2030=0.9607509570263428,2030,2034,11.1120821437,Linear interpolation between known datapoints
Coal power,2034,Construction&Manufacturing,Direct,job-yr/MW,16.4696931773,16.4696931773,Rutovitz 2015,Rutovitz 2015,,30.0,2024.0,4.0,2024.0,Colombian Technology Catalogue,9. Coal Supercritical,direct,,Linear interpolation,Coal,,Coal Supercritical,,Construction + Manufacturing; full regional manufacturing assumed by Rutovitz 2015 method,2030,2034,16.4696931773,Linear interpolation between known datapoints
Coal power,2034,Manufacturing,Direct,job-yr/MW,5.35761103359,5.35761103359,Rutovitz 2015,Rutovitz 2015,,30.0,2024.0,4.0,2024.0,Colombian Technology Catalogue,9. Coal Supercritical,direct,,Linear interpolation,Coal,,Coal Supercritical,,CAPEX 2050/2030=0.9607509570263428,2030,2034,5.35761103359,Linear interpolation between known datapoints
Coal power,2034,O&M,Direct,job/MW,0.138877755511,0.138877755511,Rutovitz 2015,Rutovitz 2015,,30.0,2024.0,4.0,2024.0,Colombian Technology Catalogue,9. Coal Supercritical,direct,,Linear interpolation,Coal,,Coal Supercritical,,OPEX 2050/2030=0.9599198396793588,2030,2034,0.138877755511,Linear interpolation between known datapoints
Coal power,2035,Construction,Direct,job-yr/MW,11.0901026797,11.0901026797,Rutovitz 2015,Rutovitz 2015,,30.0,2024.0,4.0,2024.0,Colombian Technology Catalogue,9. Coal Supercritical,direct,,Linear interpolation,Coal,,Coal Supercritical,,CAPEX 2050/2030=0.9607509570263428,2030,2035,11.0901026797,Linear interpolation between known datapoints
Coal power,2035,Construction&Manufacturing,Direct,job-yr/MW,16.4371164717,16.4371164717,Rutovitz 2015,Rutovitz 2015,,30.0,2024.0,4.0,2024.0,Colombian Technology Catalogue,9. Coal Supercritical,direct,,Linear interpolation,Coal,,Coal Supercritical,,Construction + Manufacturing; full regional manufacturing assumed by Rutovitz 2015 method,2030,2035,16.4371164717,Linear interpolation between known datapoints
Coal power,2035,Manufacturing,Direct,job-yr/MW,5.34701379199,5.34701379199,Rutovitz 2015,Rutovitz 2015,,30.0,2024.0,4.0,2024.0,Colombian Technology Catalogue,9. Coal Supercritical,direct,,Linear interpolation,Coal,,Coal Supercritical,,CAPEX 2050/2030=0.9607509570263428,2030,2035,5.34701379199,Linear interpolation between known datapoints
Coal power,2035,O&M,Direct,job/MW,0.138597194389,0.138597194389,Rutovitz 2015,Rutovitz 2015,,30.0,2024.0,4.0,2024.0,Colombian Technology Catalogue,9. Coal Supercritical,direct,,Linear interpolation,Coal,,Coal Supercritical,,OPEX 2050/2030=0.9599198396793588,2030,2035,0.138597194389,Linear interpolation between known datapoints
Coal power,2036,Construction,Direct,job-yr/MW,11.0681232156,11.0681232156,Rutovitz 2015,Rutovitz 2015,,30.0,2024.0,4.0,2024.0,Colombian Technology Catalogue,9. Coal Supercritical,direct,,Linear interpolation,Coal,,Coal Supercritical,,CAPEX 2050/2030=0.9607509570263428,2030,2036,11.0681232156,Linear interpolation between known datapoints
Coal power,2036,Construction&Manufacturing,Direct,job-yr/MW,16.404539766,16.404539766,Rutovitz 2015,Rutovitz 2015,,30.0,2024.0,4.0,2024.0,Colombian Technology Catalogue,9. Coal Supercritical,direct,,Linear interpolation,Coal,,Coal Supercritical,,Construction + Manufacturing; full regional manufacturing assumed by Rutovitz 2015 method,2030,2036,16.404539766,Linear interpolation between known datapoints
Coal power,2036,Manufacturing,Direct,job-yr/MW,5.33641655038,5.33641655038,Rutovitz 2015,Rutovitz 2015,,30.0,2024.0,4.0,2024.0,Colombian Technology Catalogue,9. Coal Supercritical,direct,,Linear interpolation,Coal,,Coal Supercritical,,CAPEX 2050/2030=0.9607509570263428,2030,2036,5.33641655038,Linear interpolation between known datapoints
Coal power,2036,O&M,Direct,job/MW,0.138316633267,0.138316633267,Rutovitz 2015,Rutovitz 2015,,30.0,2024.0,4.0,2024.0,Colombian Technology Catalogue,9. Coal Supercritical,direct,,Linear interpolation,Coal,,Coal Supercritical,,OPEX 2050/2030=0.9599198396793588,2030,2036,0.138316633267,Linear interpolation between known datapoints
Coal power,2037,Construction,Direct,job-yr/MW,11.0461437515,11.0461437515,Rutovitz 2015,Rutovitz 2015,,30.0,2024.0,4.0,2024.0,Colombian Technology Catalogue,9. Coal Supercritical,direct,,Linear interpolation,Coal,,Coal Supercritical,,CAPEX 2050/2030=0.9607509570263428,2030,2037,11.0461437515,Linear interpolation between known datapoints
Coal power,2037,Construction&Manufacturing,Direct,job-yr/MW,16.3719630603,16.3719630603,Rutovitz 2015,Rutovitz 2015,,30.0,2024.0,4.0,2024.0,Colombian Technology Catalogue,9. Coal Supercritical,direct,,Linear interpolation,Coal,,Coal Supercritical,,Construction + Manufacturing; full regional manufacturing assumed by Rutovitz 2015 method,2030,2037,16.3719630603,Linear interpolation between known datapoints
Coal power,2037,Manufacturing,Direct,job-yr/MW,5.32581930878,5.32581930878,Rutovitz 2015,Rutovitz 2015,,30.0,2024.0,4.0,2024.0,Colombian Technology Catalogue,9. Coal Supercritical,direct,,Linear interpolation,Coal,,Coal Supercritical,,CAPEX 2050/2030=0.9607509570263428,2030,2037,5.32581930878,Linear interpolation between known datapoints
Coal power,2037,O&M,Direct,job/MW,0.138036072144,0.138036072144,Rutovitz 2015,Rutovitz 2015,,30.0,2024.0,4.0,2024.0,Colombian Technology Catalogue,9. Coal Supercritical,direct,,Linear interpolation,Coal,,Coal Supercritical,,OPEX 2050/2030=0.9599198396793588,2030,2037,0.138036072144,Linear interpolation between known datapoints
Coal power,2038,Construction,Direct,job-yr/MW,11.0241642875,11.0241642875,Rutovitz 2015,Rutovitz 2015,,30.0,2024.0,4.0,2024.0,Colombian Technology Catalogue,9. Coal Supercritical,direct,,Linear interpolation,Coal,,Coal Supercritical,,CAPEX 2050/2030=0.9607509570263428,2030,2038,11.0241642875,Linear interpolation between known datapoints
Coal power,2038,Construction&Manufacturing,Direct,job-yr/MW,16.3393863547,16.3393863547,Rutovitz 2015,Rutovitz 2015,,30.0,2024.0,4.0,2024.0,Colombian Technology Catalogue,9. Coal Supercritical,direct,,Linear interpolation,Coal,,Coal Supercritical,,Construction + Manufacturing; full regional manufacturing assumed by Rutovitz 2015 method,2030,2038,16.3393863547,Linear interpolation between known datapoints
Coal power,2038,Manufacturing,Direct,job-yr/MW,5.31522206718,5.31522206718,Rutovitz 2015,Rutovitz 2015,,30.0,2024.0,4.0,2024.0,Colombian Technology Catalogue,9. Coal Supercritical,direct,,Linear interpolation,Coal,,Coal Supercritical,,CAPEX 2050/2030=0.9607509570263428,2030,2038,5.31522206718,Linear interpolation between known datapoints
Coal power,2038,O&M,Direct,job/MW,0.137755511022,0.137755511022,Rutovitz 2015,Rutovitz 2015,,30.0,2024.0,4.0,2024.0,Colombian Technology Catalogue,9. Coal Supercritical,direct,,Linear interpolation,Coal,,Coal Supercritical,,OPEX 2050/2030=0.9599198396793588,2030,2038,0.137755511022,Linear interpolation between known datapoints
Coal power,2039,Construction,Direct,job-yr/MW,11.0021848234,11.0021848234,Rutovitz 2015,Rutovitz 2015,,30.0,2024.0,4.0,2024.0,Colombian Technology Catalogue,9. Coal Supercritical,direct,,Linear interpolation,Coal,,Coal Supercritical,,CAPEX 2050/2030=0.9607509570263428,2030,2039,11.0021848234,Linear interpolation between known datapoints
Coal power,2039,Construction&Manufacturing,Direct,job-yr/MW,16.306809649,16.306809649,Rutovitz 2015,Rutovitz 2015,,30.0,2024.0,4.0,2024.0,Colombian Technology Catalogue,9. Coal Supercritical,direct,,Linear interpolation,Coal,,Coal Supercritical,,Construction + Manufacturing; full regional manufacturing assumed by Rutovitz 2015 method,2030,2039,16.306809649,Linear interpolation between known datapoints
Coal power,2039,Manufacturing,Direct,job-yr/MW,5.30462482557,5.30462482557,Rutovitz 2015,Rutovitz 2015,,30.0,2024.0,4.0,2024.0,Colombian Technology Catalogue,9. Coal Supercritical,direct,,Linear interpolation,Coal,,Coal Supercritical,,CAPEX 2050/2030=0.9607509570263428,2030,2039,5.30462482557,Linear interpolation between known datapoints
Coal power,2039,O&M,Direct,job/MW,0.1374749499,0.1374749499,Rutovitz 2015,Rutovitz 2015,,30.0,2024.0,4.0,2024.0,Colombian Technology Catalogue,9. Coal Supercritical,direct,,Linear interpolation,Coal,,Coal Supercritical,,OPEX 2050/2030=0.9599198396793588,2030,2039,0.1374749499,Linear interpolation between known datapoints
Coal power,2040,Construction,Direct,job-yr/MW,10.9802053593,10.9802053593,Rutovitz 2015,Rutovitz 2015,,30.0,2024.0,4.0,2024.0,Colombian Technology Catalogue,9. Coal Supercritical,direct,,Linear interpolation,Coal,,Coal Supercritical,,CAPEX 2050/2030=0.9607509570263428,2030,2040,10.9802053593,Linear interpolation between known datapoints
Coal power,2040,Construction&Manufacturing,Direct,job-yr/MW,16.2742329433,16.2742329433,Rutovitz 2015,Rutovitz 2015,,30.0,2024.0,4.0,2024.0,Colombian Technology Catalogue,9. Coal Supercritical,direct,,Linear interpolation,Coal,,Coal Supercritical,,Construction + Manufacturing; full regional manufacturing assumed by Rutovitz 2015 method,2030,2040,16.2742329433,Linear interpolation between known datapoints
Coal power,2040,Manufacturing,Direct,job-yr/MW,5.29402758397,5.29402758397,Rutovitz 2015,Rutovitz 2015,,30.0,2024.0,4.0,2024.0,Colombian Technology Catalogue,9. Coal Supercritical,direct,,Linear interpolation,Coal,,Coal Supercritical,,CAPEX 2050/2030=0.9607509570263428,2030,2040,5.29402758397,Linear interpolation between known datapoints
Coal power,2040,O&M,Direct,job/MW,0.137194388778,0.137194388778,Rutovitz 2015,Rutovitz 2015,,30.0,2024.0,4.0,2024.0,Colombian Technology Catalogue,9. Coal Supercritical,direct,,Linear interpolation,Coal,,Coal Supercritical,,OPEX 2050/2030=0.9599198396793588,2030,2040,0.137194388778,Linear interpolation between known datapoints
Coal power,2041,Construction,Direct,job-yr/MW,10.9582258953,10.9582258953,Rutovitz 2015,Rutovitz 2015,,30.0,2024.0,4.0,2024.0,Colombian Technology Catalogue,9. Coal Supercritical,direct,,Linear interpolation,Coal,,Coal Supercritical,,CAPEX 2050/2030=0.9607509570263428,2030,2041,10.9582258953,Linear interpolation between known datapoints
Coal power,2041,Construction&Manufacturing,Direct,job-yr/MW,16.2416562377,16.2416562377,Rutovitz 2015,Rutovitz 2015,,30.0,2024.0,4.0,2024.0,Colombian Technology Catalogue,9. Coal Supercritical,direct,,Linear interpolation,Coal,,Coal Supercritical,,Construction + Manufacturing; full regional manufacturing assumed by Rutovitz 2015 method,2030,2041,16.2416562377,Linear interpolation between known datapoints
Coal power,2041,Manufacturing,Direct,job-yr/MW,5.28343034237,5.28343034237,Rutovitz 2015,Rutovitz 2015,,30.0,2024.0,4.0,2024.0,Colombian Technology Catalogue,9. Coal Supercritical,direct,,Linear interpolation,Coal,,Coal Supercritical,,CAPEX 2050/2030=0.9607509570263428,2030,2041,5.28343034237,Linear interpolation between known datapoints
Coal power,2041,O&M,Direct,job/MW,0.136913827655,0.136913827655,Rutovitz 2015,Rutovitz 2015,,30.0,2024.0,4.0,2024.0,Colombian Technology Catalogue,9. Coal Supercritical,direct,,Linear interpolation,Coal,,Coal Supercritical,,OPEX 2050/2030=0.9599198396793588,2030,2041,0.136913827655,Linear interpolation between known datapoints
Coal power,2042,Construction,Direct,job-yr/MW,10.9362464312,10.9362464312,Rutovitz 2015,Rutovitz 2015,,30.0,2024.0,4.0,2024.0,Colombian Technology Catalogue,9. Coal Supercritical,direct,,Linear interpolation,Coal,,Coal Supercritical,,CAPEX 2050/2030=0.9607509570263428,2030,2042,10.9362464312,Linear interpolation between known datapoints
Coal power,2042,Construction&Manufacturing,Direct,job-yr/MW,16.209079532,16.209079532,Rutovitz 2015,Rutovitz 2015,,30.0,2024.0,4.0,2024.0,Colombian Technology Catalogue,9. Coal Supercritical,direct,,Linear interpolation,Coal,,Coal Supercritical,,Construction + Manufacturing; full regional manufacturing assumed by Rutovitz 2015 method,2030,2042,16.209079532,Linear interpolation between known datapoints
Coal power,2042,Manufacturing,Direct,job-yr/MW,5.27283310077,5.27283310077,Rutovitz 2015,Rutovitz 2015,,30.0,2024.0,4.0,2024.0,Colombian Technology Catalogue,9. Coal Supercritical,direct,,Linear interpolation,Coal,,Coal Supercritical,,CAPEX 2050/2030=0.9607509570263428,2030,2042,5.27283310077,Linear interpolation between known datapoints
Coal power,2042,O&M,Direct,job/MW,0.136633266533,0.136633266533,Rutovitz 2015,Rutovitz 2015,,30.0,2024.0,4.0,2024.0,Colombian Technology Catalogue,9. Coal Supercritical,direct,,Linear interpolation,Coal,,Coal Supercritical,,OPEX 2050/2030=0.9599198396793588,2030,2042,0.136633266533,Linear interpolation between known datapoints
Coal power,2043,Construction,Direct,job-yr/MW,10.9142669672,10.9142669672,Rutovitz 2015,Rutovitz 2015,,30.0,2024.0,4.0,2024.0,Colombian Technology Catalogue,9. Coal Supercritical,direct,,Linear interpolation,Coal,,Coal Supercritical,,CAPEX 2050/2030=0.9607509570263428,2030,2043,10.9142669672,Linear interpolation between known datapoints
Coal power,2043,Construction&Manufacturing,Direct,job-yr/MW,16.1765028263,16.1765028263,Rutovitz 2015,Rutovitz 2015,,30.0,2024.0,4.0,2024.0,Colombian Technology Catalogue,9. Coal Supercritical,direct,,Linear interpolation,Coal,,Coal Supercritical,,Construction + Manufacturing; full regional manufacturing assumed by Rutovitz 2015 method,2030,2043,16.1765028263,Linear interpolation between known datapoints
Coal power,2043,Manufacturing,Direct,job-yr/MW,5.26223585916,5.26223585916,Rutovitz 2015,Rutovitz 2015,,30.0,2024.0,4.0,2024.0,Colombian Technology Catalogue,9. Coal Supercritical,direct,,Linear interpolation,Coal,,Coal Supercritical,,CAPEX 2050/2030=0.9607509570263428,2030,2043,5.26223585916,Linear interpolation between known datapoints
Coal power,2043,O&M,Direct,job/MW,0.136352705411,0.136352705411,Rutovitz 2015,Rutovitz 2015,,30.0,2024.0,4.0,2024.0,Colombian Technology Catalogue,9. Coal Supercritical,direct,,Linear interpolation,Coal,,Coal Supercritical,,OPEX 2050/2030=0.9599198396793588,2030,2043,0.136352705411,Linear interpolation between known datapoints
Coal power,2044,Construction,Direct,job-yr/MW,10.8922875031,10.8922875031,Rutovitz 2015,Rutovitz 2015,,30.0,2024.0,4.0,2024.0,Colombian Technology Catalogue,9. Coal Supercritical,direct,,Linear interpolation,Coal,,Coal Supercritical,,CAPEX 2050/2030=0.9607509570263428,2030,2044,10.8922875031,Linear interpolation between known datapoints
Coal power,2044,Construction&Manufacturing,Direct,job-yr/MW,16.1439261206,16.1439261206,Rutovitz 2015,Rutovitz 2015,,30.0,2024.0,4.0,2024.0,Colombian Technology Catalogue,9. Coal Supercritical,direct,,Linear interpolation,Coal,,Coal Supercritical,,Construction + Manufacturing; full regional manufacturing assumed by Rutovitz 2015 method,2030,2044,16.1439261206,Linear interpolation between known datapoints
Coal power,2044,Manufacturing,Direct,job-yr/MW,5.25163861756,5.25163861756,Rutovitz 2015,Rutovitz 2015,,30.0,2024.0,4.0,2024.0,Colombian Technology Catalogue,9. Coal Supercritical,direct,,Linear interpolation,Coal,,Coal Supercritical,,CAPEX 2050/2030=0.9607509570263428,2030,2044,5.25163861756,Linear interpolation between known datapoints
Coal power,2044,O&M,Direct,job/MW,0.136072144289,0.136072144289,Rutovitz 2015,Rutovitz 2015,,30.0,2024.0,4.0,2024.0,Colombian Technology Catalogue,9. Coal Supercritical,direct,,Linear interpolation,Coal,,Coal Supercritical,,OPEX 2050/2030=0.9599198396793588,2030,2044,0.136072144289,Linear interpolation between known datapoints
Coal power,2045,Construction,Direct,job-yr/MW,10.870308039,10.870308039,Rutovitz 2015,Rutovitz 2015,,30.0,2024.0,4.0,2024.0,Colombian Technology Catalogue,9. Coal Supercritical,direct,,Linear interpolation,Coal,,Coal Supercritical,,CAPEX 2050/2030=0.9607509570263428,2030,2045,10.870308039,Linear interpolation between known datapoints
Coal power,2045,Construction&Manufacturing,Direct,job-yr/MW,16.111349415,16.111349415,Rutovitz 2015,Rutovitz 2015,,30.0,2024.0,4.0,2024.0,Colombian Technology Catalogue,9. Coal Supercritical,direct,,Linear interpolation,Coal,,Coal Supercritical,,Construction + Manufacturing; full regional manufacturing assumed by Rutovitz 2015 method,2030,2045,16.111349415,Linear interpolation between known datapoints
Coal power,2045,Manufacturing,Direct,job-yr/MW,5.24104137596,5.24104137596,Rutovitz 2015,Rutovitz 2015,,30.0,2024.0,4.0,2024.0,Colombian Technology Catalogue,9. Coal Supercritical,direct,,Linear interpolation,Coal,,Coal Supercritical,,CAPEX 2050/2030=0.9607509570263428,2030,2045,5.24104137596,Linear interpolation between known datapoints
Coal power,2045,O&M,Direct,job/MW,0.135791583166,0.135791583166,Rutovitz 2015,Rutovitz 2015,,30.0,2024.0,4.0,2024.0,Colombian Technology Catalogue,9. Coal Supercritical,direct,,Linear interpolation,Coal,,Coal Supercritical,,OPEX 2050/2030=0.9599198396793588,2030,2045,0.135791583166,Linear interpolation between known datapoints
Coal power,2046,Construction,Direct,job-yr/MW,10.848328575,10.848328575,Rutovitz 2015,Rutovitz 2015,,30.0,2024.0,4.0,2024.0,Colombian Technology Catalogue,9. Coal Supercritical,direct,,Linear interpolation,Coal,,Coal Supercritical,,CAPEX 2050/2030=0.9607509570263428,2030,2046,10.848328575,Linear interpolation between known datapoints
Coal power,2046,Construction&Manufacturing,Direct,job-yr/MW,16.0787727093,16.0787727093,Rutovitz 2015,Rutovitz 2015,,30.0,2024.0,4.0,2024.0,Colombian Technology Catalogue,9. Coal Supercritical,direct,,Linear interpolation,Coal,,Coal Supercritical,,Construction + Manufacturing; full regional manufacturing assumed by Rutovitz 2015 method,2030,2046,16.0787727093,Linear interpolation between known datapoints
Coal power,2046,Manufacturing,Direct,job-yr/MW,5.23044413435,5.23044413435,Rutovitz 2015,Rutovitz 2015,,30.0,2024.0,4.0,2024.0,Colombian Technology Catalogue,9. Coal Supercritical,direct,,Linear interpolation,Coal,,Coal Supercritical,,CAPEX 2050/2030=0.9607509570263428,2030,2046,5.23044413435,Linear interpolation between known datapoints
Coal power,2046,O&M,Direct,job/MW,0.135511022044,0.135511022044,Rutovitz 2015,Rutovitz 2015,,30.0,2024.0,4.0,2024.0,Colombian Technology Catalogue,9. Coal Supercritical,direct,,Linear interpolation,Coal,,Coal Supercritical,,OPEX 2050/2030=0.9599198396793588,2030,2046,0.135511022044,Linear interpolation between known datapoints
Coal power,2047,Construction,Direct,job-yr/MW,10.8263491109,10.8263491109,Rutovitz 2015,Rutovitz 2015,,30.0,2024.0,4.0,2024.0,Colombian Technology Catalogue,9. Coal Supercritical,direct,,Linear interpolation,Coal,,Coal Supercritical,,CAPEX 2050/2030=0.9607509570263428,2030,2047,10.8263491109,Linear interpolation between known datapoints
Coal power,2047,Construction&Manufacturing,Direct,job-yr/MW,16.0461960036,16.0461960036,Rutovitz 2015,Rutovitz 2015,,30.0,2024.0,4.0,2024.0,Colombian Technology Catalogue,9. Coal Supercritical,direct,,Linear interpolation,Coal,,Coal Supercritical,,Construction + Manufacturing; full regional manufacturing assumed by Rutovitz 2015 method,2030,2047,16.0461960036,Linear interpolation between known datapoints
Coal power,2047,Manufacturing,Direct,job-yr/MW,5.21984689275,5.21984689275,Rutovitz 2015,Rutovitz 2015,,30.0,2024.0,4.0,2024.0,Colombian Technology Catalogue,9. Coal Supercritical,direct,,Linear interpolation,Coal,,Coal Supercritical,,CAPEX 2050/2030=0.9607509570263428,2030,2047,5.21984689275,Linear interpolation between known datapoints
Coal power,2047,O&M,Direct,job/MW,0.135230460922,0.135230460922,Rutovitz 2015,Rutovitz 2015,,30.0,2024.0,4.0,2024.0,Colombian Technology Catalogue,9. Coal Supercritical,direct,,Linear interpolation,Coal,,Coal Supercritical,,OPEX 2050/2030=0.9599198396793588,2030,2047,0.135230460922,Linear interpolation between known datapoints
Coal power,2048,Construction,Direct,job-yr/MW,10.8043696468,10.8043696468,Rutovitz 2015,Rutovitz 2015,,30.0,2024.0,4.0,2024.0,Colombian Technology Catalogue,9. Coal Supercritical,direct,,Linear interpolation,Coal,,Coal Supercritical,,CAPEX 2050/2030=0.9607509570263428,2030,2048,10.8043696468,Linear interpolation between known datapoints
Coal power,2048,Construction&Manufacturing,Direct,job-yr/MW,16.013619298,16.013619298,Rutovitz 2015,Rutovitz 2015,,30.0,2024.0,4.0,2024.0,Colombian Technology Catalogue,9. Coal Supercritical,direct,,Linear interpolation,Coal,,Coal Supercritical,,Construction + Manufacturing; full regional manufacturing assumed by Rutovitz 2015 method,2030,2048,16.013619298,Linear interpolation between known datapoints
Coal power,2048,Manufacturing,Direct,job-yr/MW,5.20924965115,5.20924965115,Rutovitz 2015,Rutovitz 2015,,30.0,2024.0,4.0,2024.0,Colombian Technology Catalogue,9. Coal Supercritical,direct,,Linear interpolation,Coal,,Coal Supercritical,,CAPEX 2050/2030=0.9607509570263428,2030,2048,5.20924965115,Linear interpolation between known datapoints
Coal power,2048,O&M,Direct,job/MW,0.1349498998,0.1349498998,Rutovitz 2015,Rutovitz 2015,,30.0,2024.0,4.0,2024.0,Colombian Technology Catalogue,9. Coal Supercritical,direct,,Linear interpolation,Coal,,Coal Supercritical,,OPEX 2050/2030=0.9599198396793588,2030,2048,0.1349498998,Linear interpolation between known datapoints
Coal power,2049,Construction,Direct,job-yr/MW,10.7823901828,10.7823901828,Rutovitz 2015,Rutovitz 2015,,30.0,2024.0,4.0,2024.0,Colombian Technology Catalogue,9. Coal Supercritical,direct,,Linear interpolation,Coal,,Coal Supercritical,,CAPEX 2050/2030=0.9607509570263428,2030,2049,10.7823901828,Linear interpolation between known datapoints
Coal power,2049,Construction&Manufacturing,Direct,job-yr/MW,15.9810425923,15.9810425923,Rutovitz 2015,Rutovitz 2015,,30.0,2024.0,4.0,2024.0,Colombian Technology Catalogue,9. Coal Supercritical,direct,,Linear interpolation,Coal,,Coal Supercritical,,Construction + Manufacturing; full regional manufacturing assumed by Rutovitz 2015 method,2030,2049,15.9810425923,Linear interpolation between known datapoints
Coal power,2049,Manufacturing,Direct,job-yr/MW,5.19865240955,5.19865240955,Rutovitz 2015,Rutovitz 2015,,30.0,2024.0,4.0,2024.0,Colombian Technology Catalogue,9. Coal Supercritical,direct,,Linear interpolation,Coal,,Coal Supercritical,,CAPEX 2050/2030=0.9607509570263428,2030,2049,5.19865240955,Linear interpolation between known datapoints
Coal power,2049,O&M,Direct,job/MW,0.134669338677,0.134669338677,Rutovitz 2015,Rutovitz 2015,,30.0,2024.0,4.0,2024.0,Colombian Technology Catalogue,9. Coal Supercritical,direct,,Linear interpolation,Coal,,Coal Supercritical,,OPEX 2050/2030=0.9599198396793588,2030,2049,0.134669338677,Linear interpolation between known datapoints
Coal power,2050,Construction,Direct,job-yr/MW,10.7604107187,10.7604107187,Rutovitz 2015,Rutovitz 2015,,30.0,2024.0,4.0,2024.0,Colombian Technology Catalogue,9. Coal Supercritical,direct,,CAPEX/OPEX ratio projection,Coal,,Coal Supercritical,,CAPEX 2050/2030=0.9607509570263428,2030,2050,10.7604107187,Known datapoint
Coal power,2050,Construction&Manufacturing,Direct,job-yr/MW,15.9484658866,15.9484658866,Rutovitz 2015,Rutovitz 2015,,30.0,2024.0,4.0,2024.0,Colombian Technology Catalogue,9. Coal Supercritical,direct,,Derived Construction&Manufacturing,Coal,,Coal Supercritical,,Construction + Manufacturing; full regional manufacturing assumed by Rutovitz 2015 method,2030,2050,15.9484658866,Known datapoint
Coal power,2050,Manufacturing,Direct,job-yr/MW,5.18805516794,5.18805516794,Rutovitz 2015,Rutovitz 2015,,30.0,2024.0,4.0,2024.0,Colombian Technology Catalogue,9. Coal Supercritical,direct,,CAPEX/OPEX ratio projection,Coal,,Coal Supercritical,,CAPEX 2050/2030=0.9607509570263428,2030,2050,5.18805516794,Known datapoint
Coal power,2050,O&M,Direct,job/MW,0.134388777555,0.134388777555,Rutovitz 2015,Rutovitz 2015,,30.0,2024.0,4.0,2024.0,Colombian Technology Catalogue,9. Coal Supercritical,direct,,CAPEX/OPEX ratio projection,Coal,,Coal Supercritical,,OPEX 2050/2030=0.9599198396793588,2030,2050,0.134388777555,Known datapoint
Coal power,2051,Construction,Direct,job-yr/MW,10.7604107187,10.7604107187,Rutovitz 2015,Rutovitz 2015,,30.0,2024.0,4.0,2024.0,Colombian Technology Catalogue,9. Coal Supercritical,direct,,Linear interpolation,Coal,,Coal Supercritical,,CAPEX 2050/2030=0.9607509570263428,2030,2051,10.7604107187,Linear interpolation to 2050; held constant after 2050
Coal power,2051,Construction&Manufacturing,Direct,job-yr/MW,15.9484658866,15.9484658866,Rutovitz 2015,Rutovitz 2015,,30.0,2024.0,4.0,2024.0,Colombian Technology Catalogue,9. Coal Supercritical,direct,,Linear interpolation,Coal,,Coal Supercritical,,Construction + Manufacturing; full regional manufacturing assumed by Rutovitz 2015 method,2030,2051,15.9484658866,Linear interpolation to 2050; held constant after 2050
Coal power,2051,Manufacturing,Direct,job-yr/MW,5.18805516794,5.18805516794,Rutovitz 2015,Rutovitz 2015,,30.0,2024.0,4.0,2024.0,Colombian Technology Catalogue,9. Coal Supercritical,direct,,Linear interpolation,Coal,,Coal Supercritical,,CAPEX 2050/2030=0.9607509570263428,2030,2051,5.18805516794,Linear interpolation to 2050; held constant after 2050
Coal power,2051,O&M,Direct,job/MW,0.134388777555,0.134388777555,Rutovitz 2015,Rutovitz 2015,,30.0,2024.0,4.0,2024.0,Colombian Technology Catalogue,9. Coal Supercritical,direct,,Linear interpolation,Coal,,Coal Supercritical,,OPEX 2050/2030=0.9599198396793588,2030,2051,0.134388777555,Linear interpolation to 2050; held constant after 2050
Coal power,2052,Construction,Direct,job-yr/MW,10.7604107187,10.7604107187,Rutovitz 2015,Rutovitz 2015,,30.0,2024.0,4.0,2024.0,Colombian Technology Catalogue,9. Coal Supercritical,direct,,Linear interpolation,Coal,,Coal Supercritical,,CAPEX 2050/2030=0.9607509570263428,2030,2052,10.7604107187,Linear interpolation to 2050; held constant after 2050
Coal power,2052,Construction&Manufacturing,Direct,job-yr/MW,15.9484658866,15.9484658866,Rutovitz 2015,Rutovitz 2015,,30.0,2024.0,4.0,2024.0,Colombian Technology Catalogue,9. Coal Supercritical,direct,,Linear interpolation,Coal,,Coal Supercritical,,Construction + Manufacturing; full regional manufacturing assumed by Rutovitz 2015 method,2030,2052,15.9484658866,Linear interpolation to 2050; held constant after 2050
Coal power,2052,Manufacturing,Direct,job-yr/MW,5.18805516794,5.18805516794,Rutovitz 2015,Rutovitz 2015,,30.0,2024.0,4.0,2024.0,Colombian Technology Catalogue,9. Coal Supercritical,direct,,Linear interpolation,Coal,,Coal Supercritical,,CAPEX 2050/2030=0.9607509570263428,2030,2052,5.18805516794,Linear interpolation to 2050; held constant after 2050
Coal power,2052,O&M,Direct,job/MW,0.134388777555,0.134388777555,Rutovitz 2015,Rutovitz 2015,,30.0,2024.0,4.0,2024.0,Colombian Technology Catalogue,9. Coal Supercritical,direct,,Linear interpolation,Coal,,Coal Supercritical,,OPEX 2050/2030=0.9599198396793588,2030,2052,0.134388777555,Linear interpolation to 2050; held constant after 2050
Coal power,2053,Construction,Direct,job-yr/MW,10.7604107187,10.7604107187,Rutovitz 2015,Rutovitz 2015,,30.0,2024.0,4.0,2024.0,Colombian Technology Catalogue,9. Coal Supercritical,direct,,Linear interpolation,Coal,,Coal Supercritical,,CAPEX 2050/2030=0.9607509570263428,2030,2053,10.7604107187,Linear interpolation to 2050; held constant after 2050
Coal power,2053,Construction&Manufacturing,Direct,job-yr/MW,15.9484658866,15.9484658866,Rutovitz 2015,Rutovitz 2015,,30.0,2024.0,4.0,2024.0,Colombian Technology Catalogue,9. Coal Supercritical,direct,,Linear interpolation,Coal,,Coal Supercritical,,Construction + Manufacturing; full regional manufacturing assumed by Rutovitz 2015 method,2030,2053,15.9484658866,Linear interpolation to 2050; held constant after 2050
Coal power,2053,Manufacturing,Direct,job-yr/MW,5.18805516794,5.18805516794,Rutovitz 2015,Rutovitz 2015,,30.0,2024.0,4.0,2024.0,Colombian Technology Catalogue,9. Coal Supercritical,direct,,Linear interpolation,Coal,,Coal Supercritical,,CAPEX 2050/2030=0.9607509570263428,2030,2053,5.18805516794,Linear interpolation to 2050; held constant after 2050
Coal power,2053,O&M,Direct,job/MW,0.134388777555,0.134388777555,Rutovitz 2015,Rutovitz 2015,,30.0,2024.0,4.0,2024.0,Colombian Technology Catalogue,9. Coal Supercritical,direct,,Linear interpolation,Coal,,Coal Supercritical,,OPEX 2050/2030=0.9599198396793588,2030,2053,0.134388777555,Linear interpolation to 2050; held constant after 2050
Coal power,2054,Construction,Direct,job-yr/MW,10.7604107187,10.7604107187,Rutovitz 2015,Rutovitz 2015,,30.0,2024.0,4.0,2024.0,Colombian Technology Catalogue,9. Coal Supercritical,direct,,Linear interpolation,Coal,,Coal Supercritical,,CAPEX 2050/2030=0.9607509570263428,2030,2054,10.7604107187,Linear interpolation to 2050; held constant after 2050
Coal power,2054,Construction&Manufacturing,Direct,job-yr/MW,15.9484658866,15.9484658866,Rutovitz 2015,Rutovitz 2015,,30.0,2024.0,4.0,2024.0,Colombian Technology Catalogue,9. Coal Supercritical,direct,,Linear interpolation,Coal,,Coal Supercritical,,Construction + Manufacturing; full regional manufacturing assumed by Rutovitz 2015 method,2030,2054,15.9484658866,Linear interpolation to 2050; held constant after 2050
Coal power,2054,Manufacturing,Direct,job-yr/MW,5.18805516794,5.18805516794,Rutovitz 2015,Rutovitz 2015,,30.0,2024.0,4.0,2024.0,Colombian Technology Catalogue,9. Coal Supercritical,direct,,Linear interpolation,Coal,,Coal Supercritical,,CAPEX 2050/2030=0.9607509570263428,2030,2054,5.18805516794,Linear interpolation to 2050; held constant after 2050
Coal power,2054,O&M,Direct,job/MW,0.134388777555,0.134388777555,Rutovitz 2015,Rutovitz 2015,,30.0,2024.0,4.0,2024.0,Colombian Technology Catalogue,9. Coal Supercritical,direct,,Linear interpolation,Coal,,Coal Supercritical,,OPEX 2050/2030=0.9599198396793588,2030,2054,0.134388777555,Linear interpolation to 2050; held constant after 2050
Coal power,2055,Construction,Direct,job-yr/MW,10.7604107187,10.7604107187,Rutovitz 2015,Rutovitz 2015,,30.0,2024.0,4.0,2024.0,Colombian Technology Catalogue,9. Coal Supercritical,direct,,Linear interpolation,Coal,,Coal Supercritical,,CAPEX 2050/2030=0.9607509570263428,2030,2055,10.7604107187,Linear interpolation to 2050; held constant after 2050
Coal power,2055,Construction&Manufacturing,Direct,job-yr/MW,15.9484658866,15.9484658866,Rutovitz 2015,Rutovitz 2015,,30.0,2024.0,4.0,2024.0,Colombian Technology Catalogue,9. Coal Supercritical,direct,,Linear interpolation,Coal,,Coal Supercritical,,Construction + Manufacturing; full regional manufacturing assumed by Rutovitz 2015 method,2030,2055,15.9484658866,Linear interpolation to 2050; held constant after 2050
Coal power,2055,Manufacturing,Direct,job-yr/MW,5.18805516794,5.18805516794,Rutovitz 2015,Rutovitz 2015,,30.0,2024.0,4.0,2024.0,Colombian Technology Catalogue,9. Coal Supercritical,direct,,Linear interpolation,Coal,,Coal Supercritical,,CAPEX 2050/2030=0.9607509570263428,2030,2055,5.18805516794,Linear interpolation to 2050; held constant after 2050
Coal power,2055,O&M,Direct,job/MW,0.134388777555,0.134388777555,Rutovitz 2015,Rutovitz 2015,,30.0,2024.0,4.0,2024.0,Colombian Technology Catalogue,9. Coal Supercritical,direct,,Linear interpolation,Coal,,Coal Supercritical,,OPEX 2050/2030=0.9599198396793588,2030,2055,0.134388777555,Linear interpolation to 2050; held constant after 2050
Gas CCGT/OCGT,2024,Construction,Direct,job-yr/MW,1.261,1.261,Rutovitz 2015,Rutovitz 2015,,25.0,2024.0,2.5,2024.0,Colombian Technology Catalogue,10. CCGT (GAS),direct,,Linear interpolation,Gas,,CCGT (GAS),,CAPEX 2050/2030=0.9607509570263428,2030,2024,1.261,Linear interpolation between known datapoints
Gas CCGT/OCGT,2024,Construction&Manufacturing,Direct,job-yr/MW,2.1631,2.1631,Rutovitz 2015,Rutovitz 2015,,25.0,2024.0,2.5,2024.0,Colombian Technology Catalogue,10. CCGT (GAS),direct,,Linear interpolation,Gas,,CCGT (GAS),,Construction + Manufacturing; full regional manufacturing assumed by Rutovitz 2015 method,2030,2024,2.1631,Linear interpolation between known datapoints
Gas CCGT/OCGT,2024,Manufacturing,Direct,job-yr/MW,0.9021,0.9021,Rutovitz 2015,Rutovitz 2015,,25.0,2024.0,2.5,2024.0,Colombian Technology Catalogue,10. CCGT (GAS),direct,,Linear interpolation,Gas,,CCGT (GAS),,CAPEX 2050/2030=0.9607509570263428,2030,2024,0.9021,Linear interpolation between known datapoints
Gas CCGT/OCGT,2024,O&M,Direct,job/MW,0.1358,0.1358,Rutovitz 2015,Rutovitz 2015,,25.0,2024.0,2.5,2024.0,Colombian Technology Catalogue,10. CCGT (GAS),direct,,Linear interpolation,Gas,,CCGT (GAS),,OPEX 2050/2030=0.96,2030,2024,0.1358,Linear interpolation between known datapoints
Gas CCGT/OCGT,2025,Construction,Direct,job-yr/MW,1.25666666667,1.25666666667,Rutovitz 2015,Rutovitz 2015,,25.0,2024.0,2.5,2024.0,Colombian Technology Catalogue,10. CCGT (GAS),direct,,Linear interpolation,Gas,,CCGT (GAS),,CAPEX 2050/2030=0.9607509570263428,2030,2025,1.25666666667,Linear interpolation between known datapoints
Gas CCGT/OCGT,2025,Construction&Manufacturing,Direct,job-yr/MW,2.15566666667,2.15566666667,Rutovitz 2015,Rutovitz 2015,,25.0,2024.0,2.5,2024.0,Colombian Technology Catalogue,10. CCGT (GAS),direct,,Linear interpolation,Gas,,CCGT (GAS),,Construction + Manufacturing; full regional manufacturing assumed by Rutovitz 2015 method,2030,2025,2.15566666667,Linear interpolation between known datapoints
Gas CCGT/OCGT,2025,Manufacturing,Direct,job-yr/MW,0.899,0.899,Rutovitz 2015,Rutovitz 2015,,25.0,2024.0,2.5,2024.0,Colombian Technology Catalogue,10. CCGT (GAS),direct,,Linear interpolation,Gas,,CCGT (GAS),,CAPEX 2050/2030=0.9607509570263428,2030,2025,0.899,Linear interpolation between known datapoints
Gas CCGT/OCGT,2025,O&M,Direct,job/MW,0.135333333333,0.135333333333,Rutovitz 2015,Rutovitz 2015,,25.0,2024.0,2.5,2024.0,Colombian Technology Catalogue,10. CCGT (GAS),direct,,Linear interpolation,Gas,,CCGT (GAS),,OPEX 2050/2030=0.96,2030,2025,0.135333333333,Linear interpolation between known datapoints
Gas CCGT/OCGT,2026,Construction,Direct,job-yr/MW,1.25233333333,1.25233333333,Rutovitz 2015,Rutovitz 2015,,25.0,2024.0,2.5,2024.0,Colombian Technology Catalogue,10. CCGT (GAS),direct,,Linear interpolation,Gas,,CCGT (GAS),,CAPEX 2050/2030=0.9607509570263428,2030,2026,1.25233333333,Linear interpolation between known datapoints
Gas CCGT/OCGT,2026,Construction&Manufacturing,Direct,job-yr/MW,2.14823333333,2.14823333333,Rutovitz 2015,Rutovitz 2015,,25.0,2024.0,2.5,2024.0,Colombian Technology Catalogue,10. CCGT (GAS),direct,,Linear interpolation,Gas,,CCGT (GAS),,Construction + Manufacturing; full regional manufacturing assumed by Rutovitz 2015 method,2030,2026,2.14823333333,Linear interpolation between known datapoints
Gas CCGT/OCGT,2026,Manufacturing,Direct,job-yr/MW,0.8959,0.8959,Rutovitz 2015,Rutovitz 2015,,25.0,2024.0,2.5,2024.0,Colombian Technology Catalogue,10. CCGT (GAS),direct,,Linear interpolation,Gas,,CCGT (GAS),,CAPEX 2050/2030=0.9607509570263428,2030,2026,0.8959,Linear interpolation between known datapoints
Gas CCGT/OCGT,2026,O&M,Direct,job/MW,0.134866666667,0.134866666667,Rutovitz 2015,Rutovitz 2015,,25.0,2024.0,2.5,2024.0,Colombian Technology Catalogue,10. CCGT (GAS),direct,,Linear interpolation,Gas,,CCGT (GAS),,OPEX 2050/2030=0.96,2030,2026,0.134866666667,Linear interpolation between known datapoints
Gas CCGT/OCGT,2027,Construction,Direct,job-yr/MW,1.248,1.248,Rutovitz 2015,Rutovitz 2015,,25.0,2024.0,2.5,2024.0,Colombian Technology Catalogue,10. CCGT (GAS),direct,,Linear interpolation,Gas,,CCGT (GAS),,CAPEX 2050/2030=0.9607509570263428,2030,2027,1.248,Linear interpolation between known datapoints
Gas CCGT/OCGT,2027,Construction&Manufacturing,Direct,job-yr/MW,2.1408,2.1408,Rutovitz 2015,Rutovitz 2015,,25.0,2024.0,2.5,2024.0,Colombian Technology Catalogue,10. CCGT (GAS),direct,,Linear interpolation,Gas,,CCGT (GAS),,Construction + Manufacturing; full regional manufacturing assumed by Rutovitz 2015 method,2030,2027,2.1408,Linear interpolation between known datapoints
Gas CCGT/OCGT,2027,Manufacturing,Direct,job-yr/MW,0.8928,0.8928,Rutovitz 2015,Rutovitz 2015,,25.0,2024.0,2.5,2024.0,Colombian Technology Catalogue,10. CCGT (GAS),direct,,Linear interpolation,Gas,,CCGT (GAS),,CAPEX 2050/2030=0.9607509570263428,2030,2027,0.8928,Linear interpolation between known datapoints
Gas CCGT/OCGT,2027,O&M,Direct,job/MW,0.1344,0.1344,Rutovitz 2015,Rutovitz 2015,,25.0,2024.0,2.5,2024.0,Colombian Technology Catalogue,10. CCGT (GAS),direct,,Linear interpolation,Gas,,CCGT (GAS),,OPEX 2050/2030=0.96,2030,2027,0.1344,Linear interpolation between known datapoints
Gas CCGT/OCGT,2028,Construction,Direct,job-yr/MW,1.24366666667,1.24366666667,Rutovitz 2015,Rutovitz 2015,,25.0,2024.0,2.5,2024.0,Colombian Technology Catalogue,10. CCGT (GAS),direct,,Linear interpolation,Gas,,CCGT (GAS),,CAPEX 2050/2030=0.9607509570263428,2030,2028,1.24366666667,Linear interpolation between known datapoints
Gas CCGT/OCGT,2028,Construction&Manufacturing,Direct,job-yr/MW,2.13336666667,2.13336666667,Rutovitz 2015,Rutovitz 2015,,25.0,2024.0,2.5,2024.0,Colombian Technology Catalogue,10. CCGT (GAS),direct,,Linear interpolation,Gas,,CCGT (GAS),,Construction + Manufacturing; full regional manufacturing assumed by Rutovitz 2015 method,2030,2028,2.13336666667,Linear interpolation between known datapoints
Gas CCGT/OCGT,2028,Manufacturing,Direct,job-yr/MW,0.8897,0.8897,Rutovitz 2015,Rutovitz 2015,,25.0,2024.0,2.5,2024.0,Colombian Technology Catalogue,10. CCGT (GAS),direct,,Linear interpolation,Gas,,CCGT (GAS),,CAPEX 2050/2030=0.9607509570263428,2030,2028,0.8897,Linear interpolation between known datapoints
Gas CCGT/OCGT,2028,O&M,Direct,job/MW,0.133933333333,0.133933333333,Rutovitz 2015,Rutovitz 2015,,25.0,2024.0,2.5,2024.0,Colombian Technology Catalogue,10. CCGT (GAS),direct,,Linear interpolation,Gas,,CCGT (GAS),,OPEX 2050/2030=0.96,2030,2028,0.133933333333,Linear interpolation between known datapoints
Gas CCGT/OCGT,2029,Construction,Direct,job-yr/MW,1.23933333333,1.23933333333,Rutovitz 2015,Rutovitz 2015,,25.0,2024.0,2.5,2024.0,Colombian Technology Catalogue,10. CCGT (GAS),direct,,Linear interpolation,Gas,,CCGT (GAS),,CAPEX 2050/2030=0.9607509570263428,2030,2029,1.23933333333,Linear interpolation between known datapoints
Gas CCGT/OCGT,2029,Construction&Manufacturing,Direct,job-yr/MW,2.12593333333,2.12593333333,Rutovitz 2015,Rutovitz 2015,,25.0,2024.0,2.5,2024.0,Colombian Technology Catalogue,10. CCGT (GAS),direct,,Linear interpolation,Gas,,CCGT (GAS),,Construction + Manufacturing; full regional manufacturing assumed by Rutovitz 2015 method,2030,2029,2.12593333333,Linear interpolation between known datapoints
Gas CCGT/OCGT,2029,Manufacturing,Direct,job-yr/MW,0.8866,0.8866,Rutovitz 2015,Rutovitz 2015,,25.0,2024.0,2.5,2024.0,Colombian Technology Catalogue,10. CCGT (GAS),direct,,Linear interpolation,Gas,,CCGT (GAS),,CAPEX 2050/2030=0.9607509570263428,2030,2029,0.8866,Linear interpolation between known datapoints
Gas CCGT/OCGT,2029,O&M,Direct,job/MW,0.133466666667,0.133466666667,Rutovitz 2015,Rutovitz 2015,,25.0,2024.0,2.5,2024.0,Colombian Technology Catalogue,10. CCGT (GAS),direct,,Linear interpolation,Gas,,CCGT (GAS),,OPEX 2050/2030=0.96,2030,2029,0.133466666667,Linear interpolation between known datapoints
Gas CCGT/OCGT,2030,Construction,Direct,job-yr/MW,1.235,1.235,Rutovitz 2015,Rutovitz 2015,,25.0,2024.0,2.5,2024.0,Colombian Technology Catalogue,10. CCGT (GAS),direct,,Rutovitz Table 9 decline to 2030,Gas,0.95,,,Rutovitz Table 9 Latin America 2030,2015,2030,1.235,Known datapoint
Gas CCGT/OCGT,2030,Construction&Manufacturing,Direct,job-yr/MW,2.1185,2.1185,Rutovitz 2015,Rutovitz 2015,,25.0,2024.0,2.5,2024.0,Colombian Technology Catalogue,10. CCGT (GAS),direct,,Derived Construction&Manufacturing,Gas,0.95,,,Construction + Manufacturing; full regional manufacturing assumed by Rutovitz 2015 method,2015,2030,2.1185,Known datapoint
Gas CCGT/OCGT,2030,Manufacturing,Direct,job-yr/MW,0.8835,0.8835,Rutovitz 2015,Rutovitz 2015,,25.0,2024.0,2.5,2024.0,Colombian Technology Catalogue,10. CCGT (GAS),direct,,Rutovitz Table 9 decline to 2030,Gas,0.95,,,Rutovitz Table 9 Latin America 2030,2015,2030,0.8835,Known datapoint
Gas CCGT/OCGT,2030,O&M,Direct,job/MW,0.133,0.133,Rutovitz 2015,Rutovitz 2015,,25.0,2024.0,2.5,2024.0,Colombian Technology Catalogue,10. CCGT (GAS),direct,,Rutovitz Table 9 decline to 2030,Gas,0.95,,,Rutovitz Table 9 Latin America 2030,2015,2030,0.133,Known datapoint
Gas CCGT/OCGT,2031,Construction,Direct,job-yr/MW,1.2325763716,1.2325763716,Rutovitz 2015,Rutovitz 2015,,25.0,2024.0,2.5,2024.0,Colombian Technology Catalogue,10. CCGT (GAS),direct,,Linear interpolation,Gas,,CCGT (GAS),,CAPEX 2050/2030=0.9607509570263428,2030,2031,1.2325763716,Linear interpolation between known datapoints
Gas CCGT/OCGT,2031,Construction&Manufacturing,Direct,job-yr/MW,2.11434254512,2.11434254512,Rutovitz 2015,Rutovitz 2015,,25.0,2024.0,2.5,2024.0,Colombian Technology Catalogue,10. CCGT (GAS),direct,,Linear interpolation,Gas,,CCGT (GAS),,Construction + Manufacturing; full regional manufacturing assumed by Rutovitz 2015 method,2030,2031,2.11434254512,Linear interpolation between known datapoints
Gas CCGT/OCGT,2031,Manufacturing,Direct,job-yr/MW,0.881766173527,0.881766173527,Rutovitz 2015,Rutovitz 2015,,25.0,2024.0,2.5,2024.0,Colombian Technology Catalogue,10. CCGT (GAS),direct,,Linear interpolation,Gas,,CCGT (GAS),,CAPEX 2050/2030=0.9607509570263428,2030,2031,0.881766173527,Linear interpolation between known datapoints
Gas CCGT/OCGT,2031,O&M,Direct,job/MW,0.132734,0.132734,Rutovitz 2015,Rutovitz 2015,,25.0,2024.0,2.5,2024.0,Colombian Technology Catalogue,10. CCGT (GAS),direct,,Linear interpolation,Gas,,CCGT (GAS),,OPEX 2050/2030=0.96,2030,2031,0.132734,Linear interpolation between known datapoints
Gas CCGT/OCGT,2032,Construction,Direct,job-yr/MW,1.23015274319,1.23015274319,Rutovitz 2015,Rutovitz 2015,,25.0,2024.0,2.5,2024.0,Colombian Technology Catalogue,10. CCGT (GAS),direct,,Linear interpolation,Gas,,CCGT (GAS),,CAPEX 2050/2030=0.9607509570263428,2030,2032,1.23015274319,Linear interpolation between known datapoints
Gas CCGT/OCGT,2032,Construction&Manufacturing,Direct,job-yr/MW,2.11018509025,2.11018509025,Rutovitz 2015,Rutovitz 2015,,25.0,2024.0,2.5,2024.0,Colombian Technology Catalogue,10. CCGT (GAS),direct,,Linear interpolation,Gas,,CCGT (GAS),,Construction + Manufacturing; full regional manufacturing assumed by Rutovitz 2015 method,2030,2032,2.11018509025,Linear interpolation between known datapoints
Gas CCGT/OCGT,2032,Manufacturing,Direct,job-yr/MW,0.880032347053,0.880032347053,Rutovitz 2015,Rutovitz 2015,,25.0,2024.0,2.5,2024.0,Colombian Technology Catalogue,10. CCGT (GAS),direct,,Linear interpolation,Gas,,CCGT (GAS),,CAPEX 2050/2030=0.9607509570263428,2030,2032,0.880032347053,Linear interpolation between known datapoints
Gas CCGT/OCGT,2032,O&M,Direct,job/MW,0.132468,0.132468,Rutovitz 2015,Rutovitz 2015,,25.0,2024.0,2.5,2024.0,Colombian Technology Catalogue,10. CCGT (GAS),direct,,Linear interpolation,Gas,,CCGT (GAS),,OPEX 2050/2030=0.96,2030,2032,0.132468,Linear interpolation between known datapoints
Gas CCGT/OCGT,2033,Construction,Direct,job-yr/MW,1.22772911479,1.22772911479,Rutovitz 2015,Rutovitz 2015,,25.0,2024.0,2.5,2024.0,Colombian Technology Catalogue,10. CCGT (GAS),direct,,Linear interpolation,Gas,,CCGT (GAS),,CAPEX 2050/2030=0.9607509570263428,2030,2033,1.22772911479,Linear interpolation between known datapoints
Gas CCGT/OCGT,2033,Construction&Manufacturing,Direct,job-yr/MW,2.10602763537,2.10602763537,Rutovitz 2015,Rutovitz 2015,,25.0,2024.0,2.5,2024.0,Colombian Technology Catalogue,10. CCGT (GAS),direct,,Linear interpolation,Gas,,CCGT (GAS),,Construction + Manufacturing; full regional manufacturing assumed by Rutovitz 2015 method,2030,2033,2.10602763537,Linear interpolation between known datapoints
Gas CCGT/OCGT,2033,Manufacturing,Direct,job-yr/MW,0.87829852058,0.87829852058,Rutovitz 2015,Rutovitz 2015,,25.0,2024.0,2.5,2024.0,Colombian Technology Catalogue,10. CCGT (GAS),direct,,Linear interpolation,Gas,,CCGT (GAS),,CAPEX 2050/2030=0.9607509570263428,2030,2033,0.87829852058,Linear interpolation between known datapoints
Gas CCGT/OCGT,2033,O&M,Direct,job/MW,0.132202,0.132202,Rutovitz 2015,Rutovitz 2015,,25.0,2024.0,2.5,2024.0,Colombian Technology Catalogue,10. CCGT (GAS),direct,,Linear interpolation,Gas,,CCGT (GAS),,OPEX 2050/2030=0.96,2030,2033,0.132202,Linear interpolation between known datapoints
Gas CCGT/OCGT,2034,Construction,Direct,job-yr/MW,1.22530548639,1.22530548639,Rutovitz 2015,Rutovitz 2015,,25.0,2024.0,2.5,2024.0,Colombian Technology Catalogue,10. CCGT (GAS),direct,,Linear interpolation,Gas,,CCGT (GAS),,CAPEX 2050/2030=0.9607509570263428,2030,2034,1.22530548639,Linear interpolation between known datapoints
Gas CCGT/OCGT,2034,Construction&Manufacturing,Direct,job-yr/MW,2.10187018049,2.10187018049,Rutovitz 2015,Rutovitz 2015,,25.0,2024.0,2.5,2024.0,Colombian Technology Catalogue,10. CCGT (GAS),direct,,Linear interpolation,Gas,,CCGT (GAS),,Construction + Manufacturing; full regional manufacturing assumed by Rutovitz 2015 method,2030,2034,2.10187018049,Linear interpolation between known datapoints
Gas CCGT/OCGT,2034,Manufacturing,Direct,job-yr/MW,0.876564694107,0.876564694107,Rutovitz 2015,Rutovitz 2015,,25.0,2024.0,2.5,2024.0,Colombian Technology Catalogue,10. CCGT (GAS),direct,,Linear interpolation,Gas,,CCGT (GAS),,CAPEX 2050/2030=0.9607509570263428,2030,2034,0.876564694107,Linear interpolation between known datapoints
Gas CCGT/OCGT,2034,O&M,Direct,job/MW,0.131936,0.131936,Rutovitz 2015,Rutovitz 2015,,25.0,2024.0,2.5,2024.0,Colombian Technology Catalogue,10. CCGT (GAS),direct,,Linear interpolation,Gas,,CCGT (GAS),,OPEX 2050/2030=0.96,2030,2034,0.131936,Linear interpolation between known datapoints
Gas CCGT/OCGT,2035,Construction,Direct,job-yr/MW,1.22288185798,1.22288185798,Rutovitz 2015,Rutovitz 2015,,25.0,2024.0,2.5,2024.0,Colombian Technology Catalogue,10. CCGT (GAS),direct,,Linear interpolation,Gas,,CCGT (GAS),,CAPEX 2050/2030=0.9607509570263428,2030,2035,1.22288185798,Linear interpolation between known datapoints
Gas CCGT/OCGT,2035,Construction&Manufacturing,Direct,job-yr/MW,2.09771272562,2.09771272562,Rutovitz 2015,Rutovitz 2015,,25.0,2024.0,2.5,2024.0,Colombian Technology Catalogue,10. CCGT (GAS),direct,,Linear interpolation,Gas,,CCGT (GAS),,Construction + Manufacturing; full regional manufacturing assumed by Rutovitz 2015 method,2030,2035,2.09771272562,Linear interpolation between known datapoints
Gas CCGT/OCGT,2035,Manufacturing,Direct,job-yr/MW,0.874830867633,0.874830867633,Rutovitz 2015,Rutovitz 2015,,25.0,2024.0,2.5,2024.0,Colombian Technology Catalogue,10. CCGT (GAS),direct,,Linear interpolation,Gas,,CCGT (GAS),,CAPEX 2050/2030=0.9607509570263428,2030,2035,0.874830867633,Linear interpolation between known datapoints
Gas CCGT/OCGT,2035,O&M,Direct,job/MW,0.13167,0.13167,Rutovitz 2015,Rutovitz 2015,,25.0,2024.0,2.5,2024.0,Colombian Technology Catalogue,10. CCGT (GAS),direct,,Linear interpolation,Gas,,CCGT (GAS),,OPEX 2050/2030=0.96,2030,2035,0.13167,Linear interpolation between known datapoints
Gas CCGT/OCGT,2036,Construction,Direct,job-yr/MW,1.22045822958,1.22045822958,Rutovitz 2015,Rutovitz 2015,,25.0,2024.0,2.5,2024.0,Colombian Technology Catalogue,10. CCGT (GAS),direct,,Linear interpolation,Gas,,CCGT (GAS),,CAPEX 2050/2030=0.9607509570263428,2030,2036,1.22045822958,Linear interpolation between known datapoints
Gas CCGT/OCGT,2036,Construction&Manufacturing,Direct,job-yr/MW,2.09355527074,2.09355527074,Rutovitz 2015,Rutovitz 2015,,25.0,2024.0,2.5,2024.0,Colombian Technology Catalogue,10. CCGT (GAS),direct,,Linear interpolation,Gas,,CCGT (GAS),,Construction + Manufacturing; full regional manufacturing assumed by Rutovitz 2015 method,2030,2036,2.09355527074,Linear interpolation between known datapoints
Gas CCGT/OCGT,2036,Manufacturing,Direct,job-yr/MW,0.87309704116,0.87309704116,Rutovitz 2015,Rutovitz 2015,,25.0,2024.0,2.5,2024.0,Colombian Technology Catalogue,10. CCGT (GAS),direct,,Linear interpolation,Gas,,CCGT (GAS),,CAPEX 2050/2030=0.9607509570263428,2030,2036,0.87309704116,Linear interpolation between known datapoints
Gas CCGT/OCGT,2036,O&M,Direct,job/MW,0.131404,0.131404,Rutovitz 2015,Rutovitz 2015,,25.0,2024.0,2.5,2024.0,Colombian Technology Catalogue,10. CCGT (GAS),direct,,Linear interpolation,Gas,,CCGT (GAS),,OPEX 2050/2030=0.96,2030,2036,0.131404,Linear interpolation between known datapoints
Gas CCGT/OCGT,2037,Construction,Direct,job-yr/MW,1.21803460117,1.21803460117,Rutovitz 2015,Rutovitz 2015,,25.0,2024.0,2.5,2024.0,Colombian Technology Catalogue,10. CCGT (GAS),direct,,Linear interpolation,Gas,,CCGT (GAS),,CAPEX 2050/2030=0.9607509570263428,2030,2037,1.21803460117,Linear interpolation between known datapoints
Gas CCGT/OCGT,2037,Construction&Manufacturing,Direct,job-yr/MW,2.08939781586,2.08939781586,Rutovitz 2015,Rutovitz 2015,,25.0,2024.0,2.5,2024.0,Colombian Technology Catalogue,10. CCGT (GAS),direct,,Linear interpolation,Gas,,CCGT (GAS),,Construction + Manufacturing; full regional manufacturing assumed by Rutovitz 2015 method,2030,2037,2.08939781586,Linear interpolation between known datapoints
Gas CCGT/OCGT,2037,Manufacturing,Direct,job-yr/MW,0.871363214686,0.871363214686,Rutovitz 2015,Rutovitz 2015,,25.0,2024.0,2.5,2024.0,Colombian Technology Catalogue,10. CCGT (GAS),direct,,Linear interpolation,Gas,,CCGT (GAS),,CAPEX 2050/2030=0.9607509570263428,2030,2037,0.871363214686,Linear interpolation between known datapoints
Gas CCGT/OCGT,2037,O&M,Direct,job/MW,0.131138,0.131138,Rutovitz 2015,Rutovitz 2015,,25.0,2024.0,2.5,2024.0,Colombian Technology Catalogue,10. CCGT (GAS),direct,,Linear interpolation,Gas,,CCGT (GAS),,OPEX 2050/2030=0.96,2030,2037,0.131138,Linear interpolation between known datapoints
Gas CCGT/OCGT,2038,Construction,Direct,job-yr/MW,1.21561097277,1.21561097277,Rutovitz 2015,Rutovitz 2015,,25.0,2024.0,2.5,2024.0,Colombian Technology Catalogue,10. CCGT (GAS),direct,,Linear interpolation,Gas,,CCGT (GAS),,CAPEX 2050/2030=0.9607509570263428,2030,2038,1.21561097277,Linear interpolation between known datapoints
Gas CCGT/OCGT,2038,Construction&Manufacturing,Direct,job-yr/MW,2.08524036098,2.08524036098,Rutovitz 2015,Rutovitz 2015,,25.0,2024.0,2.5,2024.0,Colombian Technology Catalogue,10. CCGT (GAS),direct,,Linear interpolation,Gas,,CCGT (GAS),,Construction + Manufacturing; full regional manufacturing assumed by Rutovitz 2015 method,2030,2038,2.08524036098,Linear interpolation between known datapoints
Gas CCGT/OCGT,2038,Manufacturing,Direct,job-yr/MW,0.869629388213,0.869629388213,Rutovitz 2015,Rutovitz 2015,,25.0,2024.0,2.5,2024.0,Colombian Technology Catalogue,10. CCGT (GAS),direct,,Linear interpolation,Gas,,CCGT (GAS),,CAPEX 2050/2030=0.9607509570263428,2030,2038,0.869629388213,Linear interpolation between known datapoints
Gas CCGT/OCGT,2038,O&M,Direct,job/MW,0.130872,0.130872,Rutovitz 2015,Rutovitz 2015,,25.0,2024.0,2.5,2024.0,Colombian Technology Catalogue,10. CCGT (GAS),direct,,Linear interpolation,Gas,,CCGT (GAS),,OPEX 2050/2030=0.96,2030,2038,0.130872,Linear interpolation between known datapoints
Gas CCGT/OCGT,2039,Construction,Direct,job-yr/MW,1.21318734437,1.21318734437,Rutovitz 2015,Rutovitz 2015,,25.0,2024.0,2.5,2024.0,Colombian Technology Catalogue,10. CCGT (GAS),direct,,Linear interpolation,Gas,,CCGT (GAS),,CAPEX 2050/2030=0.9607509570263428,2030,2039,1.21318734437,Linear interpolation between known datapoints
Gas CCGT/OCGT,2039,Construction&Manufacturing,Direct,job-yr/MW,2.08108290611,2.08108290611,Rutovitz 2015,Rutovitz 2015,,25.0,2024.0,2.5,2024.0,Colombian Technology Catalogue,10. CCGT (GAS),direct,,Linear interpolation,Gas,,CCGT (GAS),,Construction + Manufacturing; full regional manufacturing assumed by Rutovitz 2015 method,2030,2039,2.08108290611,Linear interpolation between known datapoints
Gas CCGT/OCGT,2039,Manufacturing,Direct,job-yr/MW,0.86789556174,0.86789556174,Rutovitz 2015,Rutovitz 2015,,25.0,2024.0,2.5,2024.0,Colombian Technology Catalogue,10. CCGT (GAS),direct,,Linear interpolation,Gas,,CCGT (GAS),,CAPEX 2050/2030=0.9607509570263428,2030,2039,0.86789556174,Linear interpolation between known datapoints
Gas CCGT/OCGT,2039,O&M,Direct,job/MW,0.130606,0.130606,Rutovitz 2015,Rutovitz 2015,,25.0,2024.0,2.5,2024.0,Colombian Technology Catalogue,10. CCGT (GAS),direct,,Linear interpolation,Gas,,CCGT (GAS),,OPEX 2050/2030=0.96,2030,2039,0.130606,Linear interpolation between known datapoints
Gas CCGT/OCGT,2040,Construction,Direct,job-yr/MW,1.21076371596,1.21076371596,Rutovitz 2015,Rutovitz 2015,,25.0,2024.0,2.5,2024.0,Colombian Technology Catalogue,10. CCGT (GAS),direct,,Linear interpolation,Gas,,CCGT (GAS),,CAPEX 2050/2030=0.9607509570263428,2030,2040,1.21076371596,Linear interpolation between known datapoints
Gas CCGT/OCGT,2040,Construction&Manufacturing,Direct,job-yr/MW,2.07692545123,2.07692545123,Rutovitz 2015,Rutovitz 2015,,25.0,2024.0,2.5,2024.0,Colombian Technology Catalogue,10. CCGT (GAS),direct,,Linear interpolation,Gas,,CCGT (GAS),,Construction + Manufacturing; full regional manufacturing assumed by Rutovitz 2015 method,2030,2040,2.07692545123,Linear interpolation between known datapoints
Gas CCGT/OCGT,2040,Manufacturing,Direct,job-yr/MW,0.866161735266,0.866161735266,Rutovitz 2015,Rutovitz 2015,,25.0,2024.0,2.5,2024.0,Colombian Technology Catalogue,10. CCGT (GAS),direct,,Linear interpolation,Gas,,CCGT (GAS),,CAPEX 2050/2030=0.9607509570263428,2030,2040,0.866161735266,Linear interpolation between known datapoints
Gas CCGT/OCGT,2040,O&M,Direct,job/MW,0.13034,0.13034,Rutovitz 2015,Rutovitz 2015,,25.0,2024.0,2.5,2024.0,Colombian Technology Catalogue,10. CCGT (GAS),direct,,Linear interpolation,Gas,,CCGT (GAS),,OPEX 2050/2030=0.96,2030,2040,0.13034,Linear interpolation between known datapoints
Gas CCGT/OCGT,2041,Construction,Direct,job-yr/MW,1.20834008756,1.20834008756,Rutovitz 2015,Rutovitz 2015,,25.0,2024.0,2.5,2024.0,Colombian Technology Catalogue,10. CCGT (GAS),direct,,Linear interpolation,Gas,,CCGT (GAS),,CAPEX 2050/2030=0.9607509570263428,2030,2041,1.20834008756,Linear interpolation between known datapoints
Gas CCGT/OCGT,2041,Construction&Manufacturing,Direct,job-yr/MW,2.07276799635,2.07276799635,Rutovitz 2015,Rutovitz 2015,,25.0,2024.0,2.5,2024.0,Colombian Technology Catalogue,10. CCGT (GAS),direct,,Linear interpolation,Gas,,CCGT (GAS),,Construction + Manufacturing; full regional manufacturing assumed by Rutovitz 2015 method,2030,2041,2.07276799635,Linear interpolation between known datapoints
Gas CCGT/OCGT,2041,Manufacturing,Direct,job-yr/MW,0.864427908793,0.864427908793,Rutovitz 2015,Rutovitz 2015,,25.0,2024.0,2.5,2024.0,Colombian Technology Catalogue,10. CCGT (GAS),direct,,Linear interpolation,Gas,,CCGT (GAS),,CAPEX 2050/2030=0.9607509570263428,2030,2041,0.864427908793,Linear interpolation between known datapoints
Gas CCGT/OCGT,2041,O&M,Direct,job/MW,0.130074,0.130074,Rutovitz 2015,Rutovitz 2015,,25.0,2024.0,2.5,2024.0,Colombian Technology Catalogue,10. CCGT (GAS),direct,,Linear interpolation,Gas,,CCGT (GAS),,OPEX 2050/2030=0.96,2030,2041,0.130074,Linear interpolation between known datapoints
Gas CCGT/OCGT,2042,Construction,Direct,job-yr/MW,1.20591645916,1.20591645916,Rutovitz 2015,Rutovitz 2015,,25.0,2024.0,2.5,2024.0,Colombian Technology Catalogue,10. CCGT (GAS),direct,,Linear interpolation,Gas,,CCGT (GAS),,CAPEX 2050/2030=0.9607509570263428,2030,2042,1.20591645916,Linear interpolation between known datapoints
Gas CCGT/OCGT,2042,Construction&Manufacturing,Direct,job-yr/MW,2.06861054148,2.06861054148,Rutovitz 2015,Rutovitz 2015,,25.0,2024.0,2.5,2024.0,Colombian Technology Catalogue,10. CCGT (GAS),direct,,Linear interpolation,Gas,,CCGT (GAS),,Construction + Manufacturing; full regional manufacturing assumed by Rutovitz 2015 method,2030,2042,2.06861054148,Linear interpolation between known datapoints
Gas CCGT/OCGT,2042,Manufacturing,Direct,job-yr/MW,0.86269408232,0.86269408232,Rutovitz 2015,Rutovitz 2015,,25.0,2024.0,2.5,2024.0,Colombian Technology Catalogue,10. CCGT (GAS),direct,,Linear interpolation,Gas,,CCGT (GAS),,CAPEX 2050/2030=0.9607509570263428,2030,2042,0.86269408232,Linear interpolation between known datapoints
Gas CCGT/OCGT,2042,O&M,Direct,job/MW,0.129808,0.129808,Rutovitz 2015,Rutovitz 2015,,25.0,2024.0,2.5,2024.0,Colombian Technology Catalogue,10. CCGT (GAS),direct,,Linear interpolation,Gas,,CCGT (GAS),,OPEX 2050/2030=0.96,2030,2042,0.129808,Linear interpolation between known datapoints
Gas CCGT/OCGT,2043,Construction,Direct,job-yr/MW,1.20349283075,1.20349283075,Rutovitz 2015,Rutovitz 2015,,25.0,2024.0,2.5,2024.0,Colombian Technology Catalogue,10. CCGT (GAS),direct,,Linear interpolation,Gas,,CCGT (GAS),,CAPEX 2050/2030=0.9607509570263428,2030,2043,1.20349283075,Linear interpolation between known datapoints
Gas CCGT/OCGT,2043,Construction&Manufacturing,Direct,job-yr/MW,2.0644530866,2.0644530866,Rutovitz 2015,Rutovitz 2015,,25.0,2024.0,2.5,2024.0,Colombian Technology Catalogue,10. CCGT (GAS),direct,,Linear interpolation,Gas,,CCGT (GAS),,Construction + Manufacturing; full regional manufacturing assumed by Rutovitz 2015 method,2030,2043,2.0644530866,Linear interpolation between known datapoints
Gas CCGT/OCGT,2043,Manufacturing,Direct,job-yr/MW,0.860960255846,0.860960255846,Rutovitz 2015,Rutovitz 2015,,25.0,2024.0,2.5,2024.0,Colombian Technology Catalogue,10. CCGT (GAS),direct,,Linear interpolation,Gas,,CCGT (GAS),,CAPEX 2050/2030=0.9607509570263428,2030,2043,0.860960255846,Linear interpolation between known datapoints
Gas CCGT/OCGT,2043,O&M,Direct,job/MW,0.129542,0.129542,Rutovitz 2015,Rutovitz 2015,,25.0,2024.0,2.5,2024.0,Colombian Technology Catalogue,10. CCGT (GAS),direct,,Linear interpolation,Gas,,CCGT (GAS),,OPEX 2050/2030=0.96,2030,2043,0.129542,Linear interpolation between known datapoints
Gas CCGT/OCGT,2044,Construction,Direct,job-yr/MW,1.20106920235,1.20106920235,Rutovitz 2015,Rutovitz 2015,,25.0,2024.0,2.5,2024.0,Colombian Technology Catalogue,10. CCGT (GAS),direct,,Linear interpolation,Gas,,CCGT (GAS),,CAPEX 2050/2030=0.9607509570263428,2030,2044,1.20106920235,Linear interpolation between known datapoints
Gas CCGT/OCGT,2044,Construction&Manufacturing,Direct,job-yr/MW,2.06029563172,2.06029563172,Rutovitz 2015,Rutovitz 2015,,25.0,2024.0,2.5,2024.0,Colombian Technology Catalogue,10. CCGT (GAS),direct,,Linear interpolation,Gas,,CCGT (GAS),,Construction + Manufacturing; full regional manufacturing assumed by Rutovitz 2015 method,2030,2044,2.06029563172,Linear interpolation between known datapoints
Gas CCGT/OCGT,2044,Manufacturing,Direct,job-yr/MW,0.859226429373,0.859226429373,Rutovitz 2015,Rutovitz 2015,,25.0,2024.0,2.5,2024.0,Colombian Technology Catalogue,10. CCGT (GAS),direct,,Linear interpolation,Gas,,CCGT (GAS),,CAPEX 2050/2030=0.9607509570263428,2030,2044,0.859226429373,Linear interpolation between known datapoints
Gas CCGT/OCGT,2044,O&M,Direct,job/MW,0.129276,0.129276,Rutovitz 2015,Rutovitz 2015,,25.0,2024.0,2.5,2024.0,Colombian Technology Catalogue,10. CCGT (GAS),direct,,Linear interpolation,Gas,,CCGT (GAS),,OPEX 2050/2030=0.96,2030,2044,0.129276,Linear interpolation between known datapoints
Gas CCGT/OCGT,2045,Construction,Direct,job-yr/MW,1.19864557395,1.19864557395,Rutovitz 2015,Rutovitz 2015,,25.0,2024.0,2.5,2024.0,Colombian Technology Catalogue,10. CCGT (GAS),direct,,Linear interpolation,Gas,,CCGT (GAS),,CAPEX 2050/2030=0.9607509570263428,2030,2045,1.19864557395,Linear interpolation between known datapoints
Gas CCGT/OCGT,2045,Construction&Manufacturing,Direct,job-yr/MW,2.05613817685,2.05613817685,Rutovitz 2015,Rutovitz 2015,,25.0,2024.0,2.5,2024.0,Colombian Technology Catalogue,10. CCGT (GAS),direct,,Linear interpolation,Gas,,CCGT (GAS),,Construction + Manufacturing; full regional manufacturing assumed by Rutovitz 2015 method,2030,2045,2.05613817685,Linear interpolation between known datapoints
Gas CCGT/OCGT,2045,Manufacturing,Direct,job-yr/MW,0.8574926029,0.8574926029,Rutovitz 2015,Rutovitz 2015,,25.0,2024.0,2.5,2024.0,Colombian Technology Catalogue,10. CCGT (GAS),direct,,Linear interpolation,Gas,,CCGT (GAS),,CAPEX 2050/2030=0.9607509570263428,2030,2045,0.8574926029,Linear interpolation between known datapoints
Gas CCGT/OCGT,2045,O&M,Direct,job/MW,0.12901,0.12901,Rutovitz 2015,Rutovitz 2015,,25.0,2024.0,2.5,2024.0,Colombian Technology Catalogue,10. CCGT (GAS),direct,,Linear interpolation,Gas,,CCGT (GAS),,OPEX 2050/2030=0.96,2030,2045,0.12901,Linear interpolation between known datapoints
Gas CCGT/OCGT,2046,Construction,Direct,job-yr/MW,1.19622194554,1.19622194554,Rutovitz 2015,Rutovitz 2015,,25.0,2024.0,2.5,2024.0,Colombian Technology Catalogue,10. CCGT (GAS),direct,,Linear interpolation,Gas,,CCGT (GAS),,CAPEX 2050/2030=0.9607509570263428,2030,2046,1.19622194554,Linear interpolation between known datapoints
Gas CCGT/OCGT,2046,Construction&Manufacturing,Direct,job-yr/MW,2.05198072197,2.05198072197,Rutovitz 2015,Rutovitz 2015,,25.0,2024.0,2.5,2024.0,Colombian Technology Catalogue,10. CCGT (GAS),direct,,Linear interpolation,Gas,,CCGT (GAS),,Construction + Manufacturing; full regional manufacturing assumed by Rutovitz 2015 method,2030,2046,2.05198072197,Linear interpolation between known datapoints
Gas CCGT/OCGT,2046,Manufacturing,Direct,job-yr/MW,0.855758776426,0.855758776426,Rutovitz 2015,Rutovitz 2015,,25.0,2024.0,2.5,2024.0,Colombian Technology Catalogue,10. CCGT (GAS),direct,,Linear interpolation,Gas,,CCGT (GAS),,CAPEX 2050/2030=0.9607509570263428,2030,2046,0.855758776426,Linear interpolation between known datapoints
Gas CCGT/OCGT,2046,O&M,Direct,job/MW,0.128744,0.128744,Rutovitz 2015,Rutovitz 2015,,25.0,2024.0,2.5,2024.0,Colombian Technology Catalogue,10. CCGT (GAS),direct,,Linear interpolation,Gas,,CCGT (GAS),,OPEX 2050/2030=0.96,2030,2046,0.128744,Linear interpolation between known datapoints
Gas CCGT/OCGT,2047,Construction,Direct,job-yr/MW,1.19379831714,1.19379831714,Rutovitz 2015,Rutovitz 2015,,25.0,2024.0,2.5,2024.0,Colombian Technology Catalogue,10. CCGT (GAS),direct,,Linear interpolation,Gas,,CCGT (GAS),,CAPEX 2050/2030=0.9607509570263428,2030,2047,1.19379831714,Linear interpolation between known datapoints
Gas CCGT/OCGT,2047,Construction&Manufacturing,Direct,job-yr/MW,2.04782326709,2.04782326709,Rutovitz 2015,Rutovitz 2015,,25.0,2024.0,2.5,2024.0,Colombian Technology Catalogue,10. CCGT (GAS),direct,,Linear interpolation,Gas,,CCGT (GAS),,Construction + Manufacturing; full regional manufacturing assumed by Rutovitz 2015 method,2030,2047,2.04782326709,Linear interpolation between known datapoints
Gas CCGT/OCGT,2047,Manufacturing,Direct,job-yr/MW,0.854024949953,0.854024949953,Rutovitz 2015,Rutovitz 2015,,25.0,2024.0,2.5,2024.0,Colombian Technology Catalogue,10. CCGT (GAS),direct,,Linear interpolation,Gas,,CCGT (GAS),,CAPEX 2050/2030=0.9607509570263428,2030,2047,0.854024949953,Linear interpolation between known datapoints
Gas CCGT/OCGT,2047,O&M,Direct,job/MW,0.128478,0.128478,Rutovitz 2015,Rutovitz 2015,,25.0,2024.0,2.5,2024.0,Colombian Technology Catalogue,10. CCGT (GAS),direct,,Linear interpolation,Gas,,CCGT (GAS),,OPEX 2050/2030=0.96,2030,2047,0.128478,Linear interpolation between known datapoints
Gas CCGT/OCGT,2048,Construction,Direct,job-yr/MW,1.19137468873,1.19137468873,Rutovitz 2015,Rutovitz 2015,,25.0,2024.0,2.5,2024.0,Colombian Technology Catalogue,10. CCGT (GAS),direct,,Linear interpolation,Gas,,CCGT (GAS),,CAPEX 2050/2030=0.9607509570263428,2030,2048,1.19137468873,Linear interpolation between known datapoints
Gas CCGT/OCGT,2048,Construction&Manufacturing,Direct,job-yr/MW,2.04366581221,2.04366581221,Rutovitz 2015,Rutovitz 2015,,25.0,2024.0,2.5,2024.0,Colombian Technology Catalogue,10. CCGT (GAS),direct,,Linear interpolation,Gas,,CCGT (GAS),,Construction + Manufacturing; full regional manufacturing assumed by Rutovitz 2015 method,2030,2048,2.04366581221,Linear interpolation between known datapoints
Gas CCGT/OCGT,2048,Manufacturing,Direct,job-yr/MW,0.852291123479,0.852291123479,Rutovitz 2015,Rutovitz 2015,,25.0,2024.0,2.5,2024.0,Colombian Technology Catalogue,10. CCGT (GAS),direct,,Linear interpolation,Gas,,CCGT (GAS),,CAPEX 2050/2030=0.9607509570263428,2030,2048,0.852291123479,Linear interpolation between known datapoints
Gas CCGT/OCGT,2048,O&M,Direct,job/MW,0.128212,0.128212,Rutovitz 2015,Rutovitz 2015,,25.0,2024.0,2.5,2024.0,Colombian Technology Catalogue,10. CCGT (GAS),direct,,Linear interpolation,Gas,,CCGT (GAS),,OPEX 2050/2030=0.96,2030,2048,0.128212,Linear interpolation between known datapoints
Gas CCGT/OCGT,2049,Construction,Direct,job-yr/MW,1.18895106033,1.18895106033,Rutovitz 2015,Rutovitz 2015,,25.0,2024.0,2.5,2024.0,Colombian Technology Catalogue,10. CCGT (GAS),direct,,Linear interpolation,Gas,,CCGT (GAS),,CAPEX 2050/2030=0.9607509570263428,2030,2049,1.18895106033,Linear interpolation between known datapoints
Gas CCGT/OCGT,2049,Construction&Manufacturing,Direct,job-yr/MW,2.03950835734,2.03950835734,Rutovitz 2015,Rutovitz 2015,,25.0,2024.0,2.5,2024.0,Colombian Technology Catalogue,10. CCGT (GAS),direct,,Linear interpolation,Gas,,CCGT (GAS),,Construction + Manufacturing; full regional manufacturing assumed by Rutovitz 2015 method,2030,2049,2.03950835734,Linear interpolation between known datapoints
Gas CCGT/OCGT,2049,Manufacturing,Direct,job-yr/MW,0.850557297006,0.850557297006,Rutovitz 2015,Rutovitz 2015,,25.0,2024.0,2.5,2024.0,Colombian Technology Catalogue,10. CCGT (GAS),direct,,Linear interpolation,Gas,,CCGT (GAS),,CAPEX 2050/2030=0.9607509570263428,2030,2049,0.850557297006,Linear interpolation between known datapoints
Gas CCGT/OCGT,2049,O&M,Direct,job/MW,0.127946,0.127946,Rutovitz 2015,Rutovitz 2015,,25.0,2024.0,2.5,2024.0,Colombian Technology Catalogue,10. CCGT (GAS),direct,,Linear interpolation,Gas,,CCGT (GAS),,OPEX 2050/2030=0.96,2030,2049,0.127946,Linear interpolation between known datapoints
Gas CCGT/OCGT,2050,Construction,Direct,job-yr/MW,1.18652743193,1.18652743193,Rutovitz 2015,Rutovitz 2015,,25.0,2024.0,2.5,2024.0,Colombian Technology Catalogue,10. CCGT (GAS),direct,,CAPEX/OPEX ratio projection,Gas,,CCGT (GAS),,CAPEX 2050/2030=0.9607509570263428,2030,2050,1.18652743193,Known datapoint
Gas CCGT/OCGT,2050,Construction&Manufacturing,Direct,job-yr/MW,2.03535090246,2.03535090246,Rutovitz 2015,Rutovitz 2015,,25.0,2024.0,2.5,2024.0,Colombian Technology Catalogue,10. CCGT (GAS),direct,,Derived Construction&Manufacturing,Gas,,CCGT (GAS),,Construction + Manufacturing; full regional manufacturing assumed by Rutovitz 2015 method,2030,2050,2.03535090246,Known datapoint
Gas CCGT/OCGT,2050,Manufacturing,Direct,job-yr/MW,0.848823470533,0.848823470533,Rutovitz 2015,Rutovitz 2015,,25.0,2024.0,2.5,2024.0,Colombian Technology Catalogue,10. CCGT (GAS),direct,,CAPEX/OPEX ratio projection,Gas,,CCGT (GAS),,CAPEX 2050/2030=0.9607509570263428,2030,2050,0.848823470533,Known datapoint
Gas CCGT/OCGT,2050,O&M,Direct,job/MW,0.12768,0.12768,Rutovitz 2015,Rutovitz 2015,,25.0,2024.0,2.5,2024.0,Colombian Technology Catalogue,10. CCGT (GAS),direct,,CAPEX/OPEX ratio projection,Gas,,CCGT (GAS),,OPEX 2050/2030=0.96,2030,2050,0.12768,Known datapoint
Gas CCGT/OCGT,2051,Construction,Direct,job-yr/MW,1.18652743193,1.18652743193,Rutovitz 2015,Rutovitz 2015,,25.0,2024.0,2.5,2024.0,Colombian Technology Catalogue,10. CCGT (GAS),direct,,Linear interpolation,Gas,,CCGT (GAS),,CAPEX 2050/2030=0.9607509570263428,2030,2051,1.18652743193,Linear interpolation to 2050; held constant after 2050
Gas CCGT/OCGT,2051,Construction&Manufacturing,Direct,job-yr/MW,2.03535090246,2.03535090246,Rutovitz 2015,Rutovitz 2015,,25.0,2024.0,2.5,2024.0,Colombian Technology Catalogue,10. CCGT (GAS),direct,,Linear interpolation,Gas,,CCGT (GAS),,Construction + Manufacturing; full regional manufacturing assumed by Rutovitz 2015 method,2030,2051,2.03535090246,Linear interpolation to 2050; held constant after 2050
Gas CCGT/OCGT,2051,Manufacturing,Direct,job-yr/MW,0.848823470533,0.848823470533,Rutovitz 2015,Rutovitz 2015,,25.0,2024.0,2.5,2024.0,Colombian Technology Catalogue,10. CCGT (GAS),direct,,Linear interpolation,Gas,,CCGT (GAS),,CAPEX 2050/2030=0.9607509570263428,2030,2051,0.848823470533,Linear interpolation to 2050; held constant after 2050
Gas CCGT/OCGT,2051,O&M,Direct,job/MW,0.12768,0.12768,Rutovitz 2015,Rutovitz 2015,,25.0,2024.0,2.5,2024.0,Colombian Technology Catalogue,10. CCGT (GAS),direct,,Linear interpolation,Gas,,CCGT (GAS),,OPEX 2050/2030=0.96,2030,2051,0.12768,Linear interpolation to 2050; held constant after 2050
Gas CCGT/OCGT,2052,Construction,Direct,job-yr/MW,1.18652743193,1.18652743193,Rutovitz 2015,Rutovitz 2015,,25.0,2024.0,2.5,2024.0,Colombian Technology Catalogue,10. CCGT (GAS),direct,,Linear interpolation,Gas,,CCGT (GAS),,CAPEX 2050/2030=0.9607509570263428,2030,2052,1.18652743193,Linear interpolation to 2050; held constant after 2050
Gas CCGT/OCGT,2052,Construction&Manufacturing,Direct,job-yr/MW,2.03535090246,2.03535090246,Rutovitz 2015,Rutovitz 2015,,25.0,2024.0,2.5,2024.0,Colombian Technology Catalogue,10. CCGT (GAS),direct,,Linear interpolation,Gas,,CCGT (GAS),,Construction + Manufacturing; full regional manufacturing assumed by Rutovitz 2015 method,2030,2052,2.03535090246,Linear interpolation to 2050; held constant after 2050
Gas CCGT/OCGT,2052,Manufacturing,Direct,job-yr/MW,0.848823470533,0.848823470533,Rutovitz 2015,Rutovitz 2015,,25.0,2024.0,2.5,2024.0,Colombian Technology Catalogue,10. CCGT (GAS),direct,,Linear interpolation,Gas,,CCGT (GAS),,CAPEX 2050/2030=0.9607509570263428,2030,2052,0.848823470533,Linear interpolation to 2050; held constant after 2050
Gas CCGT/OCGT,2052,O&M,Direct,job/MW,0.12768,0.12768,Rutovitz 2015,Rutovitz 2015,,25.0,2024.0,2.5,2024.0,Colombian Technology Catalogue,10. CCGT (GAS),direct,,Linear interpolation,Gas,,CCGT (GAS),,OPEX 2050/2030=0.96,2030,2052,0.12768,Linear interpolation to 2050; held constant after 2050
Gas CCGT/OCGT,2053,Construction,Direct,job-yr/MW,1.18652743193,1.18652743193,Rutovitz 2015,Rutovitz 2015,,25.0,2024.0,2.5,2024.0,Colombian Technology Catalogue,10. CCGT (GAS),direct,,Linear interpolation,Gas,,CCGT (GAS),,CAPEX 2050/2030=0.9607509570263428,2030,2053,1.18652743193,Linear interpolation to 2050; held constant after 2050
Gas CCGT/OCGT,2053,Construction&Manufacturing,Direct,job-yr/MW,2.03535090246,2.03535090246,Rutovitz 2015,Rutovitz 2015,,25.0,2024.0,2.5,2024.0,Colombian Technology Catalogue,10. CCGT (GAS),direct,,Linear interpolation,Gas,,CCGT (GAS),,Construction + Manufacturing; full regional manufacturing assumed by Rutovitz 2015 method,2030,2053,2.03535090246,Linear interpolation to 2050; held constant after 2050
Gas CCGT/OCGT,2053,Manufacturing,Direct,job-yr/MW,0.848823470533,0.848823470533,Rutovitz 2015,Rutovitz 2015,,25.0,2024.0,2.5,2024.0,Colombian Technology Catalogue,10. CCGT (GAS),direct,,Linear interpolation,Gas,,CCGT (GAS),,CAPEX 2050/2030=0.9607509570263428,2030,2053,0.848823470533,Linear interpolation to 2050; held constant after 2050
Gas CCGT/OCGT,2053,O&M,Direct,job/MW,0.12768,0.12768,Rutovitz 2015,Rutovitz 2015,,25.0,2024.0,2.5,2024.0,Colombian Technology Catalogue,10. CCGT (GAS),direct,,Linear interpolation,Gas,,CCGT (GAS),,OPEX 2050/2030=0.96,2030,2053,0.12768,Linear interpolation to 2050; held constant after 2050
Gas CCGT/OCGT,2054,Construction,Direct,job-yr/MW,1.18652743193,1.18652743193,Rutovitz 2015,Rutovitz 2015,,25.0,2024.0,2.5,2024.0,Colombian Technology Catalogue,10. CCGT (GAS),direct,,Linear interpolation,Gas,,CCGT (GAS),,CAPEX 2050/2030=0.9607509570263428,2030,2054,1.18652743193,Linear interpolation to 2050; held constant after 2050
Gas CCGT/OCGT,2054,Construction&Manufacturing,Direct,job-yr/MW,2.03535090246,2.03535090246,Rutovitz 2015,Rutovitz 2015,,25.0,2024.0,2.5,2024.0,Colombian Technology Catalogue,10. CCGT (GAS),direct,,Linear interpolation,Gas,,CCGT (GAS),,Construction + Manufacturing; full regional manufacturing assumed by Rutovitz 2015 method,2030,2054,2.03535090246,Linear interpolation to 2050; held constant after 2050
Gas CCGT/OCGT,2054,Manufacturing,Direct,job-yr/MW,0.848823470533,0.848823470533,Rutovitz 2015,Rutovitz 2015,,25.0,2024.0,2.5,2024.0,Colombian Technology Catalogue,10. CCGT (GAS),direct,,Linear interpolation,Gas,,CCGT (GAS),,CAPEX 2050/2030=0.9607509570263428,2030,2054,0.848823470533,Linear interpolation to 2050; held constant after 2050
Gas CCGT/OCGT,2054,O&M,Direct,job/MW,0.12768,0.12768,Rutovitz 2015,Rutovitz 2015,,25.0,2024.0,2.5,2024.0,Colombian Technology Catalogue,10. CCGT (GAS),direct,,Linear interpolation,Gas,,CCGT (GAS),,OPEX 2050/2030=0.96,2030,2054,0.12768,Linear interpolation to 2050; held constant after 2050
Gas CCGT/OCGT,2055,Construction,Direct,job-yr/MW,1.18652743193,1.18652743193,Rutovitz 2015,Rutovitz 2015,,25.0,2024.0,2.5,2024.0,Colombian Technology Catalogue,10. CCGT (GAS),direct,,Linear interpolation,Gas,,CCGT (GAS),,CAPEX 2050/2030=0.9607509570263428,2030,2055,1.18652743193,Linear interpolation to 2050; held constant after 2050
Gas CCGT/OCGT,2055,Construction&Manufacturing,Direct,job-yr/MW,2.03535090246,2.03535090246,Rutovitz 2015,Rutovitz 2015,,25.0,2024.0,2.5,2024.0,Colombian Technology Catalogue,10. CCGT (GAS),direct,,Linear interpolation,Gas,,CCGT (GAS),,Construction + Manufacturing; full regional manufacturing assumed by Rutovitz 2015 method,2030,2055,2.03535090246,Linear interpolation to 2050; held constant after 2050
Gas CCGT/OCGT,2055,Manufacturing,Direct,job-yr/MW,0.848823470533,0.848823470533,Rutovitz 2015,Rutovitz 2015,,25.0,2024.0,2.5,2024.0,Colombian Technology Catalogue,10. CCGT (GAS),direct,,Linear interpolation,Gas,,CCGT (GAS),,CAPEX 2050/2030=0.9607509570263428,2030,2055,0.848823470533,Linear interpolation to 2050; held constant after 2050
Gas CCGT/OCGT,2055,O&M,Direct,job/MW,0.12768,0.12768,Rutovitz 2015,Rutovitz 2015,,25.0,2024.0,2.5,2024.0,Colombian Technology Catalogue,10. CCGT (GAS),direct,,Linear interpolation,Gas,,CCGT (GAS),,OPEX 2050/2030=0.96,2030,2055,0.12768,Linear interpolation to 2050; held constant after 2050
Geothermal,2024,Construction&Manufacturing,Direct,job-yr/MW,5.087,5.087,I-JEDI,I-JEDI,,30.0,2024.0,2.0,2024.0,Colombian Technology Catalogue,6.a. Geothermal large,direct,,Original,,,,,,2024,2024,5.087,Known datapoint
Geothermal,2024,Construction&Manufacturing,Indirect,job-yr/MW,3.4,3.4,I-JEDI,I-JEDI,,30.0,2024.0,2.0,2024.0,Colombian Technology Catalogue,6.a. Geothermal large,direct,,Original,,,,,,2024,2024,3.4,Known datapoint
Geothermal,2024,Construction&Manufacturing,Induced,job-yr/MW,5.5,5.5,I-JEDI,I-JEDI,,30.0,2024.0,2.0,2024.0,Colombian Technology Catalogue,6.a. Geothermal large,direct,,Original,,,,,,2024,2024,5.5,Known datapoint
Geothermal,2024,O&M,Direct,job/MW,0.008,0.008,I-JEDI,I-JEDI,,30.0,2024.0,2.0,2024.0,Colombian Technology Catalogue,6.a. Geothermal large,direct,,Original,,,,,,2024,2024,0.008,Known datapoint
Geothermal,2024,O&M,Indirect,job/MW,0.01,0.01,I-JEDI,I-JEDI,,30.0,2024.0,2.0,2024.0,Colombian Technology Catalogue,6.a. Geothermal large,direct,,Original,,,,,,2024,2024,0.01,Known datapoint
Geothermal,2024,O&M,Induced,job/MW,0.029,0.029,I-JEDI,I-JEDI,,30.0,2024.0,2.0,2024.0,Colombian Technology Catalogue,6.a. Geothermal large,direct,,Original,,,,,,2024,2024,0.029,Known datapoint
Geothermal,2025,Construction&Manufacturing,Direct,job-yr/MW,5.03781099889,5.03781099889,I-JEDI,I-JEDI,,30.0,2024.0,2.0,2024.0,Colombian Technology Catalogue,6.a. Geothermal large,direct,,Linear interpolation,,,Geothermal large,,CAPEX 2050/2030=0.9229247031680952,2030,2025,5.03781099889,Linear interpolation between known datapoints
Geothermal,2025,Construction&Manufacturing,Indirect,job-yr/MW,3.36712352983,3.36712352983,I-JEDI,I-JEDI,,30.0,2024.0,2.0,2024.0,Colombian Technology Catalogue,6.a. Geothermal large,direct,,Linear interpolation,,,Geothermal large,,CAPEX 2050/2030=0.9229247031680952,2030,2025,3.36712352983,Linear interpolation between known datapoints
Geothermal,2025,Construction&Manufacturing,Induced,job-yr/MW,5.44681747472,5.44681747472,I-JEDI,I-JEDI,,30.0,2024.0,2.0,2024.0,Colombian Technology Catalogue,6.a. Geothermal large,direct,,Linear interpolation,,,Geothermal large,,CAPEX 2050/2030=0.9229247031680952,2030,2025,5.44681747472,Linear interpolation between known datapoints
Geothermal,2025,O&M,Direct,job/MW,0.00792279138827,0.00792279138827,I-JEDI,I-JEDI,,30.0,2024.0,2.0,2024.0,Colombian Technology Catalogue,6.a. Geothermal large,direct,,Linear interpolation,,,Geothermal large,,OPEX 2050/2030=0.9231678486997636,2030,2025,0.00792279138827,Linear interpolation between known datapoints
Geothermal,2025,O&M,Indirect,job/MW,0.00990348923534,0.00990348923534,I-JEDI,I-JEDI,,30.0,2024.0,2.0,2024.0,Colombian Technology Catalogue,6.a. Geothermal large,direct,,Linear interpolation,,,Geothermal large,,OPEX 2050/2030=0.9231678486997636,2030,2025,0.00990348923534,Linear interpolation between known datapoints
Geothermal,2025,O&M,Induced,job/MW,0.0287201187825,0.0287201187825,I-JEDI,I-JEDI,,30.0,2024.0,2.0,2024.0,Colombian Technology Catalogue,6.a. Geothermal large,direct,,Linear interpolation,,,Geothermal large,,OPEX 2050/2030=0.9231678486997636,2030,2025,0.0287201187825,Linear interpolation between known datapoints
Geothermal,2026,Construction&Manufacturing,Direct,job-yr/MW,4.98862199778,4.98862199778,I-JEDI,I-JEDI,,30.0,2024.0,2.0,2024.0,Colombian Technology Catalogue,6.a. Geothermal large,direct,,Linear interpolation,,,Geothermal large,,CAPEX 2050/2030=0.9229247031680952,2030,2026,4.98862199778,Linear interpolation between known datapoints
Geothermal,2026,Construction&Manufacturing,Indirect,job-yr/MW,3.33424705965,3.33424705965,I-JEDI,I-JEDI,,30.0,2024.0,2.0,2024.0,Colombian Technology Catalogue,6.a. Geothermal large,direct,,Linear interpolation,,,Geothermal large,,CAPEX 2050/2030=0.9229247031680952,2030,2026,3.33424705965,Linear interpolation between known datapoints
Geothermal,2026,Construction&Manufacturing,Induced,job-yr/MW,5.39363494944,5.39363494944,I-JEDI,I-JEDI,,30.0,2024.0,2.0,2024.0,Colombian Technology Catalogue,6.a. Geothermal large,direct,,Linear interpolation,,,Geothermal large,,CAPEX 2050/2030=0.9229247031680952,2030,2026,5.39363494944,Linear interpolation between known datapoints
Geothermal,2026,O&M,Direct,job/MW,0.00784558277654,0.00784558277654,I-JEDI,I-JEDI,,30.0,2024.0,2.0,2024.0,Colombian Technology Catalogue,6.a. Geothermal large,direct,,Linear interpolation,,,Geothermal large,,OPEX 2050/2030=0.9231678486997636,2030,2026,0.00784558277654,Linear interpolation between known datapoints
Geothermal,2026,O&M,Indirect,job/MW,0.00980697847068,0.00980697847068,I-JEDI,I-JEDI,,30.0,2024.0,2.0,2024.0,Colombian Technology Catalogue,6.a. Geothermal large,direct,,Linear interpolation,,,Geothermal large,,OPEX 2050/2030=0.9231678486997636,2030,2026,0.00980697847068,Linear interpolation between known datapoints
Geothermal,2026,O&M,Induced,job/MW,0.028440237565,0.028440237565,I-JEDI,I-JEDI,,30.0,2024.0,2.0,2024.0,Colombian Technology Catalogue,6.a. Geothermal large,direct,,Linear interpolation,,,Geothermal large,,OPEX 2050/2030=0.9231678486997636,2030,2026,0.028440237565,Linear interpolation between known datapoints
Geothermal,2027,Construction&Manufacturing,Direct,job-yr/MW,4.93943299668,4.93943299668,I-JEDI,I-JEDI,,30.0,2024.0,2.0,2024.0,Colombian Technology Catalogue,6.a. Geothermal large,direct,,Linear interpolation,,,Geothermal large,,CAPEX 2050/2030=0.9229247031680952,2030,2027,4.93943299668,Linear interpolation between known datapoints
Geothermal,2027,Construction&Manufacturing,Indirect,job-yr/MW,3.30137058948,3.30137058948,I-JEDI,I-JEDI,,30.0,2024.0,2.0,2024.0,Colombian Technology Catalogue,6.a. Geothermal large,direct,,Linear interpolation,,,Geothermal large,,CAPEX 2050/2030=0.9229247031680952,2030,2027,3.30137058948,Linear interpolation between known datapoints
Geothermal,2027,Construction&Manufacturing,Induced,job-yr/MW,5.34045242416,5.34045242416,I-JEDI,I-JEDI,,30.0,2024.0,2.0,2024.0,Colombian Technology Catalogue,6.a. Geothermal large,direct,,Linear interpolation,,,Geothermal large,,CAPEX 2050/2030=0.9229247031680952,2030,2027,5.34045242416,Linear interpolation between known datapoints
Geothermal,2027,O&M,Direct,job/MW,0.00776837416481,0.00776837416481,I-JEDI,I-JEDI,,30.0,2024.0,2.0,2024.0,Colombian Technology Catalogue,6.a. Geothermal large,direct,,Linear interpolation,,,Geothermal large,,OPEX 2050/2030=0.9231678486997636,2030,2027,0.00776837416481,Linear interpolation between known datapoints
Geothermal,2027,O&M,Indirect,job/MW,0.00971046770601,0.00971046770601,I-JEDI,I-JEDI,,30.0,2024.0,2.0,2024.0,Colombian Technology Catalogue,6.a. Geothermal large,direct,,Linear interpolation,,,Geothermal large,,OPEX 2050/2030=0.9231678486997636,2030,2027,0.00971046770601,Linear interpolation between known datapoints
Geothermal,2027,O&M,Induced,job/MW,0.0281603563474,0.0281603563474,I-JEDI,I-JEDI,,30.0,2024.0,2.0,2024.0,Colombian Technology Catalogue,6.a. Geothermal large,direct,,Linear interpolation,,,Geothermal large,,OPEX 2050/2030=0.9231678486997636,2030,2027,0.0281603563474,Linear interpolation between known datapoints
Geothermal,2028,Construction&Manufacturing,Direct,job-yr/MW,4.89024399557,4.89024399557,I-JEDI,I-JEDI,,30.0,2024.0,2.0,2024.0,Colombian Technology Catalogue,6.a. Geothermal large,direct,,Linear interpolation,,,Geothermal large,,CAPEX 2050/2030=0.9229247031680952,2030,2028,4.89024399557,Linear interpolation between known datapoints
Geothermal,2028,Construction&Manufacturing,Indirect,job-yr/MW,3.26849411931,3.26849411931,I-JEDI,I-JEDI,,30.0,2024.0,2.0,2024.0,Colombian Technology Catalogue,6.a. Geothermal large,direct,,Linear interpolation,,,Geothermal large,,CAPEX 2050/2030=0.9229247031680952,2030,2028,3.26849411931,Linear interpolation between known datapoints
Geothermal,2028,Construction&Manufacturing,Induced,job-yr/MW,5.28726989888,5.28726989888,I-JEDI,I-JEDI,,30.0,2024.0,2.0,2024.0,Colombian Technology Catalogue,6.a. Geothermal large,direct,,Linear interpolation,,,Geothermal large,,CAPEX 2050/2030=0.9229247031680952,2030,2028,5.28726989888,Linear interpolation between known datapoints
Geothermal,2028,O&M,Direct,job/MW,0.00769116555308,0.00769116555308,I-JEDI,I-JEDI,,30.0,2024.0,2.0,2024.0,Colombian Technology Catalogue,6.a. Geothermal large,direct,,Linear interpolation,,,Geothermal large,,OPEX 2050/2030=0.9231678486997636,2030,2028,0.00769116555308,Linear interpolation between known datapoints
Geothermal,2028,O&M,Indirect,job/MW,0.00961395694135,0.00961395694135,I-JEDI,I-JEDI,,30.0,2024.0,2.0,2024.0,Colombian Technology Catalogue,6.a. Geothermal large,direct,,Linear interpolation,,,Geothermal large,,OPEX 2050/2030=0.9231678486997636,2030,2028,0.00961395694135,Linear interpolation between known datapoints
Geothermal,2028,O&M,Induced,job/MW,0.0278804751299,0.0278804751299,I-JEDI,I-JEDI,,30.0,2024.0,2.0,2024.0,Colombian Technology Catalogue,6.a. Geothermal large,direct,,Linear interpolation,,,Geothermal large,,OPEX 2050/2030=0.9231678486997636,2030,2028,0.0278804751299,Linear interpolation between known datapoints
Geothermal,2029,Construction&Manufacturing,Direct,job-yr/MW,4.84105499446,4.84105499446,I-JEDI,I-JEDI,,30.0,2024.0,2.0,2024.0,Colombian Technology Catalogue,6.a. Geothermal large,direct,,Linear interpolation,,,Geothermal large,,CAPEX 2050/2030=0.9229247031680952,2030,2029,4.84105499446,Linear interpolation between known datapoints
Geothermal,2029,Construction&Manufacturing,Indirect,job-yr/MW,3.23561764914,3.23561764914,I-JEDI,I-JEDI,,30.0,2024.0,2.0,2024.0,Colombian Technology Catalogue,6.a. Geothermal large,direct,,Linear interpolation,,,Geothermal large,,CAPEX 2050/2030=0.9229247031680952,2030,2029,3.23561764914,Linear interpolation between known datapoints
Geothermal,2029,Construction&Manufacturing,Induced,job-yr/MW,5.2340873736,5.2340873736,I-JEDI,I-JEDI,,30.0,2024.0,2.0,2024.0,Colombian Technology Catalogue,6.a. Geothermal large,direct,,Linear interpolation,,,Geothermal large,,CAPEX 2050/2030=0.9229247031680952,2030,2029,5.2340873736,Linear interpolation between known datapoints
Geothermal,2029,O&M,Direct,job/MW,0.00761395694135,0.00761395694135,I-JEDI,I-JEDI,,30.0,2024.0,2.0,2024.0,Colombian Technology Catalogue,6.a. Geothermal large,direct,,Linear interpolation,,,Geothermal large,,OPEX 2050/2030=0.9231678486997636,2030,2029,0.00761395694135,Linear interpolation between known datapoints
Geothermal,2029,O&M,Indirect,job/MW,0.00951744617669,0.00951744617669,I-JEDI,I-JEDI,,30.0,2024.0,2.0,2024.0,Colombian Technology Catalogue,6.a. Geothermal large,direct,,Linear interpolation,,,Geothermal large,,OPEX 2050/2030=0.9231678486997636,2030,2029,0.00951744617669,Linear interpolation between known datapoints
Geothermal,2029,O&M,Induced,job/MW,0.0276005939124,0.0276005939124,I-JEDI,I-JEDI,,30.0,2024.0,2.0,2024.0,Colombian Technology Catalogue,6.a. Geothermal large,direct,,Linear interpolation,,,Geothermal large,,OPEX 2050/2030=0.9231678486997636,2030,2029,0.0276005939124,Linear interpolation between known datapoints
Geothermal,2030,Construction&Manufacturing,Direct,job-yr/MW,4.79186599335,4.79186599335,I-JEDI,I-JEDI,,30.0,2024.0,2.0,2024.0,Colombian Technology Catalogue,6.a. Geothermal large,direct,,CAPEX/OPEX ratio projection,,,Geothermal large,,CAPEX 2030/2024=0.941982699695581,2024,2030,4.79186599335,Known datapoint
Geothermal,2030,Construction&Manufacturing,Indirect,job-yr/MW,3.20274117896,3.20274117896,I-JEDI,I-JEDI,,30.0,2024.0,2.0,2024.0,Colombian Technology Catalogue,6.a. Geothermal large,direct,,CAPEX/OPEX ratio projection,,,Geothermal large,,CAPEX 2030/2024=0.941982699695581,2024,2030,3.20274117896,Known datapoint
Geothermal,2030,Construction&Manufacturing,Induced,job-yr/MW,5.18090484833,5.18090484833,I-JEDI,I-JEDI,,30.0,2024.0,2.0,2024.0,Colombian Technology Catalogue,6.a. Geothermal large,direct,,CAPEX/OPEX ratio projection,,,Geothermal large,,CAPEX 2030/2024=0.941982699695581,2024,2030,5.18090484833,Known datapoint
Geothermal,2030,O&M,Direct,job/MW,0.00753674832962,0.00753674832962,I-JEDI,I-JEDI,,30.0,2024.0,2.0,2024.0,Colombian Technology Catalogue,6.a. Geothermal large,direct,,CAPEX/OPEX ratio projection,,,Geothermal large,,OPEX 2030/2024=0.9420935412026726,2024,2030,0.00753674832962,Known datapoint
Geothermal,2030,O&M,Indirect,job/MW,0.00942093541203,0.00942093541203,I-JEDI,I-JEDI,,30.0,2024.0,2.0,2024.0,Colombian Technology Catalogue,6.a. Geothermal large,direct,,CAPEX/OPEX ratio projection,,,Geothermal large,,OPEX 2030/2024=0.9420935412026726,2024,2030,0.00942093541203,Known datapoint
Geothermal,2030,O&M,Induced,job/MW,0.0273207126949,0.0273207126949,I-JEDI,I-JEDI,,30.0,2024.0,2.0,2024.0,Colombian Technology Catalogue,6.a. Geothermal large,direct,,CAPEX/OPEX ratio projection,,,Geothermal large,,OPEX 2030/2024=0.9420935412026726,2024,2030,0.0273207126949,Known datapoint
Geothermal,2031,Construction&Manufacturing,Direct,job-yr/MW,4.77339926866,4.77339926866,I-JEDI,I-JEDI,,30.0,2024.0,2.0,2024.0,Colombian Technology Catalogue,6.a. Geothermal large,direct,,Linear interpolation,,,Geothermal large,,CAPEX 2050/2030=0.9229247031680952,2030,2031,4.77339926866,Linear interpolation between known datapoints
Geothermal,2031,Construction&Manufacturing,Indirect,job-yr/MW,3.19039856761,3.19039856761,I-JEDI,I-JEDI,,30.0,2024.0,2.0,2024.0,Colombian Technology Catalogue,6.a. Geothermal large,direct,,Linear interpolation,,,Geothermal large,,CAPEX 2050/2030=0.9229247031680952,2030,2031,3.19039856761,Linear interpolation between known datapoints
Geothermal,2031,Construction&Manufacturing,Induced,job-yr/MW,5.16093885937,5.16093885937,I-JEDI,I-JEDI,,30.0,2024.0,2.0,2024.0,Colombian Technology Catalogue,6.a. Geothermal large,direct,,Linear interpolation,,,Geothermal large,,CAPEX 2050/2030=0.9229247031680952,2030,2031,5.16093885937,Linear interpolation between known datapoints
Geothermal,2031,O&M,Direct,job/MW,0.00750779510022,0.00750779510022,I-JEDI,I-JEDI,,30.0,2024.0,2.0,2024.0,Colombian Technology Catalogue,6.a. Geothermal large,direct,,Linear interpolation,,,Geothermal large,,OPEX 2050/2030=0.9231678486997636,2030,2031,0.00750779510022,Linear interpolation between known datapoints
Geothermal,2031,O&M,Indirect,job/MW,0.00938474387528,0.00938474387528,I-JEDI,I-JEDI,,30.0,2024.0,2.0,2024.0,Colombian Technology Catalogue,6.a. Geothermal large,direct,,Linear interpolation,,,Geothermal large,,OPEX 2050/2030=0.9231678486997636,2030,2031,0.00938474387528,Linear interpolation between known datapoints
Geothermal,2031,O&M,Induced,job/MW,0.0272157572383,0.0272157572383,I-JEDI,I-JEDI,,30.0,2024.0,2.0,2024.0,Colombian Technology Catalogue,6.a. Geothermal large,direct,,Linear interpolation,,,Geothermal large,,OPEX 2050/2030=0.9231678486997636,2030,2031,0.0272157572383,Linear interpolation between known datapoints
Geothermal,2032,Construction&Manufacturing,Direct,job-yr/MW,4.75493254397,4.75493254397,I-JEDI,I-JEDI,,30.0,2024.0,2.0,2024.0,Colombian Technology Catalogue,6.a. Geothermal large,direct,,Linear interpolation,,,Geothermal large,,CAPEX 2050/2030=0.9229247031680952,2030,2032,4.75493254397,Linear interpolation between known datapoints
Geothermal,2032,Construction&Manufacturing,Indirect,job-yr/MW,3.17805595626,3.17805595626,I-JEDI,I-JEDI,,30.0,2024.0,2.0,2024.0,Colombian Technology Catalogue,6.a. Geothermal large,direct,,Linear interpolation,,,Geothermal large,,CAPEX 2050/2030=0.9229247031680952,2030,2032,3.17805595626,Linear interpolation between known datapoints
Geothermal,2032,Construction&Manufacturing,Induced,job-yr/MW,5.14097287042,5.14097287042,I-JEDI,I-JEDI,,30.0,2024.0,2.0,2024.0,Colombian Technology Catalogue,6.a. Geothermal large,direct,,Linear interpolation,,,Geothermal large,,CAPEX 2050/2030=0.9229247031680952,2030,2032,5.14097287042,Linear interpolation between known datapoints
Geothermal,2032,O&M,Direct,job/MW,0.00747884187082,0.00747884187082,I-JEDI,I-JEDI,,30.0,2024.0,2.0,2024.0,Colombian Technology Catalogue,6.a. Geothermal large,direct,,Linear interpolation,,,Geothermal large,,OPEX 2050/2030=0.9231678486997636,2030,2032,0.00747884187082,Linear interpolation between known datapoints
Geothermal,2032,O&M,Indirect,job/MW,0.00934855233853,0.00934855233853,I-JEDI,I-JEDI,,30.0,2024.0,2.0,2024.0,Colombian Technology Catalogue,6.a. Geothermal large,direct,,Linear interpolation,,,Geothermal large,,OPEX 2050/2030=0.9231678486997636,2030,2032,0.00934855233853,Linear interpolation between known datapoints
Geothermal,2032,O&M,Induced,job/MW,0.0271108017817,0.0271108017817,I-JEDI,I-JEDI,,30.0,2024.0,2.0,2024.0,Colombian Technology Catalogue,6.a. Geothermal large,direct,,Linear interpolation,,,Geothermal large,,OPEX 2050/2030=0.9231678486997636,2030,2032,0.0271108017817,Linear interpolation between known datapoints
Geothermal,2033,Construction&Manufacturing,Direct,job-yr/MW,4.73646581928,4.73646581928,I-JEDI,I-JEDI,,30.0,2024.0,2.0,2024.0,Colombian Technology Catalogue,6.a. Geothermal large,direct,,Linear interpolation,,,Geothermal large,,CAPEX 2050/2030=0.9229247031680952,2030,2033,4.73646581928,Linear interpolation between known datapoints
Geothermal,2033,Construction&Manufacturing,Indirect,job-yr/MW,3.16571334491,3.16571334491,I-JEDI,I-JEDI,,30.0,2024.0,2.0,2024.0,Colombian Technology Catalogue,6.a. Geothermal large,direct,,Linear interpolation,,,Geothermal large,,CAPEX 2050/2030=0.9229247031680952,2030,2033,3.16571334491,Linear interpolation between known datapoints
Geothermal,2033,Construction&Manufacturing,Induced,job-yr/MW,5.12100688147,5.12100688147,I-JEDI,I-JEDI,,30.0,2024.0,2.0,2024.0,Colombian Technology Catalogue,6.a. Geothermal large,direct,,Linear interpolation,,,Geothermal large,,CAPEX 2050/2030=0.9229247031680952,2030,2033,5.12100688147,Linear interpolation between known datapoints
Geothermal,2033,O&M,Direct,job/MW,0.00744988864143,0.00744988864143,I-JEDI,I-JEDI,,30.0,2024.0,2.0,2024.0,Colombian Technology Catalogue,6.a. Geothermal large,direct,,Linear interpolation,,,Geothermal large,,OPEX 2050/2030=0.9231678486997636,2030,2033,0.00744988864143,Linear interpolation between known datapoints
Geothermal,2033,O&M,Indirect,job/MW,0.00931236080178,0.00931236080178,I-JEDI,I-JEDI,,30.0,2024.0,2.0,2024.0,Colombian Technology Catalogue,6.a. Geothermal large,direct,,Linear interpolation,,,Geothermal large,,OPEX 2050/2030=0.9231678486997636,2030,2033,0.00931236080178,Linear interpolation between known datapoints
Geothermal,2033,O&M,Induced,job/MW,0.0270058463252,0.0270058463252,I-JEDI,I-JEDI,,30.0,2024.0,2.0,2024.0,Colombian Technology Catalogue,6.a. Geothermal large,direct,,Linear interpolation,,,Geothermal large,,OPEX 2050/2030=0.9231678486997636,2030,2033,0.0270058463252,Linear interpolation between known datapoints
Geothermal,2034,Construction&Manufacturing,Direct,job-yr/MW,4.71799909459,4.71799909459,I-JEDI,I-JEDI,,30.0,2024.0,2.0,2024.0,Colombian Technology Catalogue,6.a. Geothermal large,direct,,Linear interpolation,,,Geothermal large,,CAPEX 2050/2030=0.9229247031680952,2030,2034,4.71799909459,Linear interpolation between known datapoints
Geothermal,2034,Construction&Manufacturing,Indirect,job-yr/MW,3.15337073356,3.15337073356,I-JEDI,I-JEDI,,30.0,2024.0,2.0,2024.0,Colombian Technology Catalogue,6.a. Geothermal large,direct,,Linear interpolation,,,Geothermal large,,CAPEX 2050/2030=0.9229247031680952,2030,2034,3.15337073356,Linear interpolation between known datapoints
Geothermal,2034,Construction&Manufacturing,Induced,job-yr/MW,5.10104089252,5.10104089252,I-JEDI,I-JEDI,,30.0,2024.0,2.0,2024.0,Colombian Technology Catalogue,6.a. Geothermal large,direct,,Linear interpolation,,,Geothermal large,,CAPEX 2050/2030=0.9229247031680952,2030,2034,5.10104089252,Linear interpolation between known datapoints
Geothermal,2034,O&M,Direct,job/MW,0.00742093541203,0.00742093541203,I-JEDI,I-JEDI,,30.0,2024.0,2.0,2024.0,Colombian Technology Catalogue,6.a. Geothermal large,direct,,Linear interpolation,,,Geothermal large,,OPEX 2050/2030=0.9231678486997636,2030,2034,0.00742093541203,Linear interpolation between known datapoints
Geothermal,2034,O&M,Indirect,job/MW,0.00927616926503,0.00927616926503,I-JEDI,I-JEDI,,30.0,2024.0,2.0,2024.0,Colombian Technology Catalogue,6.a. Geothermal large,direct,,Linear interpolation,,,Geothermal large,,OPEX 2050/2030=0.9231678486997636,2030,2034,0.00927616926503,Linear interpolation between known datapoints
Geothermal,2034,O&M,Induced,job/MW,0.0269008908686,0.0269008908686,I-JEDI,I-JEDI,,30.0,2024.0,2.0,2024.0,Colombian Technology Catalogue,6.a. Geothermal large,direct,,Linear interpolation,,,Geothermal large,,OPEX 2050/2030=0.9231678486997636,2030,2034,0.0269008908686,Linear interpolation between known datapoints
Geothermal,2035,Construction&Manufacturing,Direct,job-yr/MW,4.6995323699,4.6995323699,I-JEDI,I-JEDI,,30.0,2024.0,2.0,2024.0,Colombian Technology Catalogue,6.a. Geothermal large,direct,,Linear interpolation,,,Geothermal large,,CAPEX 2050/2030=0.9229247031680952,2030,2035,4.6995323699,Linear interpolation between known datapoints
Geothermal,2035,Construction&Manufacturing,Indirect,job-yr/MW,3.1410281222,3.1410281222,I-JEDI,I-JEDI,,30.0,2024.0,2.0,2024.0,Colombian Technology Catalogue,6.a. Geothermal large,direct,,Linear interpolation,,,Geothermal large,,CAPEX 2050/2030=0.9229247031680952,2030,2035,3.1410281222,Linear interpolation between known datapoints
Geothermal,2035,Construction&Manufacturing,Induced,job-yr/MW,5.08107490357,5.08107490357,I-JEDI,I-JEDI,,30.0,2024.0,2.0,2024.0,Colombian Technology Catalogue,6.a. Geothermal large,direct,,Linear interpolation,,,Geothermal large,,CAPEX 2050/2030=0.9229247031680952,2030,2035,5.08107490357,Linear interpolation between known datapoints
Geothermal,2035,O&M,Direct,job/MW,0.00739198218263,0.00739198218263,I-JEDI,I-JEDI,,30.0,2024.0,2.0,2024.0,Colombian Technology Catalogue,6.a. Geothermal large,direct,,Linear interpolation,,,Geothermal large,,OPEX 2050/2030=0.9231678486997636,2030,2035,0.00739198218263,Linear interpolation between known datapoints
Geothermal,2035,O&M,Indirect,job/MW,0.00923997772829,0.00923997772829,I-JEDI,I-JEDI,,30.0,2024.0,2.0,2024.0,Colombian Technology Catalogue,6.a. Geothermal large,direct,,Linear interpolation,,,Geothermal large,,OPEX 2050/2030=0.9231678486997636,2030,2035,0.00923997772829,Linear interpolation between known datapoints
Geothermal,2035,O&M,Induced,job/MW,0.026795935412,0.026795935412,I-JEDI,I-JEDI,,30.0,2024.0,2.0,2024.0,Colombian Technology Catalogue,6.a. Geothermal large,direct,,Linear interpolation,,,Geothermal large,,OPEX 2050/2030=0.9231678486997636,2030,2035,0.026795935412,Linear interpolation between known datapoints
Geothermal,2036,Construction&Manufacturing,Direct,job-yr/MW,4.68106564521,4.68106564521,I-JEDI,I-JEDI,,30.0,2024.0,2.0,2024.0,Colombian Technology Catalogue,6.a. Geothermal large,direct,,Linear interpolation,,,Geothermal large,,CAPEX 2050/2030=0.9229247031680952,2030,2036,4.68106564521,Linear interpolation between known datapoints
Geothermal,2036,Construction&Manufacturing,Indirect,job-yr/MW,3.12868551085,3.12868551085,I-JEDI,I-JEDI,,30.0,2024.0,2.0,2024.0,Colombian Technology Catalogue,6.a. Geothermal large,direct,,Linear interpolation,,,Geothermal large,,CAPEX 2050/2030=0.9229247031680952,2030,2036,3.12868551085,Linear interpolation between known datapoints
Geothermal,2036,Construction&Manufacturing,Induced,job-yr/MW,5.06110891461,5.06110891461,I-JEDI,I-JEDI,,30.0,2024.0,2.0,2024.0,Colombian Technology Catalogue,6.a. Geothermal large,direct,,Linear interpolation,,,Geothermal large,,CAPEX 2050/2030=0.9229247031680952,2030,2036,5.06110891461,Linear interpolation between known datapoints
Geothermal,2036,O&M,Direct,job/MW,0.00736302895323,0.00736302895323,I-JEDI,I-JEDI,,30.0,2024.0,2.0,2024.0,Colombian Technology Catalogue,6.a. Geothermal large,direct,,Linear interpolation,,,Geothermal large,,OPEX 2050/2030=0.9231678486997636,2030,2036,0.00736302895323,Linear interpolation between known datapoints
Geothermal,2036,O&M,Indirect,job/MW,0.00920378619154,0.00920378619154,I-JEDI,I-JEDI,,30.0,2024.0,2.0,2024.0,Colombian Technology Catalogue,6.a. Geothermal large,direct,,Linear interpolation,,,Geothermal large,,OPEX 2050/2030=0.9231678486997636,2030,2036,0.00920378619154,Linear interpolation between known datapoints
Geothermal,2036,O&M,Induced,job/MW,0.0266909799555,0.0266909799555,I-JEDI,I-JEDI,,30.0,2024.0,2.0,2024.0,Colombian Technology Catalogue,6.a. Geothermal large,direct,,Linear interpolation,,,Geothermal large,,OPEX 2050/2030=0.9231678486997636,2030,2036,0.0266909799555,Linear interpolation between known datapoints
Geothermal,2037,Construction&Manufacturing,Direct,job-yr/MW,4.66259892052,4.66259892052,I-JEDI,I-JEDI,,30.0,2024.0,2.0,2024.0,Colombian Technology Catalogue,6.a. Geothermal large,direct,,Linear interpolation,,,Geothermal large,,CAPEX 2050/2030=0.9229247031680952,2030,2037,4.66259892052,Linear interpolation between known datapoints
Geothermal,2037,Construction&Manufacturing,Indirect,job-yr/MW,3.1163428995,3.1163428995,I-JEDI,I-JEDI,,30.0,2024.0,2.0,2024.0,Colombian Technology Catalogue,6.a. Geothermal large,direct,,Linear interpolation,,,Geothermal large,,CAPEX 2050/2030=0.9229247031680952,2030,2037,3.1163428995,Linear interpolation between known datapoints
Geothermal,2037,Construction&Manufacturing,Induced,job-yr/MW,5.04114292566,5.04114292566,I-JEDI,I-JEDI,,30.0,2024.0,2.0,2024.0,Colombian Technology Catalogue,6.a. Geothermal large,direct,,Linear interpolation,,,Geothermal large,,CAPEX 2050/2030=0.9229247031680952,2030,2037,5.04114292566,Linear interpolation between known datapoints
Geothermal,2037,O&M,Direct,job/MW,0.00733407572383,0.00733407572383,I-JEDI,I-JEDI,,30.0,2024.0,2.0,2024.0,Colombian Technology Catalogue,6.a. Geothermal large,direct,,Linear interpolation,,,Geothermal large,,OPEX 2050/2030=0.9231678486997636,2030,2037,0.00733407572383,Linear interpolation between known datapoints
Geothermal,2037,O&M,Indirect,job/MW,0.00916759465479,0.00916759465479,I-JEDI,I-JEDI,,30.0,2024.0,2.0,2024.0,Colombian Technology Catalogue,6.a. Geothermal large,direct,,Linear interpolation,,,Geothermal large,,OPEX 2050/2030=0.9231678486997636,2030,2037,0.00916759465479,Linear interpolation between known datapoints
Geothermal,2037,O&M,Induced,job/MW,0.0265860244989,0.0265860244989,I-JEDI,I-JEDI,,30.0,2024.0,2.0,2024.0,Colombian Technology Catalogue,6.a. Geothermal large,direct,,Linear interpolation,,,Geothermal large,,OPEX 2050/2030=0.9231678486997636,2030,2037,0.0265860244989,Linear interpolation between known datapoints
Geothermal,2038,Construction&Manufacturing,Direct,job-yr/MW,4.64413219582,4.64413219582,I-JEDI,I-JEDI,,30.0,2024.0,2.0,2024.0,Colombian Technology Catalogue,6.a. Geothermal large,direct,,Linear interpolation,,,Geothermal large,,CAPEX 2050/2030=0.9229247031680952,2030,2038,4.64413219582,Linear interpolation between known datapoints
Geothermal,2038,Construction&Manufacturing,Indirect,job-yr/MW,3.10400028815,3.10400028815,I-JEDI,I-JEDI,,30.0,2024.0,2.0,2024.0,Colombian Technology Catalogue,6.a. Geothermal large,direct,,Linear interpolation,,,Geothermal large,,CAPEX 2050/2030=0.9229247031680952,2030,2038,3.10400028815,Linear interpolation between known datapoints
Geothermal,2038,Construction&Manufacturing,Induced,job-yr/MW,5.02117693671,5.02117693671,I-JEDI,I-JEDI,,30.0,2024.0,2.0,2024.0,Colombian Technology Catalogue,6.a. Geothermal large,direct,,Linear interpolation,,,Geothermal large,,CAPEX 2050/2030=0.9229247031680952,2030,2038,5.02117693671,Linear interpolation between known datapoints
Geothermal,2038,O&M,Direct,job/MW,0.00730512249443,0.00730512249443,I-JEDI,I-JEDI,,30.0,2024.0,2.0,2024.0,Colombian Technology Catalogue,6.a. Geothermal large,direct,,Linear interpolation,,,Geothermal large,,OPEX 2050/2030=0.9231678486997636,2030,2038,0.00730512249443,Linear interpolation between known datapoints
Geothermal,2038,O&M,Indirect,job/MW,0.00913140311804,0.00913140311804,I-JEDI,I-JEDI,,30.0,2024.0,2.0,2024.0,Colombian Technology Catalogue,6.a. Geothermal large,direct,,Linear interpolation,,,Geothermal large,,OPEX 2050/2030=0.9231678486997636,2030,2038,0.00913140311804,Linear interpolation between known datapoints
Geothermal,2038,O&M,Induced,job/MW,0.0264810690423,0.0264810690423,I-JEDI,I-JEDI,,30.0,2024.0,2.0,2024.0,Colombian Technology Catalogue,6.a. Geothermal large,direct,,Linear interpolation,,,Geothermal large,,OPEX 2050/2030=0.9231678486997636,2030,2038,0.0264810690423,Linear interpolation between known datapoints
Geothermal,2039,Construction&Manufacturing,Direct,job-yr/MW,4.62566547113,4.62566547113,I-JEDI,I-JEDI,,30.0,2024.0,2.0,2024.0,Colombian Technology Catalogue,6.a. Geothermal large,direct,,Linear interpolation,,,Geothermal large,,CAPEX 2050/2030=0.9229247031680952,2030,2039,4.62566547113,Linear interpolation between known datapoints
Geothermal,2039,Construction&Manufacturing,Indirect,job-yr/MW,3.09165767679,3.09165767679,I-JEDI,I-JEDI,,30.0,2024.0,2.0,2024.0,Colombian Technology Catalogue,6.a. Geothermal large,direct,,Linear interpolation,,,Geothermal large,,CAPEX 2050/2030=0.9229247031680952,2030,2039,3.09165767679,Linear interpolation between known datapoints
Geothermal,2039,Construction&Manufacturing,Induced,job-yr/MW,5.00121094776,5.00121094776,I-JEDI,I-JEDI,,30.0,2024.0,2.0,2024.0,Colombian Technology Catalogue,6.a. Geothermal large,direct,,Linear interpolation,,,Geothermal large,,CAPEX 2050/2030=0.9229247031680952,2030,2039,5.00121094776,Linear interpolation between known datapoints
Geothermal,2039,O&M,Direct,job/MW,0.00727616926503,0.00727616926503,I-JEDI,I-JEDI,,30.0,2024.0,2.0,2024.0,Colombian Technology Catalogue,6.a. Geothermal large,direct,,Linear interpolation,,,Geothermal large,,OPEX 2050/2030=0.9231678486997636,2030,2039,0.00727616926503,Linear interpolation between known datapoints
Geothermal,2039,O&M,Indirect,job/MW,0.00909521158129,0.00909521158129,I-JEDI,I-JEDI,,30.0,2024.0,2.0,2024.0,Colombian Technology Catalogue,6.a. Geothermal large,direct,,Linear interpolation,,,Geothermal large,,OPEX 2050/2030=0.9231678486997636,2030,2039,0.00909521158129,Linear interpolation between known datapoints
Geothermal,2039,O&M,Induced,job/MW,0.0263761135857,0.0263761135857,I-JEDI,I-JEDI,,30.0,2024.0,2.0,2024.0,Colombian Technology Catalogue,6.a. Geothermal large,direct,,Linear interpolation,,,Geothermal large,,OPEX 2050/2030=0.9231678486997636,2030,2039,0.0263761135857,Linear interpolation between known datapoints
Geothermal,2040,Construction&Manufacturing,Direct,job-yr/MW,4.60719874644,4.60719874644,I-JEDI,I-JEDI,,30.0,2024.0,2.0,2024.0,Colombian Technology Catalogue,6.a. Geothermal large,direct,,Linear interpolation,,,Geothermal large,,CAPEX 2050/2030=0.9229247031680952,2030,2040,4.60719874644,Linear interpolation between known datapoints
Geothermal,2040,Construction&Manufacturing,Indirect,job-yr/MW,3.07931506544,3.07931506544,I-JEDI,I-JEDI,,30.0,2024.0,2.0,2024.0,Colombian Technology Catalogue,6.a. Geothermal large,direct,,Linear interpolation,,,Geothermal large,,CAPEX 2050/2030=0.9229247031680952,2030,2040,3.07931506544,Linear interpolation between known datapoints
Geothermal,2040,Construction&Manufacturing,Induced,job-yr/MW,4.9812449588,4.9812449588,I-JEDI,I-JEDI,,30.0,2024.0,2.0,2024.0,Colombian Technology Catalogue,6.a. Geothermal large,direct,,Linear interpolation,,,Geothermal large,,CAPEX 2050/2030=0.9229247031680952,2030,2040,4.9812449588,Linear interpolation between known datapoints
Geothermal,2040,O&M,Direct,job/MW,0.00724721603563,0.00724721603563,I-JEDI,I-JEDI,,30.0,2024.0,2.0,2024.0,Colombian Technology Catalogue,6.a. Geothermal large,direct,,Linear interpolation,,,Geothermal large,,OPEX 2050/2030=0.9231678486997636,2030,2040,0.00724721603563,Linear interpolation between known datapoints
Geothermal,2040,O&M,Indirect,job/MW,0.00905902004454,0.00905902004454,I-JEDI,I-JEDI,,30.0,2024.0,2.0,2024.0,Colombian Technology Catalogue,6.a. Geothermal large,direct,,Linear interpolation,,,Geothermal large,,OPEX 2050/2030=0.9231678486997636,2030,2040,0.00905902004454,Linear interpolation between known datapoints
Geothermal,2040,O&M,Induced,job/MW,0.0262711581292,0.0262711581292,I-JEDI,I-JEDI,,30.0,2024.0,2.0,2024.0,Colombian Technology Catalogue,6.a. Geothermal large,direct,,Linear interpolation,,,Geothermal large,,OPEX 2050/2030=0.9231678486997636,2030,2040,0.0262711581292,Linear interpolation between known datapoints
Geothermal,2041,Construction&Manufacturing,Direct,job-yr/MW,4.58873202175,4.58873202175,I-JEDI,I-JEDI,,30.0,2024.0,2.0,2024.0,Colombian Technology Catalogue,6.a. Geothermal large,direct,,Linear interpolation,,,Geothermal large,,CAPEX 2050/2030=0.9229247031680952,2030,2041,4.58873202175,Linear interpolation between known datapoints
Geothermal,2041,Construction&Manufacturing,Indirect,job-yr/MW,3.06697245409,3.06697245409,I-JEDI,I-JEDI,,30.0,2024.0,2.0,2024.0,Colombian Technology Catalogue,6.a. Geothermal large,direct,,Linear interpolation,,,Geothermal large,,CAPEX 2050/2030=0.9229247031680952,2030,2041,3.06697245409,Linear interpolation between known datapoints
Geothermal,2041,Construction&Manufacturing,Induced,job-yr/MW,4.96127896985,4.96127896985,I-JEDI,I-JEDI,,30.0,2024.0,2.0,2024.0,Colombian Technology Catalogue,6.a. Geothermal large,direct,,Linear interpolation,,,Geothermal large,,CAPEX 2050/2030=0.9229247031680952,2030,2041,4.96127896985,Linear interpolation between known datapoints
Geothermal,2041,O&M,Direct,job/MW,0.00721826280624,0.00721826280624,I-JEDI,I-JEDI,,30.0,2024.0,2.0,2024.0,Colombian Technology Catalogue,6.a. Geothermal large,direct,,Linear interpolation,,,Geothermal large,,OPEX 2050/2030=0.9231678486997636,2030,2041,0.00721826280624,Linear interpolation between known datapoints
Geothermal,2041,O&M,Indirect,job/MW,0.0090228285078,0.0090228285078,I-JEDI,I-JEDI,,30.0,2024.0,2.0,2024.0,Colombian Technology Catalogue,6.a. Geothermal large,direct,,Linear interpolation,,,Geothermal large,,OPEX 2050/2030=0.9231678486997636,2030,2041,0.0090228285078,Linear interpolation between known datapoints
Geothermal,2041,O&M,Induced,job/MW,0.0261662026726,0.0261662026726,I-JEDI,I-JEDI,,30.0,2024.0,2.0,2024.0,Colombian Technology Catalogue,6.a. Geothermal large,direct,,Linear interpolation,,,Geothermal large,,OPEX 2050/2030=0.9231678486997636,2030,2041,0.0261662026726,Linear interpolation between known datapoints
Geothermal,2042,Construction&Manufacturing,Direct,job-yr/MW,4.57026529706,4.57026529706,I-JEDI,I-JEDI,,30.0,2024.0,2.0,2024.0,Colombian Technology Catalogue,6.a. Geothermal large,direct,,Linear interpolation,,,Geothermal large,,CAPEX 2050/2030=0.9229247031680952,2030,2042,4.57026529706,Linear interpolation between known datapoints
Geothermal,2042,Construction&Manufacturing,Indirect,job-yr/MW,3.05462984274,3.05462984274,I-JEDI,I-JEDI,,30.0,2024.0,2.0,2024.0,Colombian Technology Catalogue,6.a. Geothermal large,direct,,Linear interpolation,,,Geothermal large,,CAPEX 2050/2030=0.9229247031680952,2030,2042,3.05462984274,Linear interpolation between known datapoints
Geothermal,2042,Construction&Manufacturing,Induced,job-yr/MW,4.9413129809,4.9413129809,I-JEDI,I-JEDI,,30.0,2024.0,2.0,2024.0,Colombian Technology Catalogue,6.a. Geothermal large,direct,,Linear interpolation,,,Geothermal large,,CAPEX 2050/2030=0.9229247031680952,2030,2042,4.9413129809,Linear interpolation between known datapoints
Geothermal,2042,O&M,Direct,job/MW,0.00718930957684,0.00718930957684,I-JEDI,I-JEDI,,30.0,2024.0,2.0,2024.0,Colombian Technology Catalogue,6.a. Geothermal large,direct,,Linear interpolation,,,Geothermal large,,OPEX 2050/2030=0.9231678486997636,2030,2042,0.00718930957684,Linear interpolation between known datapoints
Geothermal,2042,O&M,Indirect,job/MW,0.00898663697105,0.00898663697105,I-JEDI,I-JEDI,,30.0,2024.0,2.0,2024.0,Colombian Technology Catalogue,6.a. Geothermal large,direct,,Linear interpolation,,,Geothermal large,,OPEX 2050/2030=0.9231678486997636,2030,2042,0.00898663697105,Linear interpolation between known datapoints
Geothermal,2042,O&M,Induced,job/MW,0.026061247216,0.026061247216,I-JEDI,I-JEDI,,30.0,2024.0,2.0,2024.0,Colombian Technology Catalogue,6.a. Geothermal large,direct,,Linear interpolation,,,Geothermal large,,OPEX 2050/2030=0.9231678486997636,2030,2042,0.026061247216,Linear interpolation between known datapoints
Geothermal,2043,Construction&Manufacturing,Direct,job-yr/MW,4.55179857237,4.55179857237,I-JEDI,I-JEDI,,30.0,2024.0,2.0,2024.0,Colombian Technology Catalogue,6.a. Geothermal large,direct,,Linear interpolation,,,Geothermal large,,CAPEX 2050/2030=0.9229247031680952,2030,2043,4.55179857237,Linear interpolation between known datapoints
Geothermal,2043,Construction&Manufacturing,Indirect,job-yr/MW,3.04228723139,3.04228723139,I-JEDI,I-JEDI,,30.0,2024.0,2.0,2024.0,Colombian Technology Catalogue,6.a. Geothermal large,direct,,Linear interpolation,,,Geothermal large,,CAPEX 2050/2030=0.9229247031680952,2030,2043,3.04228723139,Linear interpolation between known datapoints
Geothermal,2043,Construction&Manufacturing,Induced,job-yr/MW,4.92134699195,4.92134699195,I-JEDI,I-JEDI,,30.0,2024.0,2.0,2024.0,Colombian Technology Catalogue,6.a. Geothermal large,direct,,Linear interpolation,,,Geothermal large,,CAPEX 2050/2030=0.9229247031680952,2030,2043,4.92134699195,Linear interpolation between known datapoints
Geothermal,2043,O&M,Direct,job/MW,0.00716035634744,0.00716035634744,I-JEDI,I-JEDI,,30.0,2024.0,2.0,2024.0,Colombian Technology Catalogue,6.a. Geothermal large,direct,,Linear interpolation,,,Geothermal large,,OPEX 2050/2030=0.9231678486997636,2030,2043,0.00716035634744,Linear interpolation between known datapoints
Geothermal,2043,O&M,Indirect,job/MW,0.0089504454343,0.0089504454343,I-JEDI,I-JEDI,,30.0,2024.0,2.0,2024.0,Colombian Technology Catalogue,6.a. Geothermal large,direct,,Linear interpolation,,,Geothermal large,,OPEX 2050/2030=0.9231678486997636,2030,2043,0.0089504454343,Linear interpolation between known datapoints
Geothermal,2043,O&M,Induced,job/MW,0.0259562917595,0.0259562917595,I-JEDI,I-JEDI,,30.0,2024.0,2.0,2024.0,Colombian Technology Catalogue,6.a. Geothermal large,direct,,Linear interpolation,,,Geothermal large,,OPEX 2050/2030=0.9231678486997636,2030,2043,0.0259562917595,Linear interpolation between known datapoints
Geothermal,2044,Construction&Manufacturing,Direct,job-yr/MW,4.53333184768,4.53333184768,I-JEDI,I-JEDI,,30.0,2024.0,2.0,2024.0,Colombian Technology Catalogue,6.a. Geothermal large,direct,,Linear interpolation,,,Geothermal large,,CAPEX 2050/2030=0.9229247031680952,2030,2044,4.53333184768,Linear interpolation between known datapoints
Geothermal,2044,Construction&Manufacturing,Indirect,job-yr/MW,3.02994462003,3.02994462003,I-JEDI,I-JEDI,,30.0,2024.0,2.0,2024.0,Colombian Technology Catalogue,6.a. Geothermal large,direct,,Linear interpolation,,,Geothermal large,,CAPEX 2050/2030=0.9229247031680952,2030,2044,3.02994462003,Linear interpolation between known datapoints
Geothermal,2044,Construction&Manufacturing,Induced,job-yr/MW,4.901381003,4.901381003,I-JEDI,I-JEDI,,30.0,2024.0,2.0,2024.0,Colombian Technology Catalogue,6.a. Geothermal large,direct,,Linear interpolation,,,Geothermal large,,CAPEX 2050/2030=0.9229247031680952,2030,2044,4.901381003,Linear interpolation between known datapoints
Geothermal,2044,O&M,Direct,job/MW,0.00713140311804,0.00713140311804,I-JEDI,I-JEDI,,30.0,2024.0,2.0,2024.0,Colombian Technology Catalogue,6.a. Geothermal large,direct,,Linear interpolation,,,Geothermal large,,OPEX 2050/2030=0.9231678486997636,2030,2044,0.00713140311804,Linear interpolation between known datapoints
Geothermal,2044,O&M,Indirect,job/MW,0.00891425389755,0.00891425389755,I-JEDI,I-JEDI,,30.0,2024.0,2.0,2024.0,Colombian Technology Catalogue,6.a. Geothermal large,direct,,Linear interpolation,,,Geothermal large,,OPEX 2050/2030=0.9231678486997636,2030,2044,0.00891425389755,Linear interpolation between known datapoints
Geothermal,2044,O&M,Induced,job/MW,0.0258513363029,0.0258513363029,I-JEDI,I-JEDI,,30.0,2024.0,2.0,2024.0,Colombian Technology Catalogue,6.a. Geothermal large,direct,,Linear interpolation,,,Geothermal large,,OPEX 2050/2030=0.9231678486997636,2030,2044,0.0258513363029,Linear interpolation between known datapoints
Geothermal,2045,Construction&Manufacturing,Direct,job-yr/MW,4.51486512299,4.51486512299,I-JEDI,I-JEDI,,30.0,2024.0,2.0,2024.0,Colombian Technology Catalogue,6.a. Geothermal large,direct,,Linear interpolation,,,Geothermal large,,CAPEX 2050/2030=0.9229247031680952,2030,2045,4.51486512299,Linear interpolation between known datapoints
Geothermal,2045,Construction&Manufacturing,Indirect,job-yr/MW,3.01760200868,3.01760200868,I-JEDI,I-JEDI,,30.0,2024.0,2.0,2024.0,Colombian Technology Catalogue,6.a. Geothermal large,direct,,Linear interpolation,,,Geothermal large,,CAPEX 2050/2030=0.9229247031680952,2030,2045,3.01760200868,Linear interpolation between known datapoints
Geothermal,2045,Construction&Manufacturing,Induced,job-yr/MW,4.88141501404,4.88141501404,I-JEDI,I-JEDI,,30.0,2024.0,2.0,2024.0,Colombian Technology Catalogue,6.a. Geothermal large,direct,,Linear interpolation,,,Geothermal large,,CAPEX 2050/2030=0.9229247031680952,2030,2045,4.88141501404,Linear interpolation between known datapoints
Geothermal,2045,O&M,Direct,job/MW,0.00710244988864,0.00710244988864,I-JEDI,I-JEDI,,30.0,2024.0,2.0,2024.0,Colombian Technology Catalogue,6.a. Geothermal large,direct,,Linear interpolation,,,Geothermal large,,OPEX 2050/2030=0.9231678486997636,2030,2045,0.00710244988864,Linear interpolation between known datapoints
Geothermal,2045,O&M,Indirect,job/MW,0.0088780623608,0.0088780623608,I-JEDI,I-JEDI,,30.0,2024.0,2.0,2024.0,Colombian Technology Catalogue,6.a. Geothermal large,direct,,Linear interpolation,,,Geothermal large,,OPEX 2050/2030=0.9231678486997636,2030,2045,0.0088780623608,Linear interpolation between known datapoints
Geothermal,2045,O&M,Induced,job/MW,0.0257463808463,0.0257463808463,I-JEDI,I-JEDI,,30.0,2024.0,2.0,2024.0,Colombian Technology Catalogue,6.a. Geothermal large,direct,,Linear interpolation,,,Geothermal large,,OPEX 2050/2030=0.9231678486997636,2030,2045,0.0257463808463,Linear interpolation between known datapoints
Geothermal,2046,Construction&Manufacturing,Direct,job-yr/MW,4.4963983983,4.4963983983,I-JEDI,I-JEDI,,30.0,2024.0,2.0,2024.0,Colombian Technology Catalogue,6.a. Geothermal large,direct,,Linear interpolation,,,Geothermal large,,CAPEX 2050/2030=0.9229247031680952,2030,2046,4.4963983983,Linear interpolation between known datapoints
Geothermal,2046,Construction&Manufacturing,Indirect,job-yr/MW,3.00525939733,3.00525939733,I-JEDI,I-JEDI,,30.0,2024.0,2.0,2024.0,Colombian Technology Catalogue,6.a. Geothermal large,direct,,Linear interpolation,,,Geothermal large,,CAPEX 2050/2030=0.9229247031680952,2030,2046,3.00525939733,Linear interpolation between known datapoints
Geothermal,2046,Construction&Manufacturing,Induced,job-yr/MW,4.86144902509,4.86144902509,I-JEDI,I-JEDI,,30.0,2024.0,2.0,2024.0,Colombian Technology Catalogue,6.a. Geothermal large,direct,,Linear interpolation,,,Geothermal large,,CAPEX 2050/2030=0.9229247031680952,2030,2046,4.86144902509,Linear interpolation between known datapoints
Geothermal,2046,O&M,Direct,job/MW,0.00707349665924,0.00707349665924,I-JEDI,I-JEDI,,30.0,2024.0,2.0,2024.0,Colombian Technology Catalogue,6.a. Geothermal large,direct,,Linear interpolation,,,Geothermal large,,OPEX 2050/2030=0.9231678486997636,2030,2046,0.00707349665924,Linear interpolation between known datapoints
Geothermal,2046,O&M,Indirect,job/MW,0.00884187082405,0.00884187082405,I-JEDI,I-JEDI,,30.0,2024.0,2.0,2024.0,Colombian Technology Catalogue,6.a. Geothermal large,direct,,Linear interpolation,,,Geothermal large,,OPEX 2050/2030=0.9231678486997636,2030,2046,0.00884187082405,Linear interpolation between known datapoints
Geothermal,2046,O&M,Induced,job/MW,0.0256414253898,0.0256414253898,I-JEDI,I-JEDI,,30.0,2024.0,2.0,2024.0,Colombian Technology Catalogue,6.a. Geothermal large,direct,,Linear interpolation,,,Geothermal large,,OPEX 2050/2030=0.9231678486997636,2030,2046,0.0256414253898,Linear interpolation between known datapoints
Geothermal,2047,Construction&Manufacturing,Direct,job-yr/MW,4.47793167361,4.47793167361,I-JEDI,I-JEDI,,30.0,2024.0,2.0,2024.0,Colombian Technology Catalogue,6.a. Geothermal large,direct,,Linear interpolation,,,Geothermal large,,CAPEX 2050/2030=0.9229247031680952,2030,2047,4.47793167361,Linear interpolation between known datapoints
Geothermal,2047,Construction&Manufacturing,Indirect,job-yr/MW,2.99291678598,2.99291678598,I-JEDI,I-JEDI,,30.0,2024.0,2.0,2024.0,Colombian Technology Catalogue,6.a. Geothermal large,direct,,Linear interpolation,,,Geothermal large,,CAPEX 2050/2030=0.9229247031680952,2030,2047,2.99291678598,Linear interpolation between known datapoints
Geothermal,2047,Construction&Manufacturing,Induced,job-yr/MW,4.84148303614,4.84148303614,I-JEDI,I-JEDI,,30.0,2024.0,2.0,2024.0,Colombian Technology Catalogue,6.a. Geothermal large,direct,,Linear interpolation,,,Geothermal large,,CAPEX 2050/2030=0.9229247031680952,2030,2047,4.84148303614,Linear interpolation between known datapoints
Geothermal,2047,O&M,Direct,job/MW,0.00704454342984,0.00704454342984,I-JEDI,I-JEDI,,30.0,2024.0,2.0,2024.0,Colombian Technology Catalogue,6.a. Geothermal large,direct,,Linear interpolation,,,Geothermal large,,OPEX 2050/2030=0.9231678486997636,2030,2047,0.00704454342984,Linear interpolation between known datapoints
Geothermal,2047,O&M,Indirect,job/MW,0.00880567928731,0.00880567928731,I-JEDI,I-JEDI,,30.0,2024.0,2.0,2024.0,Colombian Technology Catalogue,6.a. Geothermal large,direct,,Linear interpolation,,,Geothermal large,,OPEX 2050/2030=0.9231678486997636,2030,2047,0.00880567928731,Linear interpolation between known datapoints
Geothermal,2047,O&M,Induced,job/MW,0.0255364699332,0.0255364699332,I-JEDI,I-JEDI,,30.0,2024.0,2.0,2024.0,Colombian Technology Catalogue,6.a. Geothermal large,direct,,Linear interpolation,,,Geothermal large,,OPEX 2050/2030=0.9231678486997636,2030,2047,0.0255364699332,Linear interpolation between known datapoints
Geothermal,2048,Construction&Manufacturing,Direct,job-yr/MW,4.45946494892,4.45946494892,I-JEDI,I-JEDI,,30.0,2024.0,2.0,2024.0,Colombian Technology Catalogue,6.a. Geothermal large,direct,,Linear interpolation,,,Geothermal large,,CAPEX 2050/2030=0.9229247031680952,2030,2048,4.45946494892,Linear interpolation between known datapoints
Geothermal,2048,Construction&Manufacturing,Indirect,job-yr/MW,2.98057417462,2.98057417462,I-JEDI,I-JEDI,,30.0,2024.0,2.0,2024.0,Colombian Technology Catalogue,6.a. Geothermal large,direct,,Linear interpolation,,,Geothermal large,,CAPEX 2050/2030=0.9229247031680952,2030,2048,2.98057417462,Linear interpolation between known datapoints
Geothermal,2048,Construction&Manufacturing,Induced,job-yr/MW,4.82151704719,4.82151704719,I-JEDI,I-JEDI,,30.0,2024.0,2.0,2024.0,Colombian Technology Catalogue,6.a. Geothermal large,direct,,Linear interpolation,,,Geothermal large,,CAPEX 2050/2030=0.9229247031680952,2030,2048,4.82151704719,Linear interpolation between known datapoints
Geothermal,2048,O&M,Direct,job/MW,0.00701559020045,0.00701559020045,I-JEDI,I-JEDI,,30.0,2024.0,2.0,2024.0,Colombian Technology Catalogue,6.a. Geothermal large,direct,,Linear interpolation,,,Geothermal large,,OPEX 2050/2030=0.9231678486997636,2030,2048,0.00701559020045,Linear interpolation between known datapoints
Geothermal,2048,O&M,Indirect,job/MW,0.00876948775056,0.00876948775056,I-JEDI,I-JEDI,,30.0,2024.0,2.0,2024.0,Colombian Technology Catalogue,6.a. Geothermal large,direct,,Linear interpolation,,,Geothermal large,,OPEX 2050/2030=0.9231678486997636,2030,2048,0.00876948775056,Linear interpolation between known datapoints
Geothermal,2048,O&M,Induced,job/MW,0.0254315144766,0.0254315144766,I-JEDI,I-JEDI,,30.0,2024.0,2.0,2024.0,Colombian Technology Catalogue,6.a. Geothermal large,direct,,Linear interpolation,,,Geothermal large,,OPEX 2050/2030=0.9231678486997636,2030,2048,0.0254315144766,Linear interpolation between known datapoints
Geothermal,2049,Construction&Manufacturing,Direct,job-yr/MW,4.44099822423,4.44099822423,I-JEDI,I-JEDI,,30.0,2024.0,2.0,2024.0,Colombian Technology Catalogue,6.a. Geothermal large,direct,,Linear interpolation,,,Geothermal large,,CAPEX 2050/2030=0.9229247031680952,2030,2049,4.44099822423,Linear interpolation between known datapoints
Geothermal,2049,Construction&Manufacturing,Indirect,job-yr/MW,2.96823156327,2.96823156327,I-JEDI,I-JEDI,,30.0,2024.0,2.0,2024.0,Colombian Technology Catalogue,6.a. Geothermal large,direct,,Linear interpolation,,,Geothermal large,,CAPEX 2050/2030=0.9229247031680952,2030,2049,2.96823156327,Linear interpolation between known datapoints
Geothermal,2049,Construction&Manufacturing,Induced,job-yr/MW,4.80155105824,4.80155105824,I-JEDI,I-JEDI,,30.0,2024.0,2.0,2024.0,Colombian Technology Catalogue,6.a. Geothermal large,direct,,Linear interpolation,,,Geothermal large,,CAPEX 2050/2030=0.9229247031680952,2030,2049,4.80155105824,Linear interpolation between known datapoints
Geothermal,2049,O&M,Direct,job/MW,0.00698663697105,0.00698663697105,I-JEDI,I-JEDI,,30.0,2024.0,2.0,2024.0,Colombian Technology Catalogue,6.a. Geothermal large,direct,,Linear interpolation,,,Geothermal large,,OPEX 2050/2030=0.9231678486997636,2030,2049,0.00698663697105,Linear interpolation between known datapoints
Geothermal,2049,O&M,Indirect,job/MW,0.00873329621381,0.00873329621381,I-JEDI,I-JEDI,,30.0,2024.0,2.0,2024.0,Colombian Technology Catalogue,6.a. Geothermal large,direct,,Linear interpolation,,,Geothermal large,,OPEX 2050/2030=0.9231678486997636,2030,2049,0.00873329621381,Linear interpolation between known datapoints
Geothermal,2049,O&M,Induced,job/MW,0.02532655902,0.02532655902,I-JEDI,I-JEDI,,30.0,2024.0,2.0,2024.0,Colombian Technology Catalogue,6.a. Geothermal large,direct,,Linear interpolation,,,Geothermal large,,OPEX 2050/2030=0.9231678486997636,2030,2049,0.02532655902,Linear interpolation between known datapoints
Geothermal,2050,Construction&Manufacturing,Direct,job-yr/MW,4.42253149954,4.42253149954,I-JEDI,I-JEDI,,30.0,2024.0,2.0,2024.0,Colombian Technology Catalogue,6.a. Geothermal large,direct,,CAPEX/OPEX ratio projection,,,Geothermal large,,CAPEX 2050/2030=0.9229247031680952,2030,2050,4.42253149954,Known datapoint
Geothermal,2050,Construction&Manufacturing,Indirect,job-yr/MW,2.95588895192,2.95588895192,I-JEDI,I-JEDI,,30.0,2024.0,2.0,2024.0,Colombian Technology Catalogue,6.a. Geothermal large,direct,,CAPEX/OPEX ratio projection,,,Geothermal large,,CAPEX 2050/2030=0.9229247031680952,2030,2050,2.95588895192,Known datapoint
Geothermal,2050,Construction&Manufacturing,Induced,job-yr/MW,4.78158506928,4.78158506928,I-JEDI,I-JEDI,,30.0,2024.0,2.0,2024.0,Colombian Technology Catalogue,6.a. Geothermal large,direct,,CAPEX/OPEX ratio projection,,,Geothermal large,,CAPEX 2050/2030=0.9229247031680952,2030,2050,4.78158506928,Known datapoint
Geothermal,2050,O&M,Direct,job/MW,0.00695768374165,0.00695768374165,I-JEDI,I-JEDI,,30.0,2024.0,2.0,2024.0,Colombian Technology Catalogue,6.a. Geothermal large,direct,,CAPEX/OPEX ratio projection,,,Geothermal large,,OPEX 2050/2030=0.9231678486997636,2030,2050,0.00695768374165,Known datapoint
Geothermal,2050,O&M,Indirect,job/MW,0.00869710467706,0.00869710467706,I-JEDI,I-JEDI,,30.0,2024.0,2.0,2024.0,Colombian Technology Catalogue,6.a. Geothermal large,direct,,CAPEX/OPEX ratio projection,,,Geothermal large,,OPEX 2050/2030=0.9231678486997636,2030,2050,0.00869710467706,Known datapoint
Geothermal,2050,O&M,Induced,job/MW,0.0252216035635,0.0252216035635,I-JEDI,I-JEDI,,30.0,2024.0,2.0,2024.0,Colombian Technology Catalogue,6.a. Geothermal large,direct,,CAPEX/OPEX ratio projection,,,Geothermal large,,OPEX 2050/2030=0.9231678486997636,2030,2050,0.0252216035635,Known datapoint
Geothermal,2051,Construction&Manufacturing,Direct,job-yr/MW,4.42253149954,4.42253149954,I-JEDI,I-JEDI,,30.0,2024.0,2.0,2024.0,Colombian Technology Catalogue,6.a. Geothermal large,direct,,Linear interpolation,,,Geothermal large,,CAPEX 2050/2030=0.9229247031680952,2030,2051,4.42253149954,Linear interpolation to 2050; held constant after 2050
Geothermal,2051,Construction&Manufacturing,Indirect,job-yr/MW,2.95588895192,2.95588895192,I-JEDI,I-JEDI,,30.0,2024.0,2.0,2024.0,Colombian Technology Catalogue,6.a. Geothermal large,direct,,Linear interpolation,,,Geothermal large,,CAPEX 2050/2030=0.9229247031680952,2030,2051,2.95588895192,Linear interpolation to 2050; held constant after 2050
Geothermal,2051,Construction&Manufacturing,Induced,job-yr/MW,4.78158506928,4.78158506928,I-JEDI,I-JEDI,,30.0,2024.0,2.0,2024.0,Colombian Technology Catalogue,6.a. Geothermal large,direct,,Linear interpolation,,,Geothermal large,,CAPEX 2050/2030=0.9229247031680952,2030,2051,4.78158506928,Linear interpolation to 2050; held constant after 2050
Geothermal,2051,O&M,Direct,job/MW,0.00695768374165,0.00695768374165,I-JEDI,I-JEDI,,30.0,2024.0,2.0,2024.0,Colombian Technology Catalogue,6.a. Geothermal large,direct,,Linear interpolation,,,Geothermal large,,OPEX 2050/2030=0.9231678486997636,2030,2051,0.00695768374165,Linear interpolation to 2050; held constant after 2050
Geothermal,2051,O&M,Indirect,job/MW,0.00869710467706,0.00869710467706,I-JEDI,I-JEDI,,30.0,2024.0,2.0,2024.0,Colombian Technology Catalogue,6.a. Geothermal large,direct,,Linear interpolation,,,Geothermal large,,OPEX 2050/2030=0.9231678486997636,2030,2051,0.00869710467706,Linear interpolation to 2050; held constant after 2050
Geothermal,2051,O&M,Induced,job/MW,0.0252216035635,0.0252216035635,I-JEDI,I-JEDI,,30.0,2024.0,2.0,2024.0,Colombian Technology Catalogue,6.a. Geothermal large,direct,,Linear interpolation,,,Geothermal large,,OPEX 2050/2030=0.9231678486997636,2030,2051,0.0252216035635,Linear interpolation to 2050; held constant after 2050
Geothermal,2052,Construction&Manufacturing,Direct,job-yr/MW,4.42253149954,4.42253149954,I-JEDI,I-JEDI,,30.0,2024.0,2.0,2024.0,Colombian Technology Catalogue,6.a. Geothermal large,direct,,Linear interpolation,,,Geothermal large,,CAPEX 2050/2030=0.9229247031680952,2030,2052,4.42253149954,Linear interpolation to 2050; held constant after 2050
Geothermal,2052,Construction&Manufacturing,Indirect,job-yr/MW,2.95588895192,2.95588895192,I-JEDI,I-JEDI,,30.0,2024.0,2.0,2024.0,Colombian Technology Catalogue,6.a. Geothermal large,direct,,Linear interpolation,,,Geothermal large,,CAPEX 2050/2030=0.9229247031680952,2030,2052,2.95588895192,Linear interpolation to 2050; held constant after 2050
Geothermal,2052,Construction&Manufacturing,Induced,job-yr/MW,4.78158506928,4.78158506928,I-JEDI,I-JEDI,,30.0,2024.0,2.0,2024.0,Colombian Technology Catalogue,6.a. Geothermal large,direct,,Linear interpolation,,,Geothermal large,,CAPEX 2050/2030=0.9229247031680952,2030,2052,4.78158506928,Linear interpolation to 2050; held constant after 2050
Geothermal,2052,O&M,Direct,job/MW,0.00695768374165,0.00695768374165,I-JEDI,I-JEDI,,30.0,2024.0,2.0,2024.0,Colombian Technology Catalogue,6.a. Geothermal large,direct,,Linear interpolation,,,Geothermal large,,OPEX 2050/2030=0.9231678486997636,2030,2052,0.00695768374165,Linear interpolation to 2050; held constant after 2050
Geothermal,2052,O&M,Indirect,job/MW,0.00869710467706,0.00869710467706,I-JEDI,I-JEDI,,30.0,2024.0,2.0,2024.0,Colombian Technology Catalogue,6.a. Geothermal large,direct,,Linear interpolation,,,Geothermal large,,OPEX 2050/2030=0.9231678486997636,2030,2052,0.00869710467706,Linear interpolation to 2050; held constant after 2050
Geothermal,2052,O&M,Induced,job/MW,0.0252216035635,0.0252216035635,I-JEDI,I-JEDI,,30.0,2024.0,2.0,2024.0,Colombian Technology Catalogue,6.a. Geothermal large,direct,,Linear interpolation,,,Geothermal large,,OPEX 2050/2030=0.9231678486997636,2030,2052,0.0252216035635,Linear interpolation to 2050; held constant after 2050
Geothermal,2053,Construction&Manufacturing,Direct,job-yr/MW,4.42253149954,4.42253149954,I-JEDI,I-JEDI,,30.0,2024.0,2.0,2024.0,Colombian Technology Catalogue,6.a. Geothermal large,direct,,Linear interpolation,,,Geothermal large,,CAPEX 2050/2030=0.9229247031680952,2030,2053,4.42253149954,Linear interpolation to 2050; held constant after 2050
Geothermal,2053,Construction&Manufacturing,Indirect,job-yr/MW,2.95588895192,2.95588895192,I-JEDI,I-JEDI,,30.0,2024.0,2.0,2024.0,Colombian Technology Catalogue,6.a. Geothermal large,direct,,Linear interpolation,,,Geothermal large,,CAPEX 2050/2030=0.9229247031680952,2030,2053,2.95588895192,Linear interpolation to 2050; held constant after 2050
Geothermal,2053,Construction&Manufacturing,Induced,job-yr/MW,4.78158506928,4.78158506928,I-JEDI,I-JEDI,,30.0,2024.0,2.0,2024.0,Colombian Technology Catalogue,6.a. Geothermal large,direct,,Linear interpolation,,,Geothermal large,,CAPEX 2050/2030=0.9229247031680952,2030,2053,4.78158506928,Linear interpolation to 2050; held constant after 2050
Geothermal,2053,O&M,Direct,job/MW,0.00695768374165,0.00695768374165,I-JEDI,I-JEDI,,30.0,2024.0,2.0,2024.0,Colombian Technology Catalogue,6.a. Geothermal large,direct,,Linear interpolation,,,Geothermal large,,OPEX 2050/2030=0.9231678486997636,2030,2053,0.00695768374165,Linear interpolation to 2050; held constant after 2050
Geothermal,2053,O&M,Indirect,job/MW,0.00869710467706,0.00869710467706,I-JEDI,I-JEDI,,30.0,2024.0,2.0,2024.0,Colombian Technology Catalogue,6.a. Geothermal large,direct,,Linear interpolation,,,Geothermal large,,OPEX 2050/2030=0.9231678486997636,2030,2053,0.00869710467706,Linear interpolation to 2050; held constant after 2050
Geothermal,2053,O&M,Induced,job/MW,0.0252216035635,0.0252216035635,I-JEDI,I-JEDI,,30.0,2024.0,2.0,2024.0,Colombian Technology Catalogue,6.a. Geothermal large,direct,,Linear interpolation,,,Geothermal large,,OPEX 2050/2030=0.9231678486997636,2030,2053,0.0252216035635,Linear interpolation to 2050; held constant after 2050
Geothermal,2054,Construction&Manufacturing,Direct,job-yr/MW,4.42253149954,4.42253149954,I-JEDI,I-JEDI,,30.0,2024.0,2.0,2024.0,Colombian Technology Catalogue,6.a. Geothermal large,direct,,Linear interpolation,,,Geothermal large,,CAPEX 2050/2030=0.9229247031680952,2030,2054,4.42253149954,Linear interpolation to 2050; held constant after 2050
Geothermal,2054,Construction&Manufacturing,Indirect,job-yr/MW,2.95588895192,2.95588895192,I-JEDI,I-JEDI,,30.0,2024.0,2.0,2024.0,Colombian Technology Catalogue,6.a. Geothermal large,direct,,Linear interpolation,,,Geothermal large,,CAPEX 2050/2030=0.9229247031680952,2030,2054,2.95588895192,Linear interpolation to 2050; held constant after 2050
Geothermal,2054,Construction&Manufacturing,Induced,job-yr/MW,4.78158506928,4.78158506928,I-JEDI,I-JEDI,,30.0,2024.0,2.0,2024.0,Colombian Technology Catalogue,6.a. Geothermal large,direct,,Linear interpolation,,,Geothermal large,,CAPEX 2050/2030=0.9229247031680952,2030,2054,4.78158506928,Linear interpolation to 2050; held constant after 2050
Geothermal,2054,O&M,Direct,job/MW,0.00695768374165,0.00695768374165,I-JEDI,I-JEDI,,30.0,2024.0,2.0,2024.0,Colombian Technology Catalogue,6.a. Geothermal large,direct,,Linear interpolation,,,Geothermal large,,OPEX 2050/2030=0.9231678486997636,2030,2054,0.00695768374165,Linear interpolation to 2050; held constant after 2050
Geothermal,2054,O&M,Indirect,job/MW,0.00869710467706,0.00869710467706,I-JEDI,I-JEDI,,30.0,2024.0,2.0,2024.0,Colombian Technology Catalogue,6.a. Geothermal large,direct,,Linear interpolation,,,Geothermal large,,OPEX 2050/2030=0.9231678486997636,2030,2054,0.00869710467706,Linear interpolation to 2050; held constant after 2050
Geothermal,2054,O&M,Induced,job/MW,0.0252216035635,0.0252216035635,I-JEDI,I-JEDI,,30.0,2024.0,2.0,2024.0,Colombian Technology Catalogue,6.a. Geothermal large,direct,,Linear interpolation,,,Geothermal large,,OPEX 2050/2030=0.9231678486997636,2030,2054,0.0252216035635,Linear interpolation to 2050; held constant after 2050
Geothermal,2055,Construction&Manufacturing,Direct,job-yr/MW,4.42253149954,4.42253149954,I-JEDI,I-JEDI,,30.0,2024.0,2.0,2024.0,Colombian Technology Catalogue,6.a. Geothermal large,direct,,Linear interpolation,,,Geothermal large,,CAPEX 2050/2030=0.9229247031680952,2030,2055,4.42253149954,Linear interpolation to 2050; held constant after 2050
Geothermal,2055,Construction&Manufacturing,Indirect,job-yr/MW,2.95588895192,2.95588895192,I-JEDI,I-JEDI,,30.0,2024.0,2.0,2024.0,Colombian Technology Catalogue,6.a. Geothermal large,direct,,Linear interpolation,,,Geothermal large,,CAPEX 2050/2030=0.9229247031680952,2030,2055,2.95588895192,Linear interpolation to 2050; held constant after 2050
Geothermal,2055,Construction&Manufacturing,Induced,job-yr/MW,4.78158506928,4.78158506928,I-JEDI,I-JEDI,,30.0,2024.0,2.0,2024.0,Colombian Technology Catalogue,6.a. Geothermal large,direct,,Linear interpolation,,,Geothermal large,,CAPEX 2050/2030=0.9229247031680952,2030,2055,4.78158506928,Linear interpolation to 2050; held constant after 2050
Geothermal,2055,O&M,Direct,job/MW,0.00695768374165,0.00695768374165,I-JEDI,I-JEDI,,30.0,2024.0,2.0,2024.0,Colombian Technology Catalogue,6.a. Geothermal large,direct,,Linear interpolation,,,Geothermal large,,OPEX 2050/2030=0.9231678486997636,2030,2055,0.00695768374165,Linear interpolation to 2050; held constant after 2050
Geothermal,2055,O&M,Indirect,job/MW,0.00869710467706,0.00869710467706,I-JEDI,I-JEDI,,30.0,2024.0,2.0,2024.0,Colombian Technology Catalogue,6.a. Geothermal large,direct,,Linear interpolation,,,Geothermal large,,OPEX 2050/2030=0.9231678486997636,2030,2055,0.00869710467706,Linear interpolation to 2050; held constant after 2050
Geothermal,2055,O&M,Induced,job/MW,0.0252216035635,0.0252216035635,I-JEDI,I-JEDI,,30.0,2024.0,2.0,2024.0,Colombian Technology Catalogue,6.a. Geothermal large,direct,,Linear interpolation,,,Geothermal large,,OPEX 2050/2030=0.9231678486997636,2030,2055,0.0252216035635,Linear interpolation to 2050; held constant after 2050
Hydro (large),2024,Construction,Direct,job-yr/MW,7.7108,7.7108,Rutovitz 2015,Rutovitz 2015,,50.0,2024.0,5.0,2024.0,Colombian Technology Catalogue,5.d. Large Hydro reservoir,direct,,Linear interpolation,Hydro-large,,Large Hydro reservoir,,CAPEX 2050/2030=0.994910686684318,2030,2024,7.7108,Linear interpolation between known datapoints
Hydro (large),2024,Construction&Manufacturing,Direct,job-yr/MW,11.3578,11.3578,Rutovitz 2015,Rutovitz 2015,,50.0,2024.0,5.0,2024.0,Colombian Technology Catalogue,5.d. Large Hydro reservoir,direct,,Linear interpolation,Hydro-large,,Large Hydro reservoir,,Construction + Manufacturing; full regional manufacturing assumed by Rutovitz 2015 method,2030,2024,11.3578,Linear interpolation between known datapoints
Hydro (large),2024,Manufacturing,Direct,job-yr/MW,3.647,3.647,Rutovitz 2015,Rutovitz 2015,,50.0,2024.0,5.0,2024.0,Colombian Technology Catalogue,5.d. Large Hydro reservoir,direct,,Linear interpolation,Hydro-large,,Large Hydro reservoir,,CAPEX 2050/2030=0.994910686684318,2030,2024,3.647,Linear interpolation between known datapoints
Hydro (large),2024,O&M,Direct,job/MW,0.6252,0.6252,Rutovitz 2015,Rutovitz 2015,,50.0,2024.0,5.0,2024.0,Colombian Technology Catalogue,5.d. Large Hydro reservoir,direct,,Linear interpolation,Hydro-large,,Large Hydro reservoir,,OPEX 2050/2030=0.994535519125683,2030,2024,0.6252,Linear interpolation between known datapoints
Hydro (large),2025,Construction,Direct,job-yr/MW,7.74533333333,7.74533333333,Rutovitz 2015,Rutovitz 2015,,50.0,2024.0,5.0,2024.0,Colombian Technology Catalogue,5.d. Large Hydro reservoir,direct,,Linear interpolation,Hydro-large,,Large Hydro reservoir,,CAPEX 2050/2030=0.994910686684318,2030,2025,7.74533333333,Linear interpolation between known datapoints
Hydro (large),2025,Construction&Manufacturing,Direct,job-yr/MW,11.4086666667,11.4086666667,Rutovitz 2015,Rutovitz 2015,,50.0,2024.0,5.0,2024.0,Colombian Technology Catalogue,5.d. Large Hydro reservoir,direct,,Linear interpolation,Hydro-large,,Large Hydro reservoir,,Construction + Manufacturing; full regional manufacturing assumed by Rutovitz 2015 method,2030,2025,11.4086666667,Linear interpolation between known datapoints
Hydro (large),2025,Manufacturing,Direct,job-yr/MW,3.66333333333,3.66333333333,Rutovitz 2015,Rutovitz 2015,,50.0,2024.0,5.0,2024.0,Colombian Technology Catalogue,5.d. Large Hydro reservoir,direct,,Linear interpolation,Hydro-large,,Large Hydro reservoir,,CAPEX 2050/2030=0.994910686684318,2030,2025,3.66333333333,Linear interpolation between known datapoints
Hydro (large),2025,O&M,Direct,job/MW,0.628,0.628,Rutovitz 2015,Rutovitz 2015,,50.0,2024.0,5.0,2024.0,Colombian Technology Catalogue,5.d. Large Hydro reservoir,direct,,Linear interpolation,Hydro-large,,Large Hydro reservoir,,OPEX 2050/2030=0.994535519125683,2030,2025,0.628,Linear interpolation between known datapoints
Hydro (large),2026,Construction,Direct,job-yr/MW,7.77986666667,7.77986666667,Rutovitz 2015,Rutovitz 2015,,50.0,2024.0,5.0,2024.0,Colombian Technology Catalogue,5.d. Large Hydro reservoir,direct,,Linear interpolation,Hydro-large,,Large Hydro reservoir,,CAPEX 2050/2030=0.994910686684318,2030,2026,7.77986666667,Linear interpolation between known datapoints
Hydro (large),2026,Construction&Manufacturing,Direct,job-yr/MW,11.4595333333,11.4595333333,Rutovitz 2015,Rutovitz 2015,,50.0,2024.0,5.0,2024.0,Colombian Technology Catalogue,5.d. Large Hydro reservoir,direct,,Linear interpolation,Hydro-large,,Large Hydro reservoir,,Construction + Manufacturing; full regional manufacturing assumed by Rutovitz 2015 method,2030,2026,11.4595333333,Linear interpolation between known datapoints
Hydro (large),2026,Manufacturing,Direct,job-yr/MW,3.67966666667,3.67966666667,Rutovitz 2015,Rutovitz 2015,,50.0,2024.0,5.0,2024.0,Colombian Technology Catalogue,5.d. Large Hydro reservoir,direct,,Linear interpolation,Hydro-large,,Large Hydro reservoir,,CAPEX 2050/2030=0.994910686684318,2030,2026,3.67966666667,Linear interpolation between known datapoints
Hydro (large),2026,O&M,Direct,job/MW,0.6308,0.6308,Rutovitz 2015,Rutovitz 2015,,50.0,2024.0,5.0,2024.0,Colombian Technology Catalogue,5.d. Large Hydro reservoir,direct,,Linear interpolation,Hydro-large,,Large Hydro reservoir,,OPEX 2050/2030=0.994535519125683,2030,2026,0.6308,Linear interpolation between known datapoints
Hydro (large),2027,Construction,Direct,job-yr/MW,7.8144,7.8144,Rutovitz 2015,Rutovitz 2015,,50.0,2024.0,5.0,2024.0,Colombian Technology Catalogue,5.d. Large Hydro reservoir,direct,,Linear interpolation,Hydro-large,,Large Hydro reservoir,,CAPEX 2050/2030=0.994910686684318,2030,2027,7.8144,Linear interpolation between known datapoints
Hydro (large),2027,Construction&Manufacturing,Direct,job-yr/MW,11.5104,11.5104,Rutovitz 2015,Rutovitz 2015,,50.0,2024.0,5.0,2024.0,Colombian Technology Catalogue,5.d. Large Hydro reservoir,direct,,Linear interpolation,Hydro-large,,Large Hydro reservoir,,Construction + Manufacturing; full regional manufacturing assumed by Rutovitz 2015 method,2030,2027,11.5104,Linear interpolation between known datapoints
Hydro (large),2027,Manufacturing,Direct,job-yr/MW,3.696,3.696,Rutovitz 2015,Rutovitz 2015,,50.0,2024.0,5.0,2024.0,Colombian Technology Catalogue,5.d. Large Hydro reservoir,direct,,Linear interpolation,Hydro-large,,Large Hydro reservoir,,CAPEX 2050/2030=0.994910686684318,2030,2027,3.696,Linear interpolation between known datapoints
Hydro (large),2027,O&M,Direct,job/MW,0.6336,0.6336,Rutovitz 2015,Rutovitz 2015,,50.0,2024.0,5.0,2024.0,Colombian Technology Catalogue,5.d. Large Hydro reservoir,direct,,Linear interpolation,Hydro-large,,Large Hydro reservoir,,OPEX 2050/2030=0.994535519125683,2030,2027,0.6336,Linear interpolation between known datapoints
Hydro (large),2028,Construction,Direct,job-yr/MW,7.84893333333,7.84893333333,Rutovitz 2015,Rutovitz 2015,,50.0,2024.0,5.0,2024.0,Colombian Technology Catalogue,5.d. Large Hydro reservoir,direct,,Linear interpolation,Hydro-large,,Large Hydro reservoir,,CAPEX 2050/2030=0.994910686684318,2030,2028,7.84893333333,Linear interpolation between known datapoints
Hydro (large),2028,Construction&Manufacturing,Direct,job-yr/MW,11.5612666667,11.5612666667,Rutovitz 2015,Rutovitz 2015,,50.0,2024.0,5.0,2024.0,Colombian Technology Catalogue,5.d. Large Hydro reservoir,direct,,Linear interpolation,Hydro-large,,Large Hydro reservoir,,Construction + Manufacturing; full regional manufacturing assumed by Rutovitz 2015 method,2030,2028,11.5612666667,Linear interpolation between known datapoints
Hydro (large),2028,Manufacturing,Direct,job-yr/MW,3.71233333333,3.71233333333,Rutovitz 2015,Rutovitz 2015,,50.0,2024.0,5.0,2024.0,Colombian Technology Catalogue,5.d. Large Hydro reservoir,direct,,Linear interpolation,Hydro-large,,Large Hydro reservoir,,CAPEX 2050/2030=0.994910686684318,2030,2028,3.71233333333,Linear interpolation between known datapoints
Hydro (large),2028,O&M,Direct,job/MW,0.6364,0.6364,Rutovitz 2015,Rutovitz 2015,,50.0,2024.0,5.0,2024.0,Colombian Technology Catalogue,5.d. Large Hydro reservoir,direct,,Linear interpolation,Hydro-large,,Large Hydro reservoir,,OPEX 2050/2030=0.994535519125683,2030,2028,0.6364,Linear interpolation between known datapoints
Hydro (large),2029,Construction,Direct,job-yr/MW,7.88346666667,7.88346666667,Rutovitz 2015,Rutovitz 2015,,50.0,2024.0,5.0,2024.0,Colombian Technology Catalogue,5.d. Large Hydro reservoir,direct,,Linear interpolation,Hydro-large,,Large Hydro reservoir,,CAPEX 2050/2030=0.994910686684318,2030,2029,7.88346666667,Linear interpolation between known datapoints
Hydro (large),2029,Construction&Manufacturing,Direct,job-yr/MW,11.6121333333,11.6121333333,Rutovitz 2015,Rutovitz 2015,,50.0,2024.0,5.0,2024.0,Colombian Technology Catalogue,5.d. Large Hydro reservoir,direct,,Linear interpolation,Hydro-large,,Large Hydro reservoir,,Construction + Manufacturing; full regional manufacturing assumed by Rutovitz 2015 method,2030,2029,11.6121333333,Linear interpolation between known datapoints
Hydro (large),2029,Manufacturing,Direct,job-yr/MW,3.72866666667,3.72866666667,Rutovitz 2015,Rutovitz 2015,,50.0,2024.0,5.0,2024.0,Colombian Technology Catalogue,5.d. Large Hydro reservoir,direct,,Linear interpolation,Hydro-large,,Large Hydro reservoir,,CAPEX 2050/2030=0.994910686684318,2030,2029,3.72866666667,Linear interpolation between known datapoints
Hydro (large),2029,O&M,Direct,job/MW,0.6392,0.6392,Rutovitz 2015,Rutovitz 2015,,50.0,2024.0,5.0,2024.0,Colombian Technology Catalogue,5.d. Large Hydro reservoir,direct,,Linear interpolation,Hydro-large,,Large Hydro reservoir,,OPEX 2050/2030=0.994535519125683,2030,2029,0.6392,Linear interpolation between known datapoints
Hydro (large),2030,Construction,Direct,job-yr/MW,7.918,7.918,Rutovitz 2015,Rutovitz 2015,,50.0,2024.0,5.0,2024.0,Colombian Technology Catalogue,5.d. Large Hydro reservoir,direct,,Rutovitz Table 9 decline to 2030,Hydro-large,1.07,,,Rutovitz Table 9 Latin America 2030,2015,2030,7.918,Known datapoint
Hydro (large),2030,Construction&Manufacturing,Direct,job-yr/MW,11.663,11.663,Rutovitz 2015,Rutovitz 2015,,50.0,2024.0,5.0,2024.0,Colombian Technology Catalogue,5.d. Large Hydro reservoir,direct,,Derived Construction&Manufacturing,Hydro-large,1.07,,,Construction + Manufacturing; full regional manufacturing assumed by Rutovitz 2015 method,2015,2030,11.663,Known datapoint
Hydro (large),2030,Manufacturing,Direct,job-yr/MW,3.745,3.745,Rutovitz 2015,Rutovitz 2015,,50.0,2024.0,5.0,2024.0,Colombian Technology Catalogue,5.d. Large Hydro reservoir,direct,,Rutovitz Table 9 decline to 2030,Hydro-large,1.07,,,Rutovitz Table 9 Latin America 2030,2015,2030,3.745,Known datapoint
Hydro (large),2030,O&M,Direct,job/MW,0.642,0.642,Rutovitz 2015,Rutovitz 2015,,50.0,2024.0,5.0,2024.0,Colombian Technology Catalogue,5.d. Large Hydro reservoir,direct,,Rutovitz Table 9 decline to 2030,Hydro-large,1.07,,,Rutovitz Table 9 Latin America 2030,2015,2030,0.642,Known datapoint
Hydro (large),2031,Construction,Direct,job-yr/MW,7.91598514086,7.91598514086,Rutovitz 2015,Rutovitz 2015,,50.0,2024.0,5.0,2024.0,Colombian Technology Catalogue,5.d. Large Hydro reservoir,direct,,Linear interpolation,Hydro-large,,Large Hydro reservoir,,CAPEX 2050/2030=0.994910686684318,2030,2031,7.91598514086,Linear interpolation between known datapoints
Hydro (large),2031,Construction&Manufacturing,Direct,job-yr/MW,11.6600321669,11.6600321669,Rutovitz 2015,Rutovitz 2015,,50.0,2024.0,5.0,2024.0,Colombian Technology Catalogue,5.d. Large Hydro reservoir,direct,,Linear interpolation,Hydro-large,,Large Hydro reservoir,,Construction + Manufacturing; full regional manufacturing assumed by Rutovitz 2015 method,2030,2031,11.6600321669,Linear interpolation between known datapoints
Hydro (large),2031,Manufacturing,Direct,job-yr/MW,3.74404702608,3.74404702608,Rutovitz 2015,Rutovitz 2015,,50.0,2024.0,5.0,2024.0,Colombian Technology Catalogue,5.d. Large Hydro reservoir,direct,,Linear interpolation,Hydro-large,,Large Hydro reservoir,,CAPEX 2050/2030=0.994910686684318,2030,2031,3.74404702608,Linear interpolation between known datapoints
Hydro (large),2031,O&M,Direct,job/MW,0.641824590164,0.641824590164,Rutovitz 2015,Rutovitz 2015,,50.0,2024.0,5.0,2024.0,Colombian Technology Catalogue,5.d. Large Hydro reservoir,direct,,Linear interpolation,Hydro-large,,Large Hydro reservoir,,OPEX 2050/2030=0.994535519125683,2030,2031,0.641824590164,Linear interpolation between known datapoints
Hydro (large),2032,Construction,Direct,job-yr/MW,7.91397028172,7.91397028172,Rutovitz 2015,Rutovitz 2015,,50.0,2024.0,5.0,2024.0,Colombian Technology Catalogue,5.d. Large Hydro reservoir,direct,,Linear interpolation,Hydro-large,,Large Hydro reservoir,,CAPEX 2050/2030=0.994910686684318,2030,2032,7.91397028172,Linear interpolation between known datapoints
Hydro (large),2032,Construction&Manufacturing,Direct,job-yr/MW,11.6570643339,11.6570643339,Rutovitz 2015,Rutovitz 2015,,50.0,2024.0,5.0,2024.0,Colombian Technology Catalogue,5.d. Large Hydro reservoir,direct,,Linear interpolation,Hydro-large,,Large Hydro reservoir,,Construction + Manufacturing; full regional manufacturing assumed by Rutovitz 2015 method,2030,2032,11.6570643339,Linear interpolation between known datapoints
Hydro (large),2032,Manufacturing,Direct,job-yr/MW,3.74309405216,3.74309405216,Rutovitz 2015,Rutovitz 2015,,50.0,2024.0,5.0,2024.0,Colombian Technology Catalogue,5.d. Large Hydro reservoir,direct,,Linear interpolation,Hydro-large,,Large Hydro reservoir,,CAPEX 2050/2030=0.994910686684318,2030,2032,3.74309405216,Linear interpolation between known datapoints
Hydro (large),2032,O&M,Direct,job/MW,0.641649180328,0.641649180328,Rutovitz 2015,Rutovitz 2015,,50.0,2024.0,5.0,2024.0,Colombian Technology Catalogue,5.d. Large Hydro reservoir,direct,,Linear interpolation,Hydro-large,,Large Hydro reservoir,,OPEX 2050/2030=0.994535519125683,2030,2032,0.641649180328,Linear interpolation between known datapoints
Hydro (large),2033,Construction,Direct,job-yr/MW,7.91195542257,7.91195542257,Rutovitz 2015,Rutovitz 2015,,50.0,2024.0,5.0,2024.0,Colombian Technology Catalogue,5.d. Large Hydro reservoir,direct,,Linear interpolation,Hydro-large,,Large Hydro reservoir,,CAPEX 2050/2030=0.994910686684318,2030,2033,7.91195542257,Linear interpolation between known datapoints
Hydro (large),2033,Construction&Manufacturing,Direct,job-yr/MW,11.6540965008,11.6540965008,Rutovitz 2015,Rutovitz 2015,,50.0,2024.0,5.0,2024.0,Colombian Technology Catalogue,5.d. Large Hydro reservoir,direct,,Linear interpolation,Hydro-large,,Large Hydro reservoir,,Construction + Manufacturing; full regional manufacturing assumed by Rutovitz 2015 method,2030,2033,11.6540965008,Linear interpolation between known datapoints
Hydro (large),2033,Manufacturing,Direct,job-yr/MW,3.74214107824,3.74214107824,Rutovitz 2015,Rutovitz 2015,,50.0,2024.0,5.0,2024.0,Colombian Technology Catalogue,5.d. Large Hydro reservoir,direct,,Linear interpolation,Hydro-large,,Large Hydro reservoir,,CAPEX 2050/2030=0.994910686684318,2030,2033,3.74214107824,Linear interpolation between known datapoints
Hydro (large),2033,O&M,Direct,job/MW,0.641473770492,0.641473770492,Rutovitz 2015,Rutovitz 2015,,50.0,2024.0,5.0,2024.0,Colombian Technology Catalogue,5.d. Large Hydro reservoir,direct,,Linear interpolation,Hydro-large,,Large Hydro reservoir,,OPEX 2050/2030=0.994535519125683,2030,2033,0.641473770492,Linear interpolation between known datapoints
Hydro (large),2034,Construction,Direct,job-yr/MW,7.90994056343,7.90994056343,Rutovitz 2015,Rutovitz 2015,,50.0,2024.0,5.0,2024.0,Colombian Technology Catalogue,5.d. Large Hydro reservoir,direct,,Linear interpolation,Hydro-large,,Large Hydro reservoir,,CAPEX 2050/2030=0.994910686684318,2030,2034,7.90994056343,Linear interpolation between known datapoints
Hydro (large),2034,Construction&Manufacturing,Direct,job-yr/MW,11.6511286678,11.6511286678,Rutovitz 2015,Rutovitz 2015,,50.0,2024.0,5.0,2024.0,Colombian Technology Catalogue,5.d. Large Hydro reservoir,direct,,Linear interpolation,Hydro-large,,Large Hydro reservoir,,Construction + Manufacturing; full regional manufacturing assumed by Rutovitz 2015 method,2030,2034,11.6511286678,Linear interpolation between known datapoints
Hydro (large),2034,Manufacturing,Direct,job-yr/MW,3.74118810433,3.74118810433,Rutovitz 2015,Rutovitz 2015,,50.0,2024.0,5.0,2024.0,Colombian Technology Catalogue,5.d. Large Hydro reservoir,direct,,Linear interpolation,Hydro-large,,Large Hydro reservoir,,CAPEX 2050/2030=0.994910686684318,2030,2034,3.74118810433,Linear interpolation between known datapoints
Hydro (large),2034,O&M,Direct,job/MW,0.641298360656,0.641298360656,Rutovitz 2015,Rutovitz 2015,,50.0,2024.0,5.0,2024.0,Colombian Technology Catalogue,5.d. Large Hydro reservoir,direct,,Linear interpolation,Hydro-large,,Large Hydro reservoir,,OPEX 2050/2030=0.994535519125683,2030,2034,0.641298360656,Linear interpolation between known datapoints
Hydro (large),2035,Construction,Direct,job-yr/MW,7.90792570429,7.90792570429,Rutovitz 2015,Rutovitz 2015,,50.0,2024.0,5.0,2024.0,Colombian Technology Catalogue,5.d. Large Hydro reservoir,direct,,Linear interpolation,Hydro-large,,Large Hydro reservoir,,CAPEX 2050/2030=0.994910686684318,2030,2035,7.90792570429,Linear interpolation between known datapoints
Hydro (large),2035,Construction&Manufacturing,Direct,job-yr/MW,11.6481608347,11.6481608347,Rutovitz 2015,Rutovitz 2015,,50.0,2024.0,5.0,2024.0,Colombian Technology Catalogue,5.d. Large Hydro reservoir,direct,,Linear interpolation,Hydro-large,,Large Hydro reservoir,,Construction + Manufacturing; full regional manufacturing assumed by Rutovitz 2015 method,2030,2035,11.6481608347,Linear interpolation between known datapoints
Hydro (large),2035,Manufacturing,Direct,job-yr/MW,3.74023513041,3.74023513041,Rutovitz 2015,Rutovitz 2015,,50.0,2024.0,5.0,2024.0,Colombian Technology Catalogue,5.d. Large Hydro reservoir,direct,,Linear interpolation,Hydro-large,,Large Hydro reservoir,,CAPEX 2050/2030=0.994910686684318,2030,2035,3.74023513041,Linear interpolation between known datapoints
Hydro (large),2035,O&M,Direct,job/MW,0.64112295082,0.64112295082,Rutovitz 2015,Rutovitz 2015,,50.0,2024.0,5.0,2024.0,Colombian Technology Catalogue,5.d. Large Hydro reservoir,direct,,Linear interpolation,Hydro-large,,Large Hydro reservoir,,OPEX 2050/2030=0.994535519125683,2030,2035,0.64112295082,Linear interpolation between known datapoints
Hydro (large),2036,Construction,Direct,job-yr/MW,7.90591084515,7.90591084515,Rutovitz 2015,Rutovitz 2015,,50.0,2024.0,5.0,2024.0,Colombian Technology Catalogue,5.d. Large Hydro reservoir,direct,,Linear interpolation,Hydro-large,,Large Hydro reservoir,,CAPEX 2050/2030=0.994910686684318,2030,2036,7.90591084515,Linear interpolation between known datapoints
Hydro (large),2036,Construction&Manufacturing,Direct,job-yr/MW,11.6451930016,11.6451930016,Rutovitz 2015,Rutovitz 2015,,50.0,2024.0,5.0,2024.0,Colombian Technology Catalogue,5.d. Large Hydro reservoir,direct,,Linear interpolation,Hydro-large,,Large Hydro reservoir,,Construction + Manufacturing; full regional manufacturing assumed by Rutovitz 2015 method,2030,2036,11.6451930016,Linear interpolation between known datapoints
Hydro (large),2036,Manufacturing,Direct,job-yr/MW,3.73928215649,3.73928215649,Rutovitz 2015,Rutovitz 2015,,50.0,2024.0,5.0,2024.0,Colombian Technology Catalogue,5.d. Large Hydro reservoir,direct,,Linear interpolation,Hydro-large,,Large Hydro reservoir,,CAPEX 2050/2030=0.994910686684318,2030,2036,3.73928215649,Linear interpolation between known datapoints
Hydro (large),2036,O&M,Direct,job/MW,0.640947540984,0.640947540984,Rutovitz 2015,Rutovitz 2015,,50.0,2024.0,5.0,2024.0,Colombian Technology Catalogue,5.d. Large Hydro reservoir,direct,,Linear interpolation,Hydro-large,,Large Hydro reservoir,,OPEX 2050/2030=0.994535519125683,2030,2036,0.640947540984,Linear interpolation between known datapoints
Hydro (large),2037,Construction,Direct,job-yr/MW,7.90389598601,7.90389598601,Rutovitz 2015,Rutovitz 2015,,50.0,2024.0,5.0,2024.0,Colombian Technology Catalogue,5.d. Large Hydro reservoir,direct,,Linear interpolation,Hydro-large,,Large Hydro reservoir,,CAPEX 2050/2030=0.994910686684318,2030,2037,7.90389598601,Linear interpolation between known datapoints
Hydro (large),2037,Construction&Manufacturing,Direct,job-yr/MW,11.6422251686,11.6422251686,Rutovitz 2015,Rutovitz 2015,,50.0,2024.0,5.0,2024.0,Colombian Technology Catalogue,5.d. Large Hydro reservoir,direct,,Linear interpolation,Hydro-large,,Large Hydro reservoir,,Construction + Manufacturing; full regional manufacturing assumed by Rutovitz 2015 method,2030,2037,11.6422251686,Linear interpolation between known datapoints
Hydro (large),2037,Manufacturing,Direct,job-yr/MW,3.73832918257,3.73832918257,Rutovitz 2015,Rutovitz 2015,,50.0,2024.0,5.0,2024.0,Colombian Technology Catalogue,5.d. Large Hydro reservoir,direct,,Linear interpolation,Hydro-large,,Large Hydro reservoir,,CAPEX 2050/2030=0.994910686684318,2030,2037,3.73832918257,Linear interpolation between known datapoints
Hydro (large),2037,O&M,Direct,job/MW,0.640772131148,0.640772131148,Rutovitz 2015,Rutovitz 2015,,50.0,2024.0,5.0,2024.0,Colombian Technology Catalogue,5.d. Large Hydro reservoir,direct,,Linear interpolation,Hydro-large,,Large Hydro reservoir,,OPEX 2050/2030=0.994535519125683,2030,2037,0.640772131148,Linear interpolation between known datapoints
Hydro (large),2038,Construction,Direct,job-yr/MW,7.90188112687,7.90188112687,Rutovitz 2015,Rutovitz 2015,,50.0,2024.0,5.0,2024.0,Colombian Technology Catalogue,5.d. Large Hydro reservoir,direct,,Linear interpolation,Hydro-large,,Large Hydro reservoir,,CAPEX 2050/2030=0.994910686684318,2030,2038,7.90188112687,Linear interpolation between known datapoints
Hydro (large),2038,Construction&Manufacturing,Direct,job-yr/MW,11.6392573355,11.6392573355,Rutovitz 2015,Rutovitz 2015,,50.0,2024.0,5.0,2024.0,Colombian Technology Catalogue,5.d. Large Hydro reservoir,direct,,Linear interpolation,Hydro-large,,Large Hydro reservoir,,Construction + Manufacturing; full regional manufacturing assumed by Rutovitz 2015 method,2030,2038,11.6392573355,Linear interpolation between known datapoints
Hydro (large),2038,Manufacturing,Direct,job-yr/MW,3.73737620865,3.73737620865,Rutovitz 2015,Rutovitz 2015,,50.0,2024.0,5.0,2024.0,Colombian Technology Catalogue,5.d. Large Hydro reservoir,direct,,Linear interpolation,Hydro-large,,Large Hydro reservoir,,CAPEX 2050/2030=0.994910686684318,2030,2038,3.73737620865,Linear interpolation between known datapoints
Hydro (large),2038,O&M,Direct,job/MW,0.640596721311,0.640596721311,Rutovitz 2015,Rutovitz 2015,,50.0,2024.0,5.0,2024.0,Colombian Technology Catalogue,5.d. Large Hydro reservoir,direct,,Linear interpolation,Hydro-large,,Large Hydro reservoir,,OPEX 2050/2030=0.994535519125683,2030,2038,0.640596721311,Linear interpolation between known datapoints
Hydro (large),2039,Construction,Direct,job-yr/MW,7.89986626772,7.89986626772,Rutovitz 2015,Rutovitz 2015,,50.0,2024.0,5.0,2024.0,Colombian Technology Catalogue,5.d. Large Hydro reservoir,direct,,Linear interpolation,Hydro-large,,Large Hydro reservoir,,CAPEX 2050/2030=0.994910686684318,2030,2039,7.89986626772,Linear interpolation between known datapoints
Hydro (large),2039,Construction&Manufacturing,Direct,job-yr/MW,11.6362895025,11.6362895025,Rutovitz 2015,Rutovitz 2015,,50.0,2024.0,5.0,2024.0,Colombian Technology Catalogue,5.d. Large Hydro reservoir,direct,,Linear interpolation,Hydro-large,,Large Hydro reservoir,,Construction + Manufacturing; full regional manufacturing assumed by Rutovitz 2015 method,2030,2039,11.6362895025,Linear interpolation between known datapoints
Hydro (large),2039,Manufacturing,Direct,job-yr/MW,3.73642323473,3.73642323473,Rutovitz 2015,Rutovitz 2015,,50.0,2024.0,5.0,2024.0,Colombian Technology Catalogue,5.d. Large Hydro reservoir,direct,,Linear interpolation,Hydro-large,,Large Hydro reservoir,,CAPEX 2050/2030=0.994910686684318,2030,2039,3.73642323473,Linear interpolation between known datapoints
Hydro (large),2039,O&M,Direct,job/MW,0.640421311475,0.640421311475,Rutovitz 2015,Rutovitz 2015,,50.0,2024.0,5.0,2024.0,Colombian Technology Catalogue,5.d. Large Hydro reservoir,direct,,Linear interpolation,Hydro-large,,Large Hydro reservoir,,OPEX 2050/2030=0.994535519125683,2030,2039,0.640421311475,Linear interpolation between known datapoints
Hydro (large),2040,Construction,Direct,job-yr/MW,7.89785140858,7.89785140858,Rutovitz 2015,Rutovitz 2015,,50.0,2024.0,5.0,2024.0,Colombian Technology Catalogue,5.d. Large Hydro reservoir,direct,,Linear interpolation,Hydro-large,,Large Hydro reservoir,,CAPEX 2050/2030=0.994910686684318,2030,2040,7.89785140858,Linear interpolation between known datapoints
Hydro (large),2040,Construction&Manufacturing,Direct,job-yr/MW,11.6333216694,11.6333216694,Rutovitz 2015,Rutovitz 2015,,50.0,2024.0,5.0,2024.0,Colombian Technology Catalogue,5.d. Large Hydro reservoir,direct,,Linear interpolation,Hydro-large,,Large Hydro reservoir,,Construction + Manufacturing; full regional manufacturing assumed by Rutovitz 2015 method,2030,2040,11.6333216694,Linear interpolation between known datapoints
Hydro (large),2040,Manufacturing,Direct,job-yr/MW,3.73547026082,3.73547026082,Rutovitz 2015,Rutovitz 2015,,50.0,2024.0,5.0,2024.0,Colombian Technology Catalogue,5.d. Large Hydro reservoir,direct,,Linear interpolation,Hydro-large,,Large Hydro reservoir,,CAPEX 2050/2030=0.994910686684318,2030,2040,3.73547026082,Linear interpolation between known datapoints
Hydro (large),2040,O&M,Direct,job/MW,0.640245901639,0.640245901639,Rutovitz 2015,Rutovitz 2015,,50.0,2024.0,5.0,2024.0,Colombian Technology Catalogue,5.d. Large Hydro reservoir,direct,,Linear interpolation,Hydro-large,,Large Hydro reservoir,,OPEX 2050/2030=0.994535519125683,2030,2040,0.640245901639,Linear interpolation between known datapoints
Hydro (large),2041,Construction,Direct,job-yr/MW,7.89583654944,7.89583654944,Rutovitz 2015,Rutovitz 2015,,50.0,2024.0,5.0,2024.0,Colombian Technology Catalogue,5.d. Large Hydro reservoir,direct,,Linear interpolation,Hydro-large,,Large Hydro reservoir,,CAPEX 2050/2030=0.994910686684318,2030,2041,7.89583654944,Linear interpolation between known datapoints
Hydro (large),2041,Construction&Manufacturing,Direct,job-yr/MW,11.6303538363,11.6303538363,Rutovitz 2015,Rutovitz 2015,,50.0,2024.0,5.0,2024.0,Colombian Technology Catalogue,5.d. Large Hydro reservoir,direct,,Linear interpolation,Hydro-large,,Large Hydro reservoir,,Construction + Manufacturing; full regional manufacturing assumed by Rutovitz 2015 method,2030,2041,11.6303538363,Linear interpolation between known datapoints
Hydro (large),2041,Manufacturing,Direct,job-yr/MW,3.7345172869,3.7345172869,Rutovitz 2015,Rutovitz 2015,,50.0,2024.0,5.0,2024.0,Colombian Technology Catalogue,5.d. Large Hydro reservoir,direct,,Linear interpolation,Hydro-large,,Large Hydro reservoir,,CAPEX 2050/2030=0.994910686684318,2030,2041,3.7345172869,Linear interpolation between known datapoints
Hydro (large),2041,O&M,Direct,job/MW,0.640070491803,0.640070491803,Rutovitz 2015,Rutovitz 2015,,50.0,2024.0,5.0,2024.0,Colombian Technology Catalogue,5.d. Large Hydro reservoir,direct,,Linear interpolation,Hydro-large,,Large Hydro reservoir,,OPEX 2050/2030=0.994535519125683,2030,2041,0.640070491803,Linear interpolation between known datapoints
Hydro (large),2042,Construction,Direct,job-yr/MW,7.8938216903,7.8938216903,Rutovitz 2015,Rutovitz 2015,,50.0,2024.0,5.0,2024.0,Colombian Technology Catalogue,5.d. Large Hydro reservoir,direct,,Linear interpolation,Hydro-large,,Large Hydro reservoir,,CAPEX 2050/2030=0.994910686684318,2030,2042,7.8938216903,Linear interpolation between known datapoints
Hydro (large),2042,Construction&Manufacturing,Direct,job-yr/MW,11.6273860033,11.6273860033,Rutovitz 2015,Rutovitz 2015,,50.0,2024.0,5.0,2024.0,Colombian Technology Catalogue,5.d. Large Hydro reservoir,direct,,Linear interpolation,Hydro-large,,Large Hydro reservoir,,Construction + Manufacturing; full regional manufacturing assumed by Rutovitz 2015 method,2030,2042,11.6273860033,Linear interpolation between known datapoints
Hydro (large),2042,Manufacturing,Direct,job-yr/MW,3.73356431298,3.73356431298,Rutovitz 2015,Rutovitz 2015,,50.0,2024.0,5.0,2024.0,Colombian Technology Catalogue,5.d. Large Hydro reservoir,direct,,Linear interpolation,Hydro-large,,Large Hydro reservoir,,CAPEX 2050/2030=0.994910686684318,2030,2042,3.73356431298,Linear interpolation between known datapoints
Hydro (large),2042,O&M,Direct,job/MW,0.639895081967,0.639895081967,Rutovitz 2015,Rutovitz 2015,,50.0,2024.0,5.0,2024.0,Colombian Technology Catalogue,5.d. Large Hydro reservoir,direct,,Linear interpolation,Hydro-large,,Large Hydro reservoir,,OPEX 2050/2030=0.994535519125683,2030,2042,0.639895081967,Linear interpolation between known datapoints
Hydro (large),2043,Construction,Direct,job-yr/MW,7.89180683116,7.89180683116,Rutovitz 2015,Rutovitz 2015,,50.0,2024.0,5.0,2024.0,Colombian Technology Catalogue,5.d. Large Hydro reservoir,direct,,Linear interpolation,Hydro-large,,Large Hydro reservoir,,CAPEX 2050/2030=0.994910686684318,2030,2043,7.89180683116,Linear interpolation between known datapoints
Hydro (large),2043,Construction&Manufacturing,Direct,job-yr/MW,11.6244181702,11.6244181702,Rutovitz 2015,Rutovitz 2015,,50.0,2024.0,5.0,2024.0,Colombian Technology Catalogue,5.d. Large Hydro reservoir,direct,,Linear interpolation,Hydro-large,,Large Hydro reservoir,,Construction + Manufacturing; full regional manufacturing assumed by Rutovitz 2015 method,2030,2043,11.6244181702,Linear interpolation between known datapoints
Hydro (large),2043,Manufacturing,Direct,job-yr/MW,3.73261133906,3.73261133906,Rutovitz 2015,Rutovitz 2015,,50.0,2024.0,5.0,2024.0,Colombian Technology Catalogue,5.d. Large Hydro reservoir,direct,,Linear interpolation,Hydro-large,,Large Hydro reservoir,,CAPEX 2050/2030=0.994910686684318,2030,2043,3.73261133906,Linear interpolation between known datapoints
Hydro (large),2043,O&M,Direct,job/MW,0.639719672131,0.639719672131,Rutovitz 2015,Rutovitz 2015,,50.0,2024.0,5.0,2024.0,Colombian Technology Catalogue,5.d. Large Hydro reservoir,direct,,Linear interpolation,Hydro-large,,Large Hydro reservoir,,OPEX 2050/2030=0.994535519125683,2030,2043,0.639719672131,Linear interpolation between known datapoints
Hydro (large),2044,Construction,Direct,job-yr/MW,7.88979197202,7.88979197202,Rutovitz 2015,Rutovitz 2015,,50.0,2024.0,5.0,2024.0,Colombian Technology Catalogue,5.d. Large Hydro reservoir,direct,,Linear interpolation,Hydro-large,,Large Hydro reservoir,,CAPEX 2050/2030=0.994910686684318,2030,2044,7.88979197202,Linear interpolation between known datapoints
Hydro (large),2044,Construction&Manufacturing,Direct,job-yr/MW,11.6214503372,11.6214503372,Rutovitz 2015,Rutovitz 2015,,50.0,2024.0,5.0,2024.0,Colombian Technology Catalogue,5.d. Large Hydro reservoir,direct,,Linear interpolation,Hydro-large,,Large Hydro reservoir,,Construction + Manufacturing; full regional manufacturing assumed by Rutovitz 2015 method,2030,2044,11.6214503372,Linear interpolation between known datapoints
Hydro (large),2044,Manufacturing,Direct,job-yr/MW,3.73165836514,3.73165836514,Rutovitz 2015,Rutovitz 2015,,50.0,2024.0,5.0,2024.0,Colombian Technology Catalogue,5.d. Large Hydro reservoir,direct,,Linear interpolation,Hydro-large,,Large Hydro reservoir,,CAPEX 2050/2030=0.994910686684318,2030,2044,3.73165836514,Linear interpolation between known datapoints
Hydro (large),2044,O&M,Direct,job/MW,0.639544262295,0.639544262295,Rutovitz 2015,Rutovitz 2015,,50.0,2024.0,5.0,2024.0,Colombian Technology Catalogue,5.d. Large Hydro reservoir,direct,,Linear interpolation,Hydro-large,,Large Hydro reservoir,,OPEX 2050/2030=0.994535519125683,2030,2044,0.639544262295,Linear interpolation between known datapoints
Hydro (large),2045,Construction,Direct,job-yr/MW,7.88777711287,7.88777711287,Rutovitz 2015,Rutovitz 2015,,50.0,2024.0,5.0,2024.0,Colombian Technology Catalogue,5.d. Large Hydro reservoir,direct,,Linear interpolation,Hydro-large,,Large Hydro reservoir,,CAPEX 2050/2030=0.994910686684318,2030,2045,7.88777711287,Linear interpolation between known datapoints
Hydro (large),2045,Construction&Manufacturing,Direct,job-yr/MW,11.6184825041,11.6184825041,Rutovitz 2015,Rutovitz 2015,,50.0,2024.0,5.0,2024.0,Colombian Technology Catalogue,5.d. Large Hydro reservoir,direct,,Linear interpolation,Hydro-large,,Large Hydro reservoir,,Construction + Manufacturing; full regional manufacturing assumed by Rutovitz 2015 method,2030,2045,11.6184825041,Linear interpolation between known datapoints
Hydro (large),2045,Manufacturing,Direct,job-yr/MW,3.73070539122,3.73070539122,Rutovitz 2015,Rutovitz 2015,,50.0,2024.0,5.0,2024.0,Colombian Technology Catalogue,5.d. Large Hydro reservoir,direct,,Linear interpolation,Hydro-large,,Large Hydro reservoir,,CAPEX 2050/2030=0.994910686684318,2030,2045,3.73070539122,Linear interpolation between known datapoints
Hydro (large),2045,O&M,Direct,job/MW,0.639368852459,0.639368852459,Rutovitz 2015,Rutovitz 2015,,50.0,2024.0,5.0,2024.0,Colombian Technology Catalogue,5.d. Large Hydro reservoir,direct,,Linear interpolation,Hydro-large,,Large Hydro reservoir,,OPEX 2050/2030=0.994535519125683,2030,2045,0.639368852459,Linear interpolation between known datapoints
Hydro (large),2046,Construction,Direct,job-yr/MW,7.88576225373,7.88576225373,Rutovitz 2015,Rutovitz 2015,,50.0,2024.0,5.0,2024.0,Colombian Technology Catalogue,5.d. Large Hydro reservoir,direct,,Linear interpolation,Hydro-large,,Large Hydro reservoir,,CAPEX 2050/2030=0.994910686684318,2030,2046,7.88576225373,Linear interpolation between known datapoints
Hydro (large),2046,Construction&Manufacturing,Direct,job-yr/MW,11.615514671,11.615514671,Rutovitz 2015,Rutovitz 2015,,50.0,2024.0,5.0,2024.0,Colombian Technology Catalogue,5.d. Large Hydro reservoir,direct,,Linear interpolation,Hydro-large,,Large Hydro reservoir,,Construction + Manufacturing; full regional manufacturing assumed by Rutovitz 2015 method,2030,2046,11.615514671,Linear interpolation between known datapoints
Hydro (large),2046,Manufacturing,Direct,job-yr/MW,3.72975241731,3.72975241731,Rutovitz 2015,Rutovitz 2015,,50.0,2024.0,5.0,2024.0,Colombian Technology Catalogue,5.d. Large Hydro reservoir,direct,,Linear interpolation,Hydro-large,,Large Hydro reservoir,,CAPEX 2050/2030=0.994910686684318,2030,2046,3.72975241731,Linear interpolation between known datapoints
Hydro (large),2046,O&M,Direct,job/MW,0.639193442623,0.639193442623,Rutovitz 2015,Rutovitz 2015,,50.0,2024.0,5.0,2024.0,Colombian Technology Catalogue,5.d. Large Hydro reservoir,direct,,Linear interpolation,Hydro-large,,Large Hydro reservoir,,OPEX 2050/2030=0.994535519125683,2030,2046,0.639193442623,Linear interpolation between known datapoints
Hydro (large),2047,Construction,Direct,job-yr/MW,7.88374739459,7.88374739459,Rutovitz 2015,Rutovitz 2015,,50.0,2024.0,5.0,2024.0,Colombian Technology Catalogue,5.d. Large Hydro reservoir,direct,,Linear interpolation,Hydro-large,,Large Hydro reservoir,,CAPEX 2050/2030=0.994910686684318,2030,2047,7.88374739459,Linear interpolation between known datapoints
Hydro (large),2047,Construction&Manufacturing,Direct,job-yr/MW,11.612546838,11.612546838,Rutovitz 2015,Rutovitz 2015,,50.0,2024.0,5.0,2024.0,Colombian Technology Catalogue,5.d. Large Hydro reservoir,direct,,Linear interpolation,Hydro-large,,Large Hydro reservoir,,Construction + Manufacturing; full regional manufacturing assumed by Rutovitz 2015 method,2030,2047,11.612546838,Linear interpolation between known datapoints
Hydro (large),2047,Manufacturing,Direct,job-yr/MW,3.72879944339,3.72879944339,Rutovitz 2015,Rutovitz 2015,,50.0,2024.0,5.0,2024.0,Colombian Technology Catalogue,5.d. Large Hydro reservoir,direct,,Linear interpolation,Hydro-large,,Large Hydro reservoir,,CAPEX 2050/2030=0.994910686684318,2030,2047,3.72879944339,Linear interpolation between known datapoints
Hydro (large),2047,O&M,Direct,job/MW,0.639018032787,0.639018032787,Rutovitz 2015,Rutovitz 2015,,50.0,2024.0,5.0,2024.0,Colombian Technology Catalogue,5.d. Large Hydro reservoir,direct,,Linear interpolation,Hydro-large,,Large Hydro reservoir,,OPEX 2050/2030=0.994535519125683,2030,2047,0.639018032787,Linear interpolation between known datapoints
Hydro (large),2048,Construction,Direct,job-yr/MW,7.88173253545,7.88173253545,Rutovitz 2015,Rutovitz 2015,,50.0,2024.0,5.0,2024.0,Colombian Technology Catalogue,5.d. Large Hydro reservoir,direct,,Linear interpolation,Hydro-large,,Large Hydro reservoir,,CAPEX 2050/2030=0.994910686684318,2030,2048,7.88173253545,Linear interpolation between known datapoints
Hydro (large),2048,Construction&Manufacturing,Direct,job-yr/MW,11.6095790049,11.6095790049,Rutovitz 2015,Rutovitz 2015,,50.0,2024.0,5.0,2024.0,Colombian Technology Catalogue,5.d. Large Hydro reservoir,direct,,Linear interpolation,Hydro-large,,Large Hydro reservoir,,Construction + Manufacturing; full regional manufacturing assumed by Rutovitz 2015 method,2030,2048,11.6095790049,Linear interpolation between known datapoints
Hydro (large),2048,Manufacturing,Direct,job-yr/MW,3.72784646947,3.72784646947,Rutovitz 2015,Rutovitz 2015,,50.0,2024.0,5.0,2024.0,Colombian Technology Catalogue,5.d. Large Hydro reservoir,direct,,Linear interpolation,Hydro-large,,Large Hydro reservoir,,CAPEX 2050/2030=0.994910686684318,2030,2048,3.72784646947,Linear interpolation between known datapoints
Hydro (large),2048,O&M,Direct,job/MW,0.638842622951,0.638842622951,Rutovitz 2015,Rutovitz 2015,,50.0,2024.0,5.0,2024.0,Colombian Technology Catalogue,5.d. Large Hydro reservoir,direct,,Linear interpolation,Hydro-large,,Large Hydro reservoir,,OPEX 2050/2030=0.994535519125683,2030,2048,0.638842622951,Linear interpolation between known datapoints
Hydro (large),2049,Construction,Direct,job-yr/MW,7.87971767631,7.87971767631,Rutovitz 2015,Rutovitz 2015,,50.0,2024.0,5.0,2024.0,Colombian Technology Catalogue,5.d. Large Hydro reservoir,direct,,Linear interpolation,Hydro-large,,Large Hydro reservoir,,CAPEX 2050/2030=0.994910686684318,2030,2049,7.87971767631,Linear interpolation between known datapoints
Hydro (large),2049,Construction&Manufacturing,Direct,job-yr/MW,11.6066111719,11.6066111719,Rutovitz 2015,Rutovitz 2015,,50.0,2024.0,5.0,2024.0,Colombian Technology Catalogue,5.d. Large Hydro reservoir,direct,,Linear interpolation,Hydro-large,,Large Hydro reservoir,,Construction + Manufacturing; full regional manufacturing assumed by Rutovitz 2015 method,2030,2049,11.6066111719,Linear interpolation between known datapoints
Hydro (large),2049,Manufacturing,Direct,job-yr/MW,3.72689349555,3.72689349555,Rutovitz 2015,Rutovitz 2015,,50.0,2024.0,5.0,2024.0,Colombian Technology Catalogue,5.d. Large Hydro reservoir,direct,,Linear interpolation,Hydro-large,,Large Hydro reservoir,,CAPEX 2050/2030=0.994910686684318,2030,2049,3.72689349555,Linear interpolation between known datapoints
Hydro (large),2049,O&M,Direct,job/MW,0.638667213115,0.638667213115,Rutovitz 2015,Rutovitz 2015,,50.0,2024.0,5.0,2024.0,Colombian Technology Catalogue,5.d. Large Hydro reservoir,direct,,Linear interpolation,Hydro-large,,Large Hydro reservoir,,OPEX 2050/2030=0.994535519125683,2030,2049,0.638667213115,Linear interpolation between known datapoints
Hydro (large),2050,Construction,Direct,job-yr/MW,7.87770281717,7.87770281717,Rutovitz 2015,Rutovitz 2015,,50.0,2024.0,5.0,2024.0,Colombian Technology Catalogue,5.d. Large Hydro reservoir,direct,,CAPEX/OPEX ratio projection,Hydro-large,,Large Hydro reservoir,,CAPEX 2050/2030=0.994910686684318,2030,2050,7.87770281717,Known datapoint
Hydro (large),2050,Construction&Manufacturing,Direct,job-yr/MW,11.6036433388,11.6036433388,Rutovitz 2015,Rutovitz 2015,,50.0,2024.0,5.0,2024.0,Colombian Technology Catalogue,5.d. Large Hydro reservoir,direct,,Derived Construction&Manufacturing,Hydro-large,,Large Hydro reservoir,,Construction + Manufacturing; full regional manufacturing assumed by Rutovitz 2015 method,2030,2050,11.6036433388,Known datapoint
Hydro (large),2050,Manufacturing,Direct,job-yr/MW,3.72594052163,3.72594052163,Rutovitz 2015,Rutovitz 2015,,50.0,2024.0,5.0,2024.0,Colombian Technology Catalogue,5.d. Large Hydro reservoir,direct,,CAPEX/OPEX ratio projection,Hydro-large,,Large Hydro reservoir,,CAPEX 2050/2030=0.994910686684318,2030,2050,3.72594052163,Known datapoint
Hydro (large),2050,O&M,Direct,job/MW,0.638491803279,0.638491803279,Rutovitz 2015,Rutovitz 2015,,50.0,2024.0,5.0,2024.0,Colombian Technology Catalogue,5.d. Large Hydro reservoir,direct,,CAPEX/OPEX ratio projection,Hydro-large,,Large Hydro reservoir,,OPEX 2050/2030=0.994535519125683,2030,2050,0.638491803279,Known datapoint
Hydro (large),2051,Construction,Direct,job-yr/MW,7.87770281717,7.87770281717,Rutovitz 2015,Rutovitz 2015,,50.0,2024.0,5.0,2024.0,Colombian Technology Catalogue,5.d. Large Hydro reservoir,direct,,Linear interpolation,Hydro-large,,Large Hydro reservoir,,CAPEX 2050/2030=0.994910686684318,2030,2051,7.87770281717,Linear interpolation to 2050; held constant after 2050
Hydro (large),2051,Construction&Manufacturing,Direct,job-yr/MW,11.6036433388,11.6036433388,Rutovitz 2015,Rutovitz 2015,,50.0,2024.0,5.0,2024.0,Colombian Technology Catalogue,5.d. Large Hydro reservoir,direct,,Linear interpolation,Hydro-large,,Large Hydro reservoir,,Construction + Manufacturing; full regional manufacturing assumed by Rutovitz 2015 method,2030,2051,11.6036433388,Linear interpolation to 2050; held constant after 2050
Hydro (large),2051,Manufacturing,Direct,job-yr/MW,3.72594052163,3.72594052163,Rutovitz 2015,Rutovitz 2015,,50.0,2024.0,5.0,2024.0,Colombian Technology Catalogue,5.d. Large Hydro reservoir,direct,,Linear interpolation,Hydro-large,,Large Hydro reservoir,,CAPEX 2050/2030=0.994910686684318,2030,2051,3.72594052163,Linear interpolation to 2050; held constant after 2050
Hydro (large),2051,O&M,Direct,job/MW,0.638491803279,0.638491803279,Rutovitz 2015,Rutovitz 2015,,50.0,2024.0,5.0,2024.0,Colombian Technology Catalogue,5.d. Large Hydro reservoir,direct,,Linear interpolation,Hydro-large,,Large Hydro reservoir,,OPEX 2050/2030=0.994535519125683,2030,2051,0.638491803279,Linear interpolation to 2050; held constant after 2050
Hydro (large),2052,Construction,Direct,job-yr/MW,7.87770281717,7.87770281717,Rutovitz 2015,Rutovitz 2015,,50.0,2024.0,5.0,2024.0,Colombian Technology Catalogue,5.d. Large Hydro reservoir,direct,,Linear interpolation,Hydro-large,,Large Hydro reservoir,,CAPEX 2050/2030=0.994910686684318,2030,2052,7.87770281717,Linear interpolation to 2050; held constant after 2050
Hydro (large),2052,Construction&Manufacturing,Direct,job-yr/MW,11.6036433388,11.6036433388,Rutovitz 2015,Rutovitz 2015,,50.0,2024.0,5.0,2024.0,Colombian Technology Catalogue,5.d. Large Hydro reservoir,direct,,Linear interpolation,Hydro-large,,Large Hydro reservoir,,Construction + Manufacturing; full regional manufacturing assumed by Rutovitz 2015 method,2030,2052,11.6036433388,Linear interpolation to 2050; held constant after 2050
Hydro (large),2052,Manufacturing,Direct,job-yr/MW,3.72594052163,3.72594052163,Rutovitz 2015,Rutovitz 2015,,50.0,2024.0,5.0,2024.0,Colombian Technology Catalogue,5.d. Large Hydro reservoir,direct,,Linear interpolation,Hydro-large,,Large Hydro reservoir,,CAPEX 2050/2030=0.994910686684318,2030,2052,3.72594052163,Linear interpolation to 2050; held constant after 2050
Hydro (large),2052,O&M,Direct,job/MW,0.638491803279,0.638491803279,Rutovitz 2015,Rutovitz 2015,,50.0,2024.0,5.0,2024.0,Colombian Technology Catalogue,5.d. Large Hydro reservoir,direct,,Linear interpolation,Hydro-large,,Large Hydro reservoir,,OPEX 2050/2030=0.994535519125683,2030,2052,0.638491803279,Linear interpolation to 2050; held constant after 2050
Hydro (large),2053,Construction,Direct,job-yr/MW,7.87770281717,7.87770281717,Rutovitz 2015,Rutovitz 2015,,50.0,2024.0,5.0,2024.0,Colombian Technology Catalogue,5.d. Large Hydro reservoir,direct,,Linear interpolation,Hydro-large,,Large Hydro reservoir,,CAPEX 2050/2030=0.994910686684318,2030,2053,7.87770281717,Linear interpolation to 2050; held constant after 2050
Hydro (large),2053,Construction&Manufacturing,Direct,job-yr/MW,11.6036433388,11.6036433388,Rutovitz 2015,Rutovitz 2015,,50.0,2024.0,5.0,2024.0,Colombian Technology Catalogue,5.d. Large Hydro reservoir,direct,,Linear interpolation,Hydro-large,,Large Hydro reservoir,,Construction + Manufacturing; full regional manufacturing assumed by Rutovitz 2015 method,2030,2053,11.6036433388,Linear interpolation to 2050; held constant after 2050
Hydro (large),2053,Manufacturing,Direct,job-yr/MW,3.72594052163,3.72594052163,Rutovitz 2015,Rutovitz 2015,,50.0,2024.0,5.0,2024.0,Colombian Technology Catalogue,5.d. Large Hydro reservoir,direct,,Linear interpolation,Hydro-large,,Large Hydro reservoir,,CAPEX 2050/2030=0.994910686684318,2030,2053,3.72594052163,Linear interpolation to 2050; held constant after 2050
Hydro (large),2053,O&M,Direct,job/MW,0.638491803279,0.638491803279,Rutovitz 2015,Rutovitz 2015,,50.0,2024.0,5.0,2024.0,Colombian Technology Catalogue,5.d. Large Hydro reservoir,direct,,Linear interpolation,Hydro-large,,Large Hydro reservoir,,OPEX 2050/2030=0.994535519125683,2030,2053,0.638491803279,Linear interpolation to 2050; held constant after 2050
Hydro (large),2054,Construction,Direct,job-yr/MW,7.87770281717,7.87770281717,Rutovitz 2015,Rutovitz 2015,,50.0,2024.0,5.0,2024.0,Colombian Technology Catalogue,5.d. Large Hydro reservoir,direct,,Linear interpolation,Hydro-large,,Large Hydro reservoir,,CAPEX 2050/2030=0.994910686684318,2030,2054,7.87770281717,Linear interpolation to 2050; held constant after 2050
Hydro (large),2054,Construction&Manufacturing,Direct,job-yr/MW,11.6036433388,11.6036433388,Rutovitz 2015,Rutovitz 2015,,50.0,2024.0,5.0,2024.0,Colombian Technology Catalogue,5.d. Large Hydro reservoir,direct,,Linear interpolation,Hydro-large,,Large Hydro reservoir,,Construction + Manufacturing; full regional manufacturing assumed by Rutovitz 2015 method,2030,2054,11.6036433388,Linear interpolation to 2050; held constant after 2050
Hydro (large),2054,Manufacturing,Direct,job-yr/MW,3.72594052163,3.72594052163,Rutovitz 2015,Rutovitz 2015,,50.0,2024.0,5.0,2024.0,Colombian Technology Catalogue,5.d. Large Hydro reservoir,direct,,Linear interpolation,Hydro-large,,Large Hydro reservoir,,CAPEX 2050/2030=0.994910686684318,2030,2054,3.72594052163,Linear interpolation to 2050; held constant after 2050
Hydro (large),2054,O&M,Direct,job/MW,0.638491803279,0.638491803279,Rutovitz 2015,Rutovitz 2015,,50.0,2024.0,5.0,2024.0,Colombian Technology Catalogue,5.d. Large Hydro reservoir,direct,,Linear interpolation,Hydro-large,,Large Hydro reservoir,,OPEX 2050/2030=0.994535519125683,2030,2054,0.638491803279,Linear interpolation to 2050; held constant after 2050
Hydro (large),2055,Construction,Direct,job-yr/MW,7.87770281717,7.87770281717,Rutovitz 2015,Rutovitz 2015,,50.0,2024.0,5.0,2024.0,Colombian Technology Catalogue,5.d. Large Hydro reservoir,direct,,Linear interpolation,Hydro-large,,Large Hydro reservoir,,CAPEX 2050/2030=0.994910686684318,2030,2055,7.87770281717,Linear interpolation to 2050; held constant after 2050
Hydro (large),2055,Construction&Manufacturing,Direct,job-yr/MW,11.6036433388,11.6036433388,Rutovitz 2015,Rutovitz 2015,,50.0,2024.0,5.0,2024.0,Colombian Technology Catalogue,5.d. Large Hydro reservoir,direct,,Linear interpolation,Hydro-large,,Large Hydro reservoir,,Construction + Manufacturing; full regional manufacturing assumed by Rutovitz 2015 method,2030,2055,11.6036433388,Linear interpolation to 2050; held constant after 2050
Hydro (large),2055,Manufacturing,Direct,job-yr/MW,3.72594052163,3.72594052163,Rutovitz 2015,Rutovitz 2015,,50.0,2024.0,5.0,2024.0,Colombian Technology Catalogue,5.d. Large Hydro reservoir,direct,,Linear interpolation,Hydro-large,,Large Hydro reservoir,,CAPEX 2050/2030=0.994910686684318,2030,2055,3.72594052163,Linear interpolation to 2050; held constant after 2050
Hydro (large),2055,O&M,Direct,job/MW,0.638491803279,0.638491803279,Rutovitz 2015,Rutovitz 2015,,50.0,2024.0,5.0,2024.0,Colombian Technology Catalogue,5.d. Large Hydro reservoir,direct,,Linear interpolation,Hydro-large,,Large Hydro reservoir,,OPEX 2050/2030=0.994535519125683,2030,2055,0.638491803279,Linear interpolation to 2050; held constant after 2050
Hydro (small),2024,Construction,Direct,job-yr/MW,16.4636,16.4636,Rutovitz 2015,Rutovitz 2015,,50.0,2024.0,3.0,2024.0,Colombian Technology Catalogue,5.b. Small RoR hydro power,direct,,Linear interpolation,Hydro-small,,Small RoR hydro power,,CAPEX 2050/2030=0.994910686684318,2030,2024,16.4636,Linear interpolation between known datapoints
Hydro (small),2024,Construction&Manufacturing,Direct,job-yr/MW,27.8214,27.8214,Rutovitz 2015,Rutovitz 2015,,50.0,2024.0,3.0,2024.0,Colombian Technology Catalogue,5.b. Small RoR hydro power,direct,,Linear interpolation,Hydro-small,,Small RoR hydro power,,Construction + Manufacturing; full regional manufacturing assumed by Rutovitz 2015 method,2030,2024,27.8214,Linear interpolation between known datapoints
Hydro (small),2024,Manufacturing,Direct,job-yr/MW,11.3578,11.3578,Rutovitz 2015,Rutovitz 2015,,50.0,2024.0,3.0,2024.0,Colombian Technology Catalogue,5.b. Small RoR hydro power,direct,,Linear interpolation,Hydro-small,,Small RoR hydro power,,CAPEX 2050/2030=0.994910686684318,2030,2024,11.3578,Linear interpolation between known datapoints
Hydro (small),2024,O&M,Direct,job/MW,5.1058,5.1058,Rutovitz 2015,Rutovitz 2015,,50.0,2024.0,3.0,2024.0,Colombian Technology Catalogue,5.b. Small RoR hydro power,direct,,Linear interpolation,Hydro-small,,Small RoR hydro power,,OPEX 2050/2030=0.993975903614458,2030,2024,5.1058,Linear interpolation between known datapoints
Hydro (small),2025,Construction,Direct,job-yr/MW,16.5373333333,16.5373333333,Rutovitz 2015,Rutovitz 2015,,50.0,2024.0,3.0,2024.0,Colombian Technology Catalogue,5.b. Small RoR hydro power,direct,,Linear interpolation,Hydro-small,,Small RoR hydro power,,CAPEX 2050/2030=0.994910686684318,2030,2025,16.5373333333,Linear interpolation between known datapoints
Hydro (small),2025,Construction&Manufacturing,Direct,job-yr/MW,27.946,27.946,Rutovitz 2015,Rutovitz 2015,,50.0,2024.0,3.0,2024.0,Colombian Technology Catalogue,5.b. Small RoR hydro power,direct,,Linear interpolation,Hydro-small,,Small RoR hydro power,,Construction + Manufacturing; full regional manufacturing assumed by Rutovitz 2015 method,2030,2025,27.946,Linear interpolation between known datapoints
Hydro (small),2025,Manufacturing,Direct,job-yr/MW,11.4086666667,11.4086666667,Rutovitz 2015,Rutovitz 2015,,50.0,2024.0,3.0,2024.0,Colombian Technology Catalogue,5.b. Small RoR hydro power,direct,,Linear interpolation,Hydro-small,,Small RoR hydro power,,CAPEX 2050/2030=0.994910686684318,2030,2025,11.4086666667,Linear interpolation between known datapoints
Hydro (small),2025,O&M,Direct,job/MW,5.12866666667,5.12866666667,Rutovitz 2015,Rutovitz 2015,,50.0,2024.0,3.0,2024.0,Colombian Technology Catalogue,5.b. Small RoR hydro power,direct,,Linear interpolation,Hydro-small,,Small RoR hydro power,,OPEX 2050/2030=0.993975903614458,2030,2025,5.12866666667,Linear interpolation between known datapoints
Hydro (small),2026,Construction,Direct,job-yr/MW,16.6110666667,16.6110666667,Rutovitz 2015,Rutovitz 2015,,50.0,2024.0,3.0,2024.0,Colombian Technology Catalogue,5.b. Small RoR hydro power,direct,,Linear interpolation,Hydro-small,,Small RoR hydro power,,CAPEX 2050/2030=0.994910686684318,2030,2026,16.6110666667,Linear interpolation between known datapoints
Hydro (small),2026,Construction&Manufacturing,Direct,job-yr/MW,28.0706,28.0706,Rutovitz 2015,Rutovitz 2015,,50.0,2024.0,3.0,2024.0,Colombian Technology Catalogue,5.b. Small RoR hydro power,direct,,Linear interpolation,Hydro-small,,Small RoR hydro power,,Construction + Manufacturing; full regional manufacturing assumed by Rutovitz 2015 method,2030,2026,28.0706,Linear interpolation between known datapoints
Hydro (small),2026,Manufacturing,Direct,job-yr/MW,11.4595333333,11.4595333333,Rutovitz 2015,Rutovitz 2015,,50.0,2024.0,3.0,2024.0,Colombian Technology Catalogue,5.b. Small RoR hydro power,direct,,Linear interpolation,Hydro-small,,Small RoR hydro power,,CAPEX 2050/2030=0.994910686684318,2030,2026,11.4595333333,Linear interpolation between known datapoints
Hydro (small),2026,O&M,Direct,job/MW,5.15153333333,5.15153333333,Rutovitz 2015,Rutovitz 2015,,50.0,2024.0,3.0,2024.0,Colombian Technology Catalogue,5.b. Small RoR hydro power,direct,,Linear interpolation,Hydro-small,,Small RoR hydro power,,OPEX 2050/2030=0.993975903614458,2030,2026,5.15153333333,Linear interpolation between known datapoints
Hydro (small),2027,Construction,Direct,job-yr/MW,16.6848,16.6848,Rutovitz 2015,Rutovitz 2015,,50.0,2024.0,3.0,2024.0,Colombian Technology Catalogue,5.b. Small RoR hydro power,direct,,Linear interpolation,Hydro-small,,Small RoR hydro power,,CAPEX 2050/2030=0.994910686684318,2030,2027,16.6848,Linear interpolation between known datapoints
Hydro (small),2027,Construction&Manufacturing,Direct,job-yr/MW,28.1952,28.1952,Rutovitz 2015,Rutovitz 2015,,50.0,2024.0,3.0,2024.0,Colombian Technology Catalogue,5.b. Small RoR hydro power,direct,,Linear interpolation,Hydro-small,,Small RoR hydro power,,Construction + Manufacturing; full regional manufacturing assumed by Rutovitz 2015 method,2030,2027,28.1952,Linear interpolation between known datapoints
Hydro (small),2027,Manufacturing,Direct,job-yr/MW,11.5104,11.5104,Rutovitz 2015,Rutovitz 2015,,50.0,2024.0,3.0,2024.0,Colombian Technology Catalogue,5.b. Small RoR hydro power,direct,,Linear interpolation,Hydro-small,,Small RoR hydro power,,CAPEX 2050/2030=0.994910686684318,2030,2027,11.5104,Linear interpolation between known datapoints
Hydro (small),2027,O&M,Direct,job/MW,5.1744,5.1744,Rutovitz 2015,Rutovitz 2015,,50.0,2024.0,3.0,2024.0,Colombian Technology Catalogue,5.b. Small RoR hydro power,direct,,Linear interpolation,Hydro-small,,Small RoR hydro power,,OPEX 2050/2030=0.993975903614458,2030,2027,5.1744,Linear interpolation between known datapoints
Hydro (small),2028,Construction,Direct,job-yr/MW,16.7585333333,16.7585333333,Rutovitz 2015,Rutovitz 2015,,50.0,2024.0,3.0,2024.0,Colombian Technology Catalogue,5.b. Small RoR hydro power,direct,,Linear interpolation,Hydro-small,,Small RoR hydro power,,CAPEX 2050/2030=0.994910686684318,2030,2028,16.7585333333,Linear interpolation between known datapoints
Hydro (small),2028,Construction&Manufacturing,Direct,job-yr/MW,28.3198,28.3198,Rutovitz 2015,Rutovitz 2015,,50.0,2024.0,3.0,2024.0,Colombian Technology Catalogue,5.b. Small RoR hydro power,direct,,Linear interpolation,Hydro-small,,Small RoR hydro power,,Construction + Manufacturing; full regional manufacturing assumed by Rutovitz 2015 method,2030,2028,28.3198,Linear interpolation between known datapoints
Hydro (small),2028,Manufacturing,Direct,job-yr/MW,11.5612666667,11.5612666667,Rutovitz 2015,Rutovitz 2015,,50.0,2024.0,3.0,2024.0,Colombian Technology Catalogue,5.b. Small RoR hydro power,direct,,Linear interpolation,Hydro-small,,Small RoR hydro power,,CAPEX 2050/2030=0.994910686684318,2030,2028,11.5612666667,Linear interpolation between known datapoints
Hydro (small),2028,O&M,Direct,job/MW,5.19726666667,5.19726666667,Rutovitz 2015,Rutovitz 2015,,50.0,2024.0,3.0,2024.0,Colombian Technology Catalogue,5.b. Small RoR hydro power,direct,,Linear interpolation,Hydro-small,,Small RoR hydro power,,OPEX 2050/2030=0.993975903614458,2030,2028,5.19726666667,Linear interpolation between known datapoints
Hydro (small),2029,Construction,Direct,job-yr/MW,16.8322666667,16.8322666667,Rutovitz 2015,Rutovitz 2015,,50.0,2024.0,3.0,2024.0,Colombian Technology Catalogue,5.b. Small RoR hydro power,direct,,Linear interpolation,Hydro-small,,Small RoR hydro power,,CAPEX 2050/2030=0.994910686684318,2030,2029,16.8322666667,Linear interpolation between known datapoints
Hydro (small),2029,Construction&Manufacturing,Direct,job-yr/MW,28.4444,28.4444,Rutovitz 2015,Rutovitz 2015,,50.0,2024.0,3.0,2024.0,Colombian Technology Catalogue,5.b. Small RoR hydro power,direct,,Linear interpolation,Hydro-small,,Small RoR hydro power,,Construction + Manufacturing; full regional manufacturing assumed by Rutovitz 2015 method,2030,2029,28.4444,Linear interpolation between known datapoints
Hydro (small),2029,Manufacturing,Direct,job-yr/MW,11.6121333333,11.6121333333,Rutovitz 2015,Rutovitz 2015,,50.0,2024.0,3.0,2024.0,Colombian Technology Catalogue,5.b. Small RoR hydro power,direct,,Linear interpolation,Hydro-small,,Small RoR hydro power,,CAPEX 2050/2030=0.994910686684318,2030,2029,11.6121333333,Linear interpolation between known datapoints
Hydro (small),2029,O&M,Direct,job/MW,5.22013333333,5.22013333333,Rutovitz 2015,Rutovitz 2015,,50.0,2024.0,3.0,2024.0,Colombian Technology Catalogue,5.b. Small RoR hydro power,direct,,Linear interpolation,Hydro-small,,Small RoR hydro power,,OPEX 2050/2030=0.993975903614458,2030,2029,5.22013333333,Linear interpolation between known datapoints
Hydro (small),2030,Construction,Direct,job-yr/MW,16.906,16.906,Rutovitz 2015,Rutovitz 2015,,50.0,2024.0,3.0,2024.0,Colombian Technology Catalogue,5.b. Small RoR hydro power,direct,,Rutovitz Table 9 decline to 2030,Hydro-small,1.07,,,Rutovitz Table 9 Latin America 2030,2015,2030,16.906,Known datapoint
Hydro (small),2030,Construction&Manufacturing,Direct,job-yr/MW,28.569,28.569,Rutovitz 2015,Rutovitz 2015,,50.0,2024.0,3.0,2024.0,Colombian Technology Catalogue,5.b. Small RoR hydro power,direct,,Derived Construction&Manufacturing,Hydro-small,1.07,,,Construction + Manufacturing; full regional manufacturing assumed by Rutovitz 2015 method,2015,2030,28.569,Known datapoint
Hydro (small),2030,Manufacturing,Direct,job-yr/MW,11.663,11.663,Rutovitz 2015,Rutovitz 2015,,50.0,2024.0,3.0,2024.0,Colombian Technology Catalogue,5.b. Small RoR hydro power,direct,,Rutovitz Table 9 decline to 2030,Hydro-small,1.07,,,Rutovitz Table 9 Latin America 2030,2015,2030,11.663,Known datapoint
Hydro (small),2030,O&M,Direct,job/MW,5.243,5.243,Rutovitz 2015,Rutovitz 2015,,50.0,2024.0,3.0,2024.0,Colombian Technology Catalogue,5.b. Small RoR hydro power,direct,,Rutovitz Table 9 decline to 2030,Hydro-small,1.07,,,Rutovitz Table 9 Latin America 2030,2015,2030,5.243,Known datapoint
Hydro (small),2031,Construction,Direct,job-yr/MW,16.9016980035,16.9016980035,Rutovitz 2015,Rutovitz 2015,,50.0,2024.0,3.0,2024.0,Colombian Technology Catalogue,5.b. Small RoR hydro power,direct,,Linear interpolation,Hydro-small,,Small RoR hydro power,,CAPEX 2050/2030=0.994910686684318,2030,2031,16.9016980035,Linear interpolation between known datapoints
Hydro (small),2031,Construction&Manufacturing,Direct,job-yr/MW,28.5617301704,28.5617301704,Rutovitz 2015,Rutovitz 2015,,50.0,2024.0,3.0,2024.0,Colombian Technology Catalogue,5.b. Small RoR hydro power,direct,,Linear interpolation,Hydro-small,,Small RoR hydro power,,Construction + Manufacturing; full regional manufacturing assumed by Rutovitz 2015 method,2030,2031,28.5617301704,Linear interpolation between known datapoints
Hydro (small),2031,Manufacturing,Direct,job-yr/MW,11.6600321669,11.6600321669,Rutovitz 2015,Rutovitz 2015,,50.0,2024.0,3.0,2024.0,Colombian Technology Catalogue,5.b. Small RoR hydro power,direct,,Linear interpolation,Hydro-small,,Small RoR hydro power,,CAPEX 2050/2030=0.994910686684318,2030,2031,11.6600321669,Linear interpolation between known datapoints
Hydro (small),2031,O&M,Direct,job/MW,5.24142078313,5.24142078313,Rutovitz 2015,Rutovitz 2015,,50.0,2024.0,3.0,2024.0,Colombian Technology Catalogue,5.b. Small RoR hydro power,direct,,Linear interpolation,Hydro-small,,Small RoR hydro power,,OPEX 2050/2030=0.993975903614458,2030,2031,5.24142078313,Linear interpolation between known datapoints
Hydro (small),2032,Construction,Direct,job-yr/MW,16.8973960069,16.8973960069,Rutovitz 2015,Rutovitz 2015,,50.0,2024.0,3.0,2024.0,Colombian Technology Catalogue,5.b. Small RoR hydro power,direct,,Linear interpolation,Hydro-small,,Small RoR hydro power,,CAPEX 2050/2030=0.994910686684318,2030,2032,16.8973960069,Linear interpolation between known datapoints
Hydro (small),2032,Construction&Manufacturing,Direct,job-yr/MW,28.5544603408,28.5544603408,Rutovitz 2015,Rutovitz 2015,,50.0,2024.0,3.0,2024.0,Colombian Technology Catalogue,5.b. Small RoR hydro power,direct,,Linear interpolation,Hydro-small,,Small RoR hydro power,,Construction + Manufacturing; full regional manufacturing assumed by Rutovitz 2015 method,2030,2032,28.5544603408,Linear interpolation between known datapoints
Hydro (small),2032,Manufacturing,Direct,job-yr/MW,11.6570643339,11.6570643339,Rutovitz 2015,Rutovitz 2015,,50.0,2024.0,3.0,2024.0,Colombian Technology Catalogue,5.b. Small RoR hydro power,direct,,Linear interpolation,Hydro-small,,Small RoR hydro power,,CAPEX 2050/2030=0.994910686684318,2030,2032,11.6570643339,Linear interpolation between known datapoints
Hydro (small),2032,O&M,Direct,job/MW,5.23984156627,5.23984156627,Rutovitz 2015,Rutovitz 2015,,50.0,2024.0,3.0,2024.0,Colombian Technology Catalogue,5.b. Small RoR hydro power,direct,,Linear interpolation,Hydro-small,,Small RoR hydro power,,OPEX 2050/2030=0.993975903614458,2030,2032,5.23984156627,Linear interpolation between known datapoints
Hydro (small),2033,Construction,Direct,job-yr/MW,16.8930940104,16.8930940104,Rutovitz 2015,Rutovitz 2015,,50.0,2024.0,3.0,2024.0,Colombian Technology Catalogue,5.b. Small RoR hydro power,direct,,Linear interpolation,Hydro-small,,Small RoR hydro power,,CAPEX 2050/2030=0.994910686684318,2030,2033,16.8930940104,Linear interpolation between known datapoints
Hydro (small),2033,Construction&Manufacturing,Direct,job-yr/MW,28.5471905112,28.5471905112,Rutovitz 2015,Rutovitz 2015,,50.0,2024.0,3.0,2024.0,Colombian Technology Catalogue,5.b. Small RoR hydro power,direct,,Linear interpolation,Hydro-small,,Small RoR hydro power,,Construction + Manufacturing; full regional manufacturing assumed by Rutovitz 2015 method,2030,2033,28.5471905112,Linear interpolation between known datapoints
Hydro (small),2033,Manufacturing,Direct,job-yr/MW,11.6540965008,11.6540965008,Rutovitz 2015,Rutovitz 2015,,50.0,2024.0,3.0,2024.0,Colombian Technology Catalogue,5.b. Small RoR hydro power,direct,,Linear interpolation,Hydro-small,,Small RoR hydro power,,CAPEX 2050/2030=0.994910686684318,2030,2033,11.6540965008,Linear interpolation between known datapoints
Hydro (small),2033,O&M,Direct,job/MW,5.2382623494,5.2382623494,Rutovitz 2015,Rutovitz 2015,,50.0,2024.0,3.0,2024.0,Colombian Technology Catalogue,5.b. Small RoR hydro power,direct,,Linear interpolation,Hydro-small,,Small RoR hydro power,,OPEX 2050/2030=0.993975903614458,2030,2033,5.2382623494,Linear interpolation between known datapoints
Hydro (small),2034,Construction,Direct,job-yr/MW,16.8887920138,16.8887920138,Rutovitz 2015,Rutovitz 2015,,50.0,2024.0,3.0,2024.0,Colombian Technology Catalogue,5.b. Small RoR hydro power,direct,,Linear interpolation,Hydro-small,,Small RoR hydro power,,CAPEX 2050/2030=0.994910686684318,2030,2034,16.8887920138,Linear interpolation between known datapoints
Hydro (small),2034,Construction&Manufacturing,Direct,job-yr/MW,28.5399206816,28.5399206816,Rutovitz 2015,Rutovitz 2015,,50.0,2024.0,3.0,2024.0,Colombian Technology Catalogue,5.b. Small RoR hydro power,direct,,Linear interpolation,Hydro-small,,Small RoR hydro power,,Construction + Manufacturing; full regional manufacturing assumed by Rutovitz 2015 method,2030,2034,28.5399206816,Linear interpolation between known datapoints
Hydro (small),2034,Manufacturing,Direct,job-yr/MW,11.6511286678,11.6511286678,Rutovitz 2015,Rutovitz 2015,,50.0,2024.0,3.0,2024.0,Colombian Technology Catalogue,5.b. Small RoR hydro power,direct,,Linear interpolation,Hydro-small,,Small RoR hydro power,,CAPEX 2050/2030=0.994910686684318,2030,2034,11.6511286678,Linear interpolation between known datapoints
Hydro (small),2034,O&M,Direct,job/MW,5.23668313253,5.23668313253,Rutovitz 2015,Rutovitz 2015,,50.0,2024.0,3.0,2024.0,Colombian Technology Catalogue,5.b. Small RoR hydro power,direct,,Linear interpolation,Hydro-small,,Small RoR hydro power,,OPEX 2050/2030=0.993975903614458,2030,2034,5.23668313253,Linear interpolation between known datapoints
Hydro (small),2035,Construction,Direct,job-yr/MW,16.8844900173,16.8844900173,Rutovitz 2015,Rutovitz 2015,,50.0,2024.0,3.0,2024.0,Colombian Technology Catalogue,5.b. Small RoR hydro power,direct,,Linear interpolation,Hydro-small,,Small RoR hydro power,,CAPEX 2050/2030=0.994910686684318,2030,2035,16.8844900173,Linear interpolation between known datapoints
Hydro (small),2035,Construction&Manufacturing,Direct,job-yr/MW,28.532650852,28.532650852,Rutovitz 2015,Rutovitz 2015,,50.0,2024.0,3.0,2024.0,Colombian Technology Catalogue,5.b. Small RoR hydro power,direct,,Linear interpolation,Hydro-small,,Small RoR hydro power,,Construction + Manufacturing; full regional manufacturing assumed by Rutovitz 2015 method,2030,2035,28.532650852,Linear interpolation between known datapoints
Hydro (small),2035,Manufacturing,Direct,job-yr/MW,11.6481608347,11.6481608347,Rutovitz 2015,Rutovitz 2015,,50.0,2024.0,3.0,2024.0,Colombian Technology Catalogue,5.b. Small RoR hydro power,direct,,Linear interpolation,Hydro-small,,Small RoR hydro power,,CAPEX 2050/2030=0.994910686684318,2030,2035,11.6481608347,Linear interpolation between known datapoints
Hydro (small),2035,O&M,Direct,job/MW,5.23510391566,5.23510391566,Rutovitz 2015,Rutovitz 2015,,50.0,2024.0,3.0,2024.0,Colombian Technology Catalogue,5.b. Small RoR hydro power,direct,,Linear interpolation,Hydro-small,,Small RoR hydro power,,OPEX 2050/2030=0.993975903614458,2030,2035,5.23510391566,Linear interpolation between known datapoints
Hydro (small),2036,Construction,Direct,job-yr/MW,16.8801880207,16.8801880207,Rutovitz 2015,Rutovitz 2015,,50.0,2024.0,3.0,2024.0,Colombian Technology Catalogue,5.b. Small RoR hydro power,direct,,Linear interpolation,Hydro-small,,Small RoR hydro power,,CAPEX 2050/2030=0.994910686684318,2030,2036,16.8801880207,Linear interpolation between known datapoints
Hydro (small),2036,Construction&Manufacturing,Direct,job-yr/MW,28.5253810224,28.5253810224,Rutovitz 2015,Rutovitz 2015,,50.0,2024.0,3.0,2024.0,Colombian Technology Catalogue,5.b. Small RoR hydro power,direct,,Linear interpolation,Hydro-small,,Small RoR hydro power,,Construction + Manufacturing; full regional manufacturing assumed by Rutovitz 2015 method,2030,2036,28.5253810224,Linear interpolation between known datapoints
Hydro (small),2036,Manufacturing,Direct,job-yr/MW,11.6451930016,11.6451930016,Rutovitz 2015,Rutovitz 2015,,50.0,2024.0,3.0,2024.0,Colombian Technology Catalogue,5.b. Small RoR hydro power,direct,,Linear interpolation,Hydro-small,,Small RoR hydro power,,CAPEX 2050/2030=0.994910686684318,2030,2036,11.6451930016,Linear interpolation between known datapoints
Hydro (small),2036,O&M,Direct,job/MW,5.2335246988,5.2335246988,Rutovitz 2015,Rutovitz 2015,,50.0,2024.0,3.0,2024.0,Colombian Technology Catalogue,5.b. Small RoR hydro power,direct,,Linear interpolation,Hydro-small,,Small RoR hydro power,,OPEX 2050/2030=0.993975903614458,2030,2036,5.2335246988,Linear interpolation between known datapoints
Hydro (small),2037,Construction,Direct,job-yr/MW,16.8758860242,16.8758860242,Rutovitz 2015,Rutovitz 2015,,50.0,2024.0,3.0,2024.0,Colombian Technology Catalogue,5.b. Small RoR hydro power,direct,,Linear interpolation,Hydro-small,,Small RoR hydro power,,CAPEX 2050/2030=0.994910686684318,2030,2037,16.8758860242,Linear interpolation between known datapoints
Hydro (small),2037,Construction&Manufacturing,Direct,job-yr/MW,28.5181111928,28.5181111928,Rutovitz 2015,Rutovitz 2015,,50.0,2024.0,3.0,2024.0,Colombian Technology Catalogue,5.b. Small RoR hydro power,direct,,Linear interpolation,Hydro-small,,Small RoR hydro power,,Construction + Manufacturing; full regional manufacturing assumed by Rutovitz 2015 method,2030,2037,28.5181111928,Linear interpolation between known datapoints
Hydro (small),2037,Manufacturing,Direct,job-yr/MW,11.6422251686,11.6422251686,Rutovitz 2015,Rutovitz 2015,,50.0,2024.0,3.0,2024.0,Colombian Technology Catalogue,5.b. Small RoR hydro power,direct,,Linear interpolation,Hydro-small,,Small RoR hydro power,,CAPEX 2050/2030=0.994910686684318,2030,2037,11.6422251686,Linear interpolation between known datapoints
Hydro (small),2037,O&M,Direct,job/MW,5.23194548193,5.23194548193,Rutovitz 2015,Rutovitz 2015,,50.0,2024.0,3.0,2024.0,Colombian Technology Catalogue,5.b. Small RoR hydro power,direct,,Linear interpolation,Hydro-small,,Small RoR hydro power,,OPEX 2050/2030=0.993975903614458,2030,2037,5.23194548193,Linear interpolation between known datapoints
Hydro (small),2038,Construction,Direct,job-yr/MW,16.8715840276,16.8715840276,Rutovitz 2015,Rutovitz 2015,,50.0,2024.0,3.0,2024.0,Colombian Technology Catalogue,5.b. Small RoR hydro power,direct,,Linear interpolation,Hydro-small,,Small RoR hydro power,,CAPEX 2050/2030=0.994910686684318,2030,2038,16.8715840276,Linear interpolation between known datapoints
Hydro (small),2038,Construction&Manufacturing,Direct,job-yr/MW,28.5108413632,28.5108413632,Rutovitz 2015,Rutovitz 2015,,50.0,2024.0,3.0,2024.0,Colombian Technology Catalogue,5.b. Small RoR hydro power,direct,,Linear interpolation,Hydro-small,,Small RoR hydro power,,Construction + Manufacturing; full regional manufacturing assumed by Rutovitz 2015 method,2030,2038,28.5108413632,Linear interpolation between known datapoints
Hydro (small),2038,Manufacturing,Direct,job-yr/MW,11.6392573355,11.6392573355,Rutovitz 2015,Rutovitz 2015,,50.0,2024.0,3.0,2024.0,Colombian Technology Catalogue,5.b. Small RoR hydro power,direct,,Linear interpolation,Hydro-small,,Small RoR hydro power,,CAPEX 2050/2030=0.994910686684318,2030,2038,11.6392573355,Linear interpolation between known datapoints
Hydro (small),2038,O&M,Direct,job/MW,5.23036626506,5.23036626506,Rutovitz 2015,Rutovitz 2015,,50.0,2024.0,3.0,2024.0,Colombian Technology Catalogue,5.b. Small RoR hydro power,direct,,Linear interpolation,Hydro-small,,Small RoR hydro power,,OPEX 2050/2030=0.993975903614458,2030,2038,5.23036626506,Linear interpolation between known datapoints
Hydro (small),2039,Construction,Direct,job-yr/MW,16.8672820311,16.8672820311,Rutovitz 2015,Rutovitz 2015,,50.0,2024.0,3.0,2024.0,Colombian Technology Catalogue,5.b. Small RoR hydro power,direct,,Linear interpolation,Hydro-small,,Small RoR hydro power,,CAPEX 2050/2030=0.994910686684318,2030,2039,16.8672820311,Linear interpolation between known datapoints
Hydro (small),2039,Construction&Manufacturing,Direct,job-yr/MW,28.5035715335,28.5035715335,Rutovitz 2015,Rutovitz 2015,,50.0,2024.0,3.0,2024.0,Colombian Technology Catalogue,5.b. Small RoR hydro power,direct,,Linear interpolation,Hydro-small,,Small RoR hydro power,,Construction + Manufacturing; full regional manufacturing assumed by Rutovitz 2015 method,2030,2039,28.5035715335,Linear interpolation between known datapoints
Hydro (small),2039,Manufacturing,Direct,job-yr/MW,11.6362895025,11.6362895025,Rutovitz 2015,Rutovitz 2015,,50.0,2024.0,3.0,2024.0,Colombian Technology Catalogue,5.b. Small RoR hydro power,direct,,Linear interpolation,Hydro-small,,Small RoR hydro power,,CAPEX 2050/2030=0.994910686684318,2030,2039,11.6362895025,Linear interpolation between known datapoints
Hydro (small),2039,O&M,Direct,job/MW,5.22878704819,5.22878704819,Rutovitz 2015,Rutovitz 2015,,50.0,2024.0,3.0,2024.0,Colombian Technology Catalogue,5.b. Small RoR hydro power,direct,,Linear interpolation,Hydro-small,,Small RoR hydro power,,OPEX 2050/2030=0.993975903614458,2030,2039,5.22878704819,Linear interpolation between known datapoints
Hydro (small),2040,Construction,Direct,job-yr/MW,16.8629800345,16.8629800345,Rutovitz 2015,Rutovitz 2015,,50.0,2024.0,3.0,2024.0,Colombian Technology Catalogue,5.b. Small RoR hydro power,direct,,Linear interpolation,Hydro-small,,Small RoR hydro power,,CAPEX 2050/2030=0.994910686684318,2030,2040,16.8629800345,Linear interpolation between known datapoints
Hydro (small),2040,Construction&Manufacturing,Direct,job-yr/MW,28.4963017039,28.4963017039,Rutovitz 2015,Rutovitz 2015,,50.0,2024.0,3.0,2024.0,Colombian Technology Catalogue,5.b. Small RoR hydro power,direct,,Linear interpolation,Hydro-small,,Small RoR hydro power,,Construction + Manufacturing; full regional manufacturing assumed by Rutovitz 2015 method,2030,2040,28.4963017039,Linear interpolation between known datapoints
Hydro (small),2040,Manufacturing,Direct,job-yr/MW,11.6333216694,11.6333216694,Rutovitz 2015,Rutovitz 2015,,50.0,2024.0,3.0,2024.0,Colombian Technology Catalogue,5.b. Small RoR hydro power,direct,,Linear interpolation,Hydro-small,,Small RoR hydro power,,CAPEX 2050/2030=0.994910686684318,2030,2040,11.6333216694,Linear interpolation between known datapoints
Hydro (small),2040,O&M,Direct,job/MW,5.22720783133,5.22720783133,Rutovitz 2015,Rutovitz 2015,,50.0,2024.0,3.0,2024.0,Colombian Technology Catalogue,5.b. Small RoR hydro power,direct,,Linear interpolation,Hydro-small,,Small RoR hydro power,,OPEX 2050/2030=0.993975903614458,2030,2040,5.22720783133,Linear interpolation between known datapoints
Hydro (small),2041,Construction,Direct,job-yr/MW,16.858678038,16.858678038,Rutovitz 2015,Rutovitz 2015,,50.0,2024.0,3.0,2024.0,Colombian Technology Catalogue,5.b. Small RoR hydro power,direct,,Linear interpolation,Hydro-small,,Small RoR hydro power,,CAPEX 2050/2030=0.994910686684318,2030,2041,16.858678038,Linear interpolation between known datapoints
Hydro (small),2041,Construction&Manufacturing,Direct,job-yr/MW,28.4890318743,28.4890318743,Rutovitz 2015,Rutovitz 2015,,50.0,2024.0,3.0,2024.0,Colombian Technology Catalogue,5.b. Small RoR hydro power,direct,,Linear interpolation,Hydro-small,,Small RoR hydro power,,Construction + Manufacturing; full regional manufacturing assumed by Rutovitz 2015 method,2030,2041,28.4890318743,Linear interpolation between known datapoints
Hydro (small),2041,Manufacturing,Direct,job-yr/MW,11.6303538363,11.6303538363,Rutovitz 2015,Rutovitz 2015,,50.0,2024.0,3.0,2024.0,Colombian Technology Catalogue,5.b. Small RoR hydro power,direct,,Linear interpolation,Hydro-small,,Small RoR hydro power,,CAPEX 2050/2030=0.994910686684318,2030,2041,11.6303538363,Linear interpolation between known datapoints
Hydro (small),2041,O&M,Direct,job/MW,5.22562861446,5.22562861446,Rutovitz 2015,Rutovitz 2015,,50.0,2024.0,3.0,2024.0,Colombian Technology Catalogue,5.b. Small RoR hydro power,direct,,Linear interpolation,Hydro-small,,Small RoR hydro power,,OPEX 2050/2030=0.993975903614458,2030,2041,5.22562861446,Linear interpolation between known datapoints
Hydro (small),2042,Construction,Direct,job-yr/MW,16.8543760415,16.8543760415,Rutovitz 2015,Rutovitz 2015,,50.0,2024.0,3.0,2024.0,Colombian Technology Catalogue,5.b. Small RoR hydro power,direct,,Linear interpolation,Hydro-small,,Small RoR hydro power,,CAPEX 2050/2030=0.994910686684318,2030,2042,16.8543760415,Linear interpolation between known datapoints
Hydro (small),2042,Construction&Manufacturing,Direct,job-yr/MW,28.4817620447,28.4817620447,Rutovitz 2015,Rutovitz 2015,,50.0,2024.0,3.0,2024.0,Colombian Technology Catalogue,5.b. Small RoR hydro power,direct,,Linear interpolation,Hydro-small,,Small RoR hydro power,,Construction + Manufacturing; full regional manufacturing assumed by Rutovitz 2015 method,2030,2042,28.4817620447,Linear interpolation between known datapoints
Hydro (small),2042,Manufacturing,Direct,job-yr/MW,11.6273860033,11.6273860033,Rutovitz 2015,Rutovitz 2015,,50.0,2024.0,3.0,2024.0,Colombian Technology Catalogue,5.b. Small RoR hydro power,direct,,Linear interpolation,Hydro-small,,Small RoR hydro power,,CAPEX 2050/2030=0.994910686684318,2030,2042,11.6273860033,Linear interpolation between known datapoints
Hydro (small),2042,O&M,Direct,job/MW,5.22404939759,5.22404939759,Rutovitz 2015,Rutovitz 2015,,50.0,2024.0,3.0,2024.0,Colombian Technology Catalogue,5.b. Small RoR hydro power,direct,,Linear interpolation,Hydro-small,,Small RoR hydro power,,OPEX 2050/2030=0.993975903614458,2030,2042,5.22404939759,Linear interpolation between known datapoints
Hydro (small),2043,Construction,Direct,job-yr/MW,16.8500740449,16.8500740449,Rutovitz 2015,Rutovitz 2015,,50.0,2024.0,3.0,2024.0,Colombian Technology Catalogue,5.b. Small RoR hydro power,direct,,Linear interpolation,Hydro-small,,Small RoR hydro power,,CAPEX 2050/2030=0.994910686684318,2030,2043,16.8500740449,Linear interpolation between known datapoints
Hydro (small),2043,Construction&Manufacturing,Direct,job-yr/MW,28.4744922151,28.4744922151,Rutovitz 2015,Rutovitz 2015,,50.0,2024.0,3.0,2024.0,Colombian Technology Catalogue,5.b. Small RoR hydro power,direct,,Linear interpolation,Hydro-small,,Small RoR hydro power,,Construction + Manufacturing; full regional manufacturing assumed by Rutovitz 2015 method,2030,2043,28.4744922151,Linear interpolation between known datapoints
Hydro (small),2043,Manufacturing,Direct,job-yr/MW,11.6244181702,11.6244181702,Rutovitz 2015,Rutovitz 2015,,50.0,2024.0,3.0,2024.0,Colombian Technology Catalogue,5.b. Small RoR hydro power,direct,,Linear interpolation,Hydro-small,,Small RoR hydro power,,CAPEX 2050/2030=0.994910686684318,2030,2043,11.6244181702,Linear interpolation between known datapoints
Hydro (small),2043,O&M,Direct,job/MW,5.22247018072,5.22247018072,Rutovitz 2015,Rutovitz 2015,,50.0,2024.0,3.0,2024.0,Colombian Technology Catalogue,5.b. Small RoR hydro power,direct,,Linear interpolation,Hydro-small,,Small RoR hydro power,,OPEX 2050/2030=0.993975903614458,2030,2043,5.22247018072,Linear interpolation between known datapoints
Hydro (small),2044,Construction,Direct,job-yr/MW,16.8457720484,16.8457720484,Rutovitz 2015,Rutovitz 2015,,50.0,2024.0,3.0,2024.0,Colombian Technology Catalogue,5.b. Small RoR hydro power,direct,,Linear interpolation,Hydro-small,,Small RoR hydro power,,CAPEX 2050/2030=0.994910686684318,2030,2044,16.8457720484,Linear interpolation between known datapoints
Hydro (small),2044,Construction&Manufacturing,Direct,job-yr/MW,28.4672223855,28.4672223855,Rutovitz 2015,Rutovitz 2015,,50.0,2024.0,3.0,2024.0,Colombian Technology Catalogue,5.b. Small RoR hydro power,direct,,Linear interpolation,Hydro-small,,Small RoR hydro power,,Construction + Manufacturing; full regional manufacturing assumed by Rutovitz 2015 method,2030,2044,28.4672223855,Linear interpolation between known datapoints
Hydro (small),2044,Manufacturing,Direct,job-yr/MW,11.6214503372,11.6214503372,Rutovitz 2015,Rutovitz 2015,,50.0,2024.0,3.0,2024.0,Colombian Technology Catalogue,5.b. Small RoR hydro power,direct,,Linear interpolation,Hydro-small,,Small RoR hydro power,,CAPEX 2050/2030=0.994910686684318,2030,2044,11.6214503372,Linear interpolation between known datapoints
Hydro (small),2044,O&M,Direct,job/MW,5.22089096386,5.22089096386,Rutovitz 2015,Rutovitz 2015,,50.0,2024.0,3.0,2024.0,Colombian Technology Catalogue,5.b. Small RoR hydro power,direct,,Linear interpolation,Hydro-small,,Small RoR hydro power,,OPEX 2050/2030=0.993975903614458,2030,2044,5.22089096386,Linear interpolation between known datapoints
Hydro (small),2045,Construction,Direct,job-yr/MW,16.8414700518,16.8414700518,Rutovitz 2015,Rutovitz 2015,,50.0,2024.0,3.0,2024.0,Colombian Technology Catalogue,5.b. Small RoR hydro power,direct,,Linear interpolation,Hydro-small,,Small RoR hydro power,,CAPEX 2050/2030=0.994910686684318,2030,2045,16.8414700518,Linear interpolation between known datapoints
Hydro (small),2045,Construction&Manufacturing,Direct,job-yr/MW,28.4599525559,28.4599525559,Rutovitz 2015,Rutovitz 2015,,50.0,2024.0,3.0,2024.0,Colombian Technology Catalogue,5.b. Small RoR hydro power,direct,,Linear interpolation,Hydro-small,,Small RoR hydro power,,Construction + Manufacturing; full regional manufacturing assumed by Rutovitz 2015 method,2030,2045,28.4599525559,Linear interpolation between known datapoints
Hydro (small),2045,Manufacturing,Direct,job-yr/MW,11.6184825041,11.6184825041,Rutovitz 2015,Rutovitz 2015,,50.0,2024.0,3.0,2024.0,Colombian Technology Catalogue,5.b. Small RoR hydro power,direct,,Linear interpolation,Hydro-small,,Small RoR hydro power,,CAPEX 2050/2030=0.994910686684318,2030,2045,11.6184825041,Linear interpolation between known datapoints
Hydro (small),2045,O&M,Direct,job/MW,5.21931174699,5.21931174699,Rutovitz 2015,Rutovitz 2015,,50.0,2024.0,3.0,2024.0,Colombian Technology Catalogue,5.b. Small RoR hydro power,direct,,Linear interpolation,Hydro-small,,Small RoR hydro power,,OPEX 2050/2030=0.993975903614458,2030,2045,5.21931174699,Linear interpolation between known datapoints
Hydro (small),2046,Construction,Direct,job-yr/MW,16.8371680553,16.8371680553,Rutovitz 2015,Rutovitz 2015,,50.0,2024.0,3.0,2024.0,Colombian Technology Catalogue,5.b. Small RoR hydro power,direct,,Linear interpolation,Hydro-small,,Small RoR hydro power,,CAPEX 2050/2030=0.994910686684318,2030,2046,16.8371680553,Linear interpolation between known datapoints
Hydro (small),2046,Construction&Manufacturing,Direct,job-yr/MW,28.4526827263,28.4526827263,Rutovitz 2015,Rutovitz 2015,,50.0,2024.0,3.0,2024.0,Colombian Technology Catalogue,5.b. Small RoR hydro power,direct,,Linear interpolation,Hydro-small,,Small RoR hydro power,,Construction + Manufacturing; full regional manufacturing assumed by Rutovitz 2015 method,2030,2046,28.4526827263,Linear interpolation between known datapoints
Hydro (small),2046,Manufacturing,Direct,job-yr/MW,11.615514671,11.615514671,Rutovitz 2015,Rutovitz 2015,,50.0,2024.0,3.0,2024.0,Colombian Technology Catalogue,5.b. Small RoR hydro power,direct,,Linear interpolation,Hydro-small,,Small RoR hydro power,,CAPEX 2050/2030=0.994910686684318,2030,2046,11.615514671,Linear interpolation between known datapoints
Hydro (small),2046,O&M,Direct,job/MW,5.21773253012,5.21773253012,Rutovitz 2015,Rutovitz 2015,,50.0,2024.0,3.0,2024.0,Colombian Technology Catalogue,5.b. Small RoR hydro power,direct,,Linear interpolation,Hydro-small,,Small RoR hydro power,,OPEX 2050/2030=0.993975903614458,2030,2046,5.21773253012,Linear interpolation between known datapoints
Hydro (small),2047,Construction,Direct,job-yr/MW,16.8328660587,16.8328660587,Rutovitz 2015,Rutovitz 2015,,50.0,2024.0,3.0,2024.0,Colombian Technology Catalogue,5.b. Small RoR hydro power,direct,,Linear interpolation,Hydro-small,,Small RoR hydro power,,CAPEX 2050/2030=0.994910686684318,2030,2047,16.8328660587,Linear interpolation between known datapoints
Hydro (small),2047,Construction&Manufacturing,Direct,job-yr/MW,28.4454128967,28.4454128967,Rutovitz 2015,Rutovitz 2015,,50.0,2024.0,3.0,2024.0,Colombian Technology Catalogue,5.b. Small RoR hydro power,direct,,Linear interpolation,Hydro-small,,Small RoR hydro power,,Construction + Manufacturing; full regional manufacturing assumed by Rutovitz 2015 method,2030,2047,28.4454128967,Linear interpolation between known datapoints
Hydro (small),2047,Manufacturing,Direct,job-yr/MW,11.612546838,11.612546838,Rutovitz 2015,Rutovitz 2015,,50.0,2024.0,3.0,2024.0,Colombian Technology Catalogue,5.b. Small RoR hydro power,direct,,Linear interpolation,Hydro-small,,Small RoR hydro power,,CAPEX 2050/2030=0.994910686684318,2030,2047,11.612546838,Linear interpolation between known datapoints
Hydro (small),2047,O&M,Direct,job/MW,5.21615331325,5.21615331325,Rutovitz 2015,Rutovitz 2015,,50.0,2024.0,3.0,2024.0,Colombian Technology Catalogue,5.b. Small RoR hydro power,direct,,Linear interpolation,Hydro-small,,Small RoR hydro power,,OPEX 2050/2030=0.993975903614458,2030,2047,5.21615331325,Linear interpolation between known datapoints
Hydro (small),2048,Construction,Direct,job-yr/MW,16.8285640622,16.8285640622,Rutovitz 2015,Rutovitz 2015,,50.0,2024.0,3.0,2024.0,Colombian Technology Catalogue,5.b. Small RoR hydro power,direct,,Linear interpolation,Hydro-small,,Small RoR hydro power,,CAPEX 2050/2030=0.994910686684318,2030,2048,16.8285640622,Linear interpolation between known datapoints
Hydro (small),2048,Construction&Manufacturing,Direct,job-yr/MW,28.4381430671,28.4381430671,Rutovitz 2015,Rutovitz 2015,,50.0,2024.0,3.0,2024.0,Colombian Technology Catalogue,5.b. Small RoR hydro power,direct,,Linear interpolation,Hydro-small,,Small RoR hydro power,,Construction + Manufacturing; full regional manufacturing assumed by Rutovitz 2015 method,2030,2048,28.4381430671,Linear interpolation between known datapoints
Hydro (small),2048,Manufacturing,Direct,job-yr/MW,11.6095790049,11.6095790049,Rutovitz 2015,Rutovitz 2015,,50.0,2024.0,3.0,2024.0,Colombian Technology Catalogue,5.b. Small RoR hydro power,direct,,Linear interpolation,Hydro-small,,Small RoR hydro power,,CAPEX 2050/2030=0.994910686684318,2030,2048,11.6095790049,Linear interpolation between known datapoints
Hydro (small),2048,O&M,Direct,job/MW,5.21457409639,5.21457409639,Rutovitz 2015,Rutovitz 2015,,50.0,2024.0,3.0,2024.0,Colombian Technology Catalogue,5.b. Small RoR hydro power,direct,,Linear interpolation,Hydro-small,,Small RoR hydro power,,OPEX 2050/2030=0.993975903614458,2030,2048,5.21457409639,Linear interpolation between known datapoints
Hydro (small),2049,Construction,Direct,job-yr/MW,16.8242620656,16.8242620656,Rutovitz 2015,Rutovitz 2015,,50.0,2024.0,3.0,2024.0,Colombian Technology Catalogue,5.b. Small RoR hydro power,direct,,Linear interpolation,Hydro-small,,Small RoR hydro power,,CAPEX 2050/2030=0.994910686684318,2030,2049,16.8242620656,Linear interpolation between known datapoints
Hydro (small),2049,Construction&Manufacturing,Direct,job-yr/MW,28.4308732375,28.4308732375,Rutovitz 2015,Rutovitz 2015,,50.0,2024.0,3.0,2024.0,Colombian Technology Catalogue,5.b. Small RoR hydro power,direct,,Linear interpolation,Hydro-small,,Small RoR hydro power,,Construction + Manufacturing; full regional manufacturing assumed by Rutovitz 2015 method,2030,2049,28.4308732375,Linear interpolation between known datapoints
Hydro (small),2049,Manufacturing,Direct,job-yr/MW,11.6066111719,11.6066111719,Rutovitz 2015,Rutovitz 2015,,50.0,2024.0,3.0,2024.0,Colombian Technology Catalogue,5.b. Small RoR hydro power,direct,,Linear interpolation,Hydro-small,,Small RoR hydro power,,CAPEX 2050/2030=0.994910686684318,2030,2049,11.6066111719,Linear interpolation between known datapoints
Hydro (small),2049,O&M,Direct,job/MW,5.21299487952,5.21299487952,Rutovitz 2015,Rutovitz 2015,,50.0,2024.0,3.0,2024.0,Colombian Technology Catalogue,5.b. Small RoR hydro power,direct,,Linear interpolation,Hydro-small,,Small RoR hydro power,,OPEX 2050/2030=0.993975903614458,2030,2049,5.21299487952,Linear interpolation between known datapoints
Hydro (small),2050,Construction,Direct,job-yr/MW,16.8199600691,16.8199600691,Rutovitz 2015,Rutovitz 2015,,50.0,2024.0,3.0,2024.0,Colombian Technology Catalogue,5.b. Small RoR hydro power,direct,,CAPEX/OPEX ratio projection,Hydro-small,,Small RoR hydro power,,CAPEX 2050/2030=0.994910686684318,2030,2050,16.8199600691,Known datapoint
Hydro (small),2050,Construction&Manufacturing,Direct,job-yr/MW,28.4236034079,28.4236034079,Rutovitz 2015,Rutovitz 2015,,50.0,2024.0,3.0,2024.0,Colombian Technology Catalogue,5.b. Small RoR hydro power,direct,,Derived Construction&Manufacturing,Hydro-small,,Small RoR hydro power,,Construction + Manufacturing; full regional manufacturing assumed by Rutovitz 2015 method,2030,2050,28.4236034079,Known datapoint
Hydro (small),2050,Manufacturing,Direct,job-yr/MW,11.6036433388,11.6036433388,Rutovitz 2015,Rutovitz 2015,,50.0,2024.0,3.0,2024.0,Colombian Technology Catalogue,5.b. Small RoR hydro power,direct,,CAPEX/OPEX ratio projection,Hydro-small,,Small RoR hydro power,,CAPEX 2050/2030=0.994910686684318,2030,2050,11.6036433388,Known datapoint
Hydro (small),2050,O&M,Direct,job/MW,5.21141566265,5.21141566265,Rutovitz 2015,Rutovitz 2015,,50.0,2024.0,3.0,2024.0,Colombian Technology Catalogue,5.b. Small RoR hydro power,direct,,CAPEX/OPEX ratio projection,Hydro-small,,Small RoR hydro power,,OPEX 2050/2030=0.993975903614458,2030,2050,5.21141566265,Known datapoint
Hydro (small),2051,Construction,Direct,job-yr/MW,16.8199600691,16.8199600691,Rutovitz 2015,Rutovitz 2015,,50.0,2024.0,3.0,2024.0,Colombian Technology Catalogue,5.b. Small RoR hydro power,direct,,Linear interpolation,Hydro-small,,Small RoR hydro power,,CAPEX 2050/2030=0.994910686684318,2030,2051,16.8199600691,Linear interpolation to 2050; held constant after 2050
Hydro (small),2051,Construction&Manufacturing,Direct,job-yr/MW,28.4236034079,28.4236034079,Rutovitz 2015,Rutovitz 2015,,50.0,2024.0,3.0,2024.0,Colombian Technology Catalogue,5.b. Small RoR hydro power,direct,,Linear interpolation,Hydro-small,,Small RoR hydro power,,Construction + Manufacturing; full regional manufacturing assumed by Rutovitz 2015 method,2030,2051,28.4236034079,Linear interpolation to 2050; held constant after 2050
Hydro (small),2051,Manufacturing,Direct,job-yr/MW,11.6036433388,11.6036433388,Rutovitz 2015,Rutovitz 2015,,50.0,2024.0,3.0,2024.0,Colombian Technology Catalogue,5.b. Small RoR hydro power,direct,,Linear interpolation,Hydro-small,,Small RoR hydro power,,CAPEX 2050/2030=0.994910686684318,2030,2051,11.6036433388,Linear interpolation to 2050; held constant after 2050
Hydro (small),2051,O&M,Direct,job/MW,5.21141566265,5.21141566265,Rutovitz 2015,Rutovitz 2015,,50.0,2024.0,3.0,2024.0,Colombian Technology Catalogue,5.b. Small RoR hydro power,direct,,Linear interpolation,Hydro-small,,Small RoR hydro power,,OPEX 2050/2030=0.993975903614458,2030,2051,5.21141566265,Linear interpolation to 2050; held constant after 2050
Hydro (small),2052,Construction,Direct,job-yr/MW,16.8199600691,16.8199600691,Rutovitz 2015,Rutovitz 2015,,50.0,2024.0,3.0,2024.0,Colombian Technology Catalogue,5.b. Small RoR hydro power,direct,,Linear interpolation,Hydro-small,,Small RoR hydro power,,CAPEX 2050/2030=0.994910686684318,2030,2052,16.8199600691,Linear interpolation to 2050; held constant after 2050
Hydro (small),2052,Construction&Manufacturing,Direct,job-yr/MW,28.4236034079,28.4236034079,Rutovitz 2015,Rutovitz 2015,,50.0,2024.0,3.0,2024.0,Colombian Technology Catalogue,5.b. Small RoR hydro power,direct,,Linear interpolation,Hydro-small,,Small RoR hydro power,,Construction + Manufacturing; full regional manufacturing assumed by Rutovitz 2015 method,2030,2052,28.4236034079,Linear interpolation to 2050; held constant after 2050
Hydro (small),2052,Manufacturing,Direct,job-yr/MW,11.6036433388,11.6036433388,Rutovitz 2015,Rutovitz 2015,,50.0,2024.0,3.0,2024.0,Colombian Technology Catalogue,5.b. Small RoR hydro power,direct,,Linear interpolation,Hydro-small,,Small RoR hydro power,,CAPEX 2050/2030=0.994910686684318,2030,2052,11.6036433388,Linear interpolation to 2050; held constant after 2050
Hydro (small),2052,O&M,Direct,job/MW,5.21141566265,5.21141566265,Rutovitz 2015,Rutovitz 2015,,50.0,2024.0,3.0,2024.0,Colombian Technology Catalogue,5.b. Small RoR hydro power,direct,,Linear interpolation,Hydro-small,,Small RoR hydro power,,OPEX 2050/2030=0.993975903614458,2030,2052,5.21141566265,Linear interpolation to 2050; held constant after 2050
Hydro (small),2053,Construction,Direct,job-yr/MW,16.8199600691,16.8199600691,Rutovitz 2015,Rutovitz 2015,,50.0,2024.0,3.0,2024.0,Colombian Technology Catalogue,5.b. Small RoR hydro power,direct,,Linear interpolation,Hydro-small,,Small RoR hydro power,,CAPEX 2050/2030=0.994910686684318,2030,2053,16.8199600691,Linear interpolation to 2050; held constant after 2050
Hydro (small),2053,Construction&Manufacturing,Direct,job-yr/MW,28.4236034079,28.4236034079,Rutovitz 2015,Rutovitz 2015,,50.0,2024.0,3.0,2024.0,Colombian Technology Catalogue,5.b. Small RoR hydro power,direct,,Linear interpolation,Hydro-small,,Small RoR hydro power,,Construction + Manufacturing; full regional manufacturing assumed by Rutovitz 2015 method,2030,2053,28.4236034079,Linear interpolation to 2050; held constant after 2050
Hydro (small),2053,Manufacturing,Direct,job-yr/MW,11.6036433388,11.6036433388,Rutovitz 2015,Rutovitz 2015,,50.0,2024.0,3.0,2024.0,Colombian Technology Catalogue,5.b. Small RoR hydro power,direct,,Linear interpolation,Hydro-small,,Small RoR hydro power,,CAPEX 2050/2030=0.994910686684318,2030,2053,11.6036433388,Linear interpolation to 2050; held constant after 2050
Hydro (small),2053,O&M,Direct,job/MW,5.21141566265,5.21141566265,Rutovitz 2015,Rutovitz 2015,,50.0,2024.0,3.0,2024.0,Colombian Technology Catalogue,5.b. Small RoR hydro power,direct,,Linear interpolation,Hydro-small,,Small RoR hydro power,,OPEX 2050/2030=0.993975903614458,2030,2053,5.21141566265,Linear interpolation to 2050; held constant after 2050
Hydro (small),2054,Construction,Direct,job-yr/MW,16.8199600691,16.8199600691,Rutovitz 2015,Rutovitz 2015,,50.0,2024.0,3.0,2024.0,Colombian Technology Catalogue,5.b. Small RoR hydro power,direct,,Linear interpolation,Hydro-small,,Small RoR hydro power,,CAPEX 2050/2030=0.994910686684318,2030,2054,16.8199600691,Linear interpolation to 2050; held constant after 2050
Hydro (small),2054,Construction&Manufacturing,Direct,job-yr/MW,28.4236034079,28.4236034079,Rutovitz 2015,Rutovitz 2015,,50.0,2024.0,3.0,2024.0,Colombian Technology Catalogue,5.b. Small RoR hydro power,direct,,Linear interpolation,Hydro-small,,Small RoR hydro power,,Construction + Manufacturing; full regional manufacturing assumed by Rutovitz 2015 method,2030,2054,28.4236034079,Linear interpolation to 2050; held constant after 2050
Hydro (small),2054,Manufacturing,Direct,job-yr/MW,11.6036433388,11.6036433388,Rutovitz 2015,Rutovitz 2015,,50.0,2024.0,3.0,2024.0,Colombian Technology Catalogue,5.b. Small RoR hydro power,direct,,Linear interpolation,Hydro-small,,Small RoR hydro power,,CAPEX 2050/2030=0.994910686684318,2030,2054,11.6036433388,Linear interpolation to 2050; held constant after 2050
Hydro (small),2054,O&M,Direct,job/MW,5.21141566265,5.21141566265,Rutovitz 2015,Rutovitz 2015,,50.0,2024.0,3.0,2024.0,Colombian Technology Catalogue,5.b. Small RoR hydro power,direct,,Linear interpolation,Hydro-small,,Small RoR hydro power,,OPEX 2050/2030=0.993975903614458,2030,2054,5.21141566265,Linear interpolation to 2050; held constant after 2050
Hydro (small),2055,Construction,Direct,job-yr/MW,16.8199600691,16.8199600691,Rutovitz 2015,Rutovitz 2015,,50.0,2024.0,3.0,2024.0,Colombian Technology Catalogue,5.b. Small RoR hydro power,direct,,Linear interpolation,Hydro-small,,Small RoR hydro power,,CAPEX 2050/2030=0.994910686684318,2030,2055,16.8199600691,Linear interpolation to 2050; held constant after 2050
Hydro (small),2055,Construction&Manufacturing,Direct,job-yr/MW,28.4236034079,28.4236034079,Rutovitz 2015,Rutovitz 2015,,50.0,2024.0,3.0,2024.0,Colombian Technology Catalogue,5.b. Small RoR hydro power,direct,,Linear interpolation,Hydro-small,,Small RoR hydro power,,Construction + Manufacturing; full regional manufacturing assumed by Rutovitz 2015 method,2030,2055,28.4236034079,Linear interpolation to 2050; held constant after 2050
Hydro (small),2055,Manufacturing,Direct,job-yr/MW,11.6036433388,11.6036433388,Rutovitz 2015,Rutovitz 2015,,50.0,2024.0,3.0,2024.0,Colombian Technology Catalogue,5.b. Small RoR hydro power,direct,,Linear interpolation,Hydro-small,,Small RoR hydro power,,CAPEX 2050/2030=0.994910686684318,2030,2055,11.6036433388,Linear interpolation to 2050; held constant after 2050
Hydro (small),2055,O&M,Direct,job/MW,5.21141566265,5.21141566265,Rutovitz 2015,Rutovitz 2015,,50.0,2024.0,3.0,2024.0,Colombian Technology Catalogue,5.b. Small RoR hydro power,direct,,Linear interpolation,Hydro-small,,Small RoR hydro power,,OPEX 2050/2030=0.993975903614458,2030,2055,5.21141566265,Linear interpolation to 2050; held constant after 2050
Nuclear,2024,Construction,Direct,job-yr/MW,19.6,19.6,Rutovitz 2015,Rutovitz 2015,,60.0,2024.0,7.4,2024.0,Colombian Technology Catalogue,13.a. Nuclear PWR,direct,,Linear interpolation,Nuclear,,Nuclear PWR,,CAPEX 2050/2030=0.860759493670886,2030,2024,19.6,Linear interpolation between known datapoints
Nuclear,2024,Construction&Manufacturing,Direct,job-yr/MW,20.9,20.9,Rutovitz 2015,Rutovitz 2015,,60.0,2024.0,7.4,2024.0,Colombian Technology Catalogue,13.a. Nuclear PWR,direct,,Linear interpolation,Nuclear,,Nuclear PWR,,Construction + Manufacturing; full regional manufacturing assumed by Rutovitz 2015 method,2030,2024,20.9,Linear interpolation between known datapoints
Nuclear,2024,Manufacturing,Direct,job-yr/MW,1.3,1.3,Rutovitz 2015,Rutovitz 2015,,60.0,2024.0,7.4,2024.0,Colombian Technology Catalogue,13.a. Nuclear PWR,direct,,Linear interpolation,Nuclear,,Nuclear PWR,,CAPEX 2050/2030=0.860759493670886,2030,2024,1.3,Linear interpolation between known datapoints
Nuclear,2024,O&M,Direct,job/MW,1.15,1.15,Rutovitz 2015,Rutovitz 2015,,60.0,2024.0,7.4,2024.0,Colombian Technology Catalogue,13.a. Nuclear PWR,direct,,Linear interpolation,Nuclear,,Nuclear PWR,,OPEX 2050/2030=0.9416666666666668,2030,2024,1.15,Linear interpolation between known datapoints
Nuclear,2025,Construction,Direct,job-yr/MW,19.6,19.6,Rutovitz 2015,Rutovitz 2015,,60.0,2024.0,7.4,2024.0,Colombian Technology Catalogue,13.a. Nuclear PWR,direct,,Linear interpolation,Nuclear,,Nuclear PWR,,CAPEX 2050/2030=0.860759493670886,2030,2025,19.6,Linear interpolation between known datapoints
Nuclear,2025,Construction&Manufacturing,Direct,job-yr/MW,20.9,20.9,Rutovitz 2015,Rutovitz 2015,,60.0,2024.0,7.4,2024.0,Colombian Technology Catalogue,13.a. Nuclear PWR,direct,,Linear interpolation,Nuclear,,Nuclear PWR,,Construction + Manufacturing; full regional manufacturing assumed by Rutovitz 2015 method,2030,2025,20.9,Linear interpolation between known datapoints
Nuclear,2025,Manufacturing,Direct,job-yr/MW,1.3,1.3,Rutovitz 2015,Rutovitz 2015,,60.0,2024.0,7.4,2024.0,Colombian Technology Catalogue,13.a. Nuclear PWR,direct,,Linear interpolation,Nuclear,,Nuclear PWR,,CAPEX 2050/2030=0.860759493670886,2030,2025,1.3,Linear interpolation between known datapoints
Nuclear,2025,O&M,Direct,job/MW,1.15,1.15,Rutovitz 2015,Rutovitz 2015,,60.0,2024.0,7.4,2024.0,Colombian Technology Catalogue,13.a. Nuclear PWR,direct,,Linear interpolation,Nuclear,,Nuclear PWR,,OPEX 2050/2030=0.9416666666666668,2030,2025,1.15,Linear interpolation between known datapoints
Nuclear,2026,Construction,Direct,job-yr/MW,19.6,19.6,Rutovitz 2015,Rutovitz 2015,,60.0,2024.0,7.4,2024.0,Colombian Technology Catalogue,13.a. Nuclear PWR,direct,,Linear interpolation,Nuclear,,Nuclear PWR,,CAPEX 2050/2030=0.860759493670886,2030,2026,19.6,Linear interpolation between known datapoints
Nuclear,2026,Construction&Manufacturing,Direct,job-yr/MW,20.9,20.9,Rutovitz 2015,Rutovitz 2015,,60.0,2024.0,7.4,2024.0,Colombian Technology Catalogue,13.a. Nuclear PWR,direct,,Linear interpolation,Nuclear,,Nuclear PWR,,Construction + Manufacturing; full regional manufacturing assumed by Rutovitz 2015 method,2030,2026,20.9,Linear interpolation between known datapoints
Nuclear,2026,Manufacturing,Direct,job-yr/MW,1.3,1.3,Rutovitz 2015,Rutovitz 2015,,60.0,2024.0,7.4,2024.0,Colombian Technology Catalogue,13.a. Nuclear PWR,direct,,Linear interpolation,Nuclear,,Nuclear PWR,,CAPEX 2050/2030=0.860759493670886,2030,2026,1.3,Linear interpolation between known datapoints
Nuclear,2026,O&M,Direct,job/MW,1.15,1.15,Rutovitz 2015,Rutovitz 2015,,60.0,2024.0,7.4,2024.0,Colombian Technology Catalogue,13.a. Nuclear PWR,direct,,Linear interpolation,Nuclear,,Nuclear PWR,,OPEX 2050/2030=0.9416666666666668,2030,2026,1.15,Linear interpolation between known datapoints
Nuclear,2027,Construction,Direct,job-yr/MW,19.6,19.6,Rutovitz 2015,Rutovitz 2015,,60.0,2024.0,7.4,2024.0,Colombian Technology Catalogue,13.a. Nuclear PWR,direct,,Linear interpolation,Nuclear,,Nuclear PWR,,CAPEX 2050/2030=0.860759493670886,2030,2027,19.6,Linear interpolation between known datapoints
Nuclear,2027,Construction&Manufacturing,Direct,job-yr/MW,20.9,20.9,Rutovitz 2015,Rutovitz 2015,,60.0,2024.0,7.4,2024.0,Colombian Technology Catalogue,13.a. Nuclear PWR,direct,,Linear interpolation,Nuclear,,Nuclear PWR,,Construction + Manufacturing; full regional manufacturing assumed by Rutovitz 2015 method,2030,2027,20.9,Linear interpolation between known datapoints
Nuclear,2027,Manufacturing,Direct,job-yr/MW,1.3,1.3,Rutovitz 2015,Rutovitz 2015,,60.0,2024.0,7.4,2024.0,Colombian Technology Catalogue,13.a. Nuclear PWR,direct,,Linear interpolation,Nuclear,,Nuclear PWR,,CAPEX 2050/2030=0.860759493670886,2030,2027,1.3,Linear interpolation between known datapoints
Nuclear,2027,O&M,Direct,job/MW,1.15,1.15,Rutovitz 2015,Rutovitz 2015,,60.0,2024.0,7.4,2024.0,Colombian Technology Catalogue,13.a. Nuclear PWR,direct,,Linear interpolation,Nuclear,,Nuclear PWR,,OPEX 2050/2030=0.9416666666666668,2030,2027,1.15,Linear interpolation between known datapoints
Nuclear,2028,Construction,Direct,job-yr/MW,19.6,19.6,Rutovitz 2015,Rutovitz 2015,,60.0,2024.0,7.4,2024.0,Colombian Technology Catalogue,13.a. Nuclear PWR,direct,,Linear interpolation,Nuclear,,Nuclear PWR,,CAPEX 2050/2030=0.860759493670886,2030,2028,19.6,Linear interpolation between known datapoints
Nuclear,2028,Construction&Manufacturing,Direct,job-yr/MW,20.9,20.9,Rutovitz 2015,Rutovitz 2015,,60.0,2024.0,7.4,2024.0,Colombian Technology Catalogue,13.a. Nuclear PWR,direct,,Linear interpolation,Nuclear,,Nuclear PWR,,Construction + Manufacturing; full regional manufacturing assumed by Rutovitz 2015 method,2030,2028,20.9,Linear interpolation between known datapoints
Nuclear,2028,Manufacturing,Direct,job-yr/MW,1.3,1.3,Rutovitz 2015,Rutovitz 2015,,60.0,2024.0,7.4,2024.0,Colombian Technology Catalogue,13.a. Nuclear PWR,direct,,Linear interpolation,Nuclear,,Nuclear PWR,,CAPEX 2050/2030=0.860759493670886,2030,2028,1.3,Linear interpolation between known datapoints
Nuclear,2028,O&M,Direct,job/MW,1.15,1.15,Rutovitz 2015,Rutovitz 2015,,60.0,2024.0,7.4,2024.0,Colombian Technology Catalogue,13.a. Nuclear PWR,direct,,Linear interpolation,Nuclear,,Nuclear PWR,,OPEX 2050/2030=0.9416666666666668,2030,2028,1.15,Linear interpolation between known datapoints
Nuclear,2029,Construction,Direct,job-yr/MW,19.6,19.6,Rutovitz 2015,Rutovitz 2015,,60.0,2024.0,7.4,2024.0,Colombian Technology Catalogue,13.a. Nuclear PWR,direct,,Linear interpolation,Nuclear,,Nuclear PWR,,CAPEX 2050/2030=0.860759493670886,2030,2029,19.6,Linear interpolation between known datapoints
Nuclear,2029,Construction&Manufacturing,Direct,job-yr/MW,20.9,20.9,Rutovitz 2015,Rutovitz 2015,,60.0,2024.0,7.4,2024.0,Colombian Technology Catalogue,13.a. Nuclear PWR,direct,,Linear interpolation,Nuclear,,Nuclear PWR,,Construction + Manufacturing; full regional manufacturing assumed by Rutovitz 2015 method,2030,2029,20.9,Linear interpolation between known datapoints
Nuclear,2029,Manufacturing,Direct,job-yr/MW,1.3,1.3,Rutovitz 2015,Rutovitz 2015,,60.0,2024.0,7.4,2024.0,Colombian Technology Catalogue,13.a. Nuclear PWR,direct,,Linear interpolation,Nuclear,,Nuclear PWR,,CAPEX 2050/2030=0.860759493670886,2030,2029,1.3,Linear interpolation between known datapoints
Nuclear,2029,O&M,Direct,job/MW,1.15,1.15,Rutovitz 2015,Rutovitz 2015,,60.0,2024.0,7.4,2024.0,Colombian Technology Catalogue,13.a. Nuclear PWR,direct,,Linear interpolation,Nuclear,,Nuclear PWR,,OPEX 2050/2030=0.9416666666666668,2030,2029,1.15,Linear interpolation between known datapoints
Nuclear,2030,Construction,Direct,job-yr/MW,19.6,19.6,Rutovitz 2015,Rutovitz 2015,,60.0,2024.0,7.4,2024.0,Colombian Technology Catalogue,13.a. Nuclear PWR,direct,,Rutovitz Table 9 decline to 2030,Nuclear,1.0,,,Rutovitz Table 9 Latin America 2030,2015,2030,19.6,Known datapoint
Nuclear,2030,Construction&Manufacturing,Direct,job-yr/MW,20.9,20.9,Rutovitz 2015,Rutovitz 2015,,60.0,2024.0,7.4,2024.0,Colombian Technology Catalogue,13.a. Nuclear PWR,direct,,Derived Construction&Manufacturing,Nuclear,1.0,,,Construction + Manufacturing; full regional manufacturing assumed by Rutovitz 2015 method,2015,2030,20.9,Known datapoint
Nuclear,2030,Manufacturing,Direct,job-yr/MW,1.3,1.3,Rutovitz 2015,Rutovitz 2015,,60.0,2024.0,7.4,2024.0,Colombian Technology Catalogue,13.a. Nuclear PWR,direct,,Rutovitz Table 9 decline to 2030,Nuclear,1.0,,,Rutovitz Table 9 Latin America 2030,2015,2030,1.3,Known datapoint
Nuclear,2030,O&M,Direct,job/MW,1.15,1.15,Rutovitz 2015,Rutovitz 2015,,60.0,2024.0,7.4,2024.0,Colombian Technology Catalogue,13.a. Nuclear PWR,direct,,Rutovitz Table 9 decline to 2030,Nuclear,1.0,,,Rutovitz Table 9 Latin America 2030,2015,2030,1.15,Known datapoint
Nuclear,2031,Construction,Direct,job-yr/MW,19.4635443038,19.4635443038,Rutovitz 2015,Rutovitz 2015,,60.0,2024.0,7.4,2024.0,Colombian Technology Catalogue,13.a. Nuclear PWR,direct,,Linear interpolation,Nuclear,,Nuclear PWR,,CAPEX 2050/2030=0.860759493670886,2030,2031,19.4635443038,Linear interpolation between known datapoints
Nuclear,2031,Construction&Manufacturing,Direct,job-yr/MW,20.7544936709,20.7544936709,Rutovitz 2015,Rutovitz 2015,,60.0,2024.0,7.4,2024.0,Colombian Technology Catalogue,13.a. Nuclear PWR,direct,,Linear interpolation,Nuclear,,Nuclear PWR,,Construction + Manufacturing; full regional manufacturing assumed by Rutovitz 2015 method,2030,2031,20.7544936709,Linear interpolation between known datapoints
Nuclear,2031,Manufacturing,Direct,job-yr/MW,1.29094936709,1.29094936709,Rutovitz 2015,Rutovitz 2015,,60.0,2024.0,7.4,2024.0,Colombian Technology Catalogue,13.a. Nuclear PWR,direct,,Linear interpolation,Nuclear,,Nuclear PWR,,CAPEX 2050/2030=0.860759493670886,2030,2031,1.29094936709,Linear interpolation between known datapoints
Nuclear,2031,O&M,Direct,job/MW,1.14664583333,1.14664583333,Rutovitz 2015,Rutovitz 2015,,60.0,2024.0,7.4,2024.0,Colombian Technology Catalogue,13.a. Nuclear PWR,direct,,Linear interpolation,Nuclear,,Nuclear PWR,,OPEX 2050/2030=0.9416666666666668,2030,2031,1.14664583333,Linear interpolation between known datapoints
Nuclear,2032,Construction,Direct,job-yr/MW,19.3270886076,19.3270886076,Rutovitz 2015,Rutovitz 2015,,60.0,2024.0,7.4,2024.0,Colombian Technology Catalogue,13.a. Nuclear PWR,direct,,Linear interpolation,Nuclear,,Nuclear PWR,,CAPEX 2050/2030=0.860759493670886,2030,2032,19.3270886076,Linear interpolation between known datapoints
Nuclear,2032,Construction&Manufacturing,Direct,job-yr/MW,20.6089873418,20.6089873418,Rutovitz 2015,Rutovitz 2015,,60.0,2024.0,7.4,2024.0,Colombian Technology Catalogue,13.a. Nuclear PWR,direct,,Linear interpolation,Nuclear,,Nuclear PWR,,Construction + Manufacturing; full regional manufacturing assumed by Rutovitz 2015 method,2030,2032,20.6089873418,Linear interpolation between known datapoints
Nuclear,2032,Manufacturing,Direct,job-yr/MW,1.28189873418,1.28189873418,Rutovitz 2015,Rutovitz 2015,,60.0,2024.0,7.4,2024.0,Colombian Technology Catalogue,13.a. Nuclear PWR,direct,,Linear interpolation,Nuclear,,Nuclear PWR,,CAPEX 2050/2030=0.860759493670886,2030,2032,1.28189873418,Linear interpolation between known datapoints
Nuclear,2032,O&M,Direct,job/MW,1.14329166667,1.14329166667,Rutovitz 2015,Rutovitz 2015,,60.0,2024.0,7.4,2024.0,Colombian Technology Catalogue,13.a. Nuclear PWR,direct,,Linear interpolation,Nuclear,,Nuclear PWR,,OPEX 2050/2030=0.9416666666666668,2030,2032,1.14329166667,Linear interpolation between known datapoints
Nuclear,2033,Construction,Direct,job-yr/MW,19.1906329114,19.1906329114,Rutovitz 2015,Rutovitz 2015,,60.0,2024.0,7.4,2024.0,Colombian Technology Catalogue,13.a. Nuclear PWR,direct,,Linear interpolation,Nuclear,,Nuclear PWR,,CAPEX 2050/2030=0.860759493670886,2030,2033,19.1906329114,Linear interpolation between known datapoints
Nuclear,2033,Construction&Manufacturing,Direct,job-yr/MW,20.4634810127,20.4634810127,Rutovitz 2015,Rutovitz 2015,,60.0,2024.0,7.4,2024.0,Colombian Technology Catalogue,13.a. Nuclear PWR,direct,,Linear interpolation,Nuclear,,Nuclear PWR,,Construction + Manufacturing; full regional manufacturing assumed by Rutovitz 2015 method,2030,2033,20.4634810127,Linear interpolation between known datapoints
Nuclear,2033,Manufacturing,Direct,job-yr/MW,1.27284810127,1.27284810127,Rutovitz 2015,Rutovitz 2015,,60.0,2024.0,7.4,2024.0,Colombian Technology Catalogue,13.a. Nuclear PWR,direct,,Linear interpolation,Nuclear,,Nuclear PWR,,CAPEX 2050/2030=0.860759493670886,2030,2033,1.27284810127,Linear interpolation between known datapoints
Nuclear,2033,O&M,Direct,job/MW,1.1399375,1.1399375,Rutovitz 2015,Rutovitz 2015,,60.0,2024.0,7.4,2024.0,Colombian Technology Catalogue,13.a. Nuclear PWR,direct,,Linear interpolation,Nuclear,,Nuclear PWR,,OPEX 2050/2030=0.9416666666666668,2030,2033,1.1399375,Linear interpolation between known datapoints
Nuclear,2034,Construction,Direct,job-yr/MW,19.0541772152,19.0541772152,Rutovitz 2015,Rutovitz 2015,,60.0,2024.0,7.4,2024.0,Colombian Technology Catalogue,13.a. Nuclear PWR,direct,,Linear interpolation,Nuclear,,Nuclear PWR,,CAPEX 2050/2030=0.860759493670886,2030,2034,19.0541772152,Linear interpolation between known datapoints
Nuclear,2034,Construction&Manufacturing,Direct,job-yr/MW,20.3179746835,20.3179746835,Rutovitz 2015,Rutovitz 2015,,60.0,2024.0,7.4,2024.0,Colombian Technology Catalogue,13.a. Nuclear PWR,direct,,Linear interpolation,Nuclear,,Nuclear PWR,,Construction + Manufacturing; full regional manufacturing assumed by Rutovitz 2015 method,2030,2034,20.3179746835,Linear interpolation between known datapoints
Nuclear,2034,Manufacturing,Direct,job-yr/MW,1.26379746835,1.26379746835,Rutovitz 2015,Rutovitz 2015,,60.0,2024.0,7.4,2024.0,Colombian Technology Catalogue,13.a. Nuclear PWR,direct,,Linear interpolation,Nuclear,,Nuclear PWR,,CAPEX 2050/2030=0.860759493670886,2030,2034,1.26379746835,Linear interpolation between known datapoints
Nuclear,2034,O&M,Direct,job/MW,1.13658333333,1.13658333333,Rutovitz 2015,Rutovitz 2015,,60.0,2024.0,7.4,2024.0,Colombian Technology Catalogue,13.a. Nuclear PWR,direct,,Linear interpolation,Nuclear,,Nuclear PWR,,OPEX 2050/2030=0.9416666666666668,2030,2034,1.13658333333,Linear interpolation between known datapoints
Nuclear,2035,Construction,Direct,job-yr/MW,18.917721519,18.917721519,Rutovitz 2015,Rutovitz 2015,,60.0,2024.0,7.4,2024.0,Colombian Technology Catalogue,13.a. Nuclear PWR,direct,,Linear interpolation,Nuclear,,Nuclear PWR,,CAPEX 2050/2030=0.860759493670886,2030,2035,18.917721519,Linear interpolation between known datapoints
Nuclear,2035,Construction&Manufacturing,Direct,job-yr/MW,20.1724683544,20.1724683544,Rutovitz 2015,Rutovitz 2015,,60.0,2024.0,7.4,2024.0,Colombian Technology Catalogue,13.a. Nuclear PWR,direct,,Linear interpolation,Nuclear,,Nuclear PWR,,Construction + Manufacturing; full regional manufacturing assumed by Rutovitz 2015 method,2030,2035,20.1724683544,Linear interpolation between known datapoints
Nuclear,2035,Manufacturing,Direct,job-yr/MW,1.25474683544,1.25474683544,Rutovitz 2015,Rutovitz 2015,,60.0,2024.0,7.4,2024.0,Colombian Technology Catalogue,13.a. Nuclear PWR,direct,,Linear interpolation,Nuclear,,Nuclear PWR,,CAPEX 2050/2030=0.860759493670886,2030,2035,1.25474683544,Linear interpolation between known datapoints
Nuclear,2035,O&M,Direct,job/MW,1.13322916667,1.13322916667,Rutovitz 2015,Rutovitz 2015,,60.0,2024.0,7.4,2024.0,Colombian Technology Catalogue,13.a. Nuclear PWR,direct,,Linear interpolation,Nuclear,,Nuclear PWR,,OPEX 2050/2030=0.9416666666666668,2030,2035,1.13322916667,Linear interpolation between known datapoints
Nuclear,2036,Construction,Direct,job-yr/MW,18.7812658228,18.7812658228,Rutovitz 2015,Rutovitz 2015,,60.0,2024.0,7.4,2024.0,Colombian Technology Catalogue,13.a. Nuclear PWR,direct,,Linear interpolation,Nuclear,,Nuclear PWR,,CAPEX 2050/2030=0.860759493670886,2030,2036,18.7812658228,Linear interpolation between known datapoints
Nuclear,2036,Construction&Manufacturing,Direct,job-yr/MW,20.0269620253,20.0269620253,Rutovitz 2015,Rutovitz 2015,,60.0,2024.0,7.4,2024.0,Colombian Technology Catalogue,13.a. Nuclear PWR,direct,,Linear interpolation,Nuclear,,Nuclear PWR,,Construction + Manufacturing; full regional manufacturing assumed by Rutovitz 2015 method,2030,2036,20.0269620253,Linear interpolation between known datapoints
Nuclear,2036,Manufacturing,Direct,job-yr/MW,1.24569620253,1.24569620253,Rutovitz 2015,Rutovitz 2015,,60.0,2024.0,7.4,2024.0,Colombian Technology Catalogue,13.a. Nuclear PWR,direct,,Linear interpolation,Nuclear,,Nuclear PWR,,CAPEX 2050/2030=0.860759493670886,2030,2036,1.24569620253,Linear interpolation between known datapoints
Nuclear,2036,O&M,Direct,job/MW,1.129875,1.129875,Rutovitz 2015,Rutovitz 2015,,60.0,2024.0,7.4,2024.0,Colombian Technology Catalogue,13.a. Nuclear PWR,direct,,Linear interpolation,Nuclear,,Nuclear PWR,,OPEX 2050/2030=0.9416666666666668,2030,2036,1.129875,Linear interpolation between known datapoints
Nuclear,2037,Construction,Direct,job-yr/MW,18.6448101266,18.6448101266,Rutovitz 2015,Rutovitz 2015,,60.0,2024.0,7.4,2024.0,Colombian Technology Catalogue,13.a. Nuclear PWR,direct,,Linear interpolation,Nuclear,,Nuclear PWR,,CAPEX 2050/2030=0.860759493670886,2030,2037,18.6448101266,Linear interpolation between known datapoints
Nuclear,2037,Construction&Manufacturing,Direct,job-yr/MW,19.8814556962,19.8814556962,Rutovitz 2015,Rutovitz 2015,,60.0,2024.0,7.4,2024.0,Colombian Technology Catalogue,13.a. Nuclear PWR,direct,,Linear interpolation,Nuclear,,Nuclear PWR,,Construction + Manufacturing; full regional manufacturing assumed by Rutovitz 2015 method,2030,2037,19.8814556962,Linear interpolation between known datapoints
Nuclear,2037,Manufacturing,Direct,job-yr/MW,1.23664556962,1.23664556962,Rutovitz 2015,Rutovitz 2015,,60.0,2024.0,7.4,2024.0,Colombian Technology Catalogue,13.a. Nuclear PWR,direct,,Linear interpolation,Nuclear,,Nuclear PWR,,CAPEX 2050/2030=0.860759493670886,2030,2037,1.23664556962,Linear interpolation between known datapoints
Nuclear,2037,O&M,Direct,job/MW,1.12652083333,1.12652083333,Rutovitz 2015,Rutovitz 2015,,60.0,2024.0,7.4,2024.0,Colombian Technology Catalogue,13.a. Nuclear PWR,direct,,Linear interpolation,Nuclear,,Nuclear PWR,,OPEX 2050/2030=0.9416666666666668,2030,2037,1.12652083333,Linear interpolation between known datapoints
Nuclear,2038,Construction,Direct,job-yr/MW,18.5083544304,18.5083544304,Rutovitz 2015,Rutovitz 2015,,60.0,2024.0,7.4,2024.0,Colombian Technology Catalogue,13.a. Nuclear PWR,direct,,Linear interpolation,Nuclear,,Nuclear PWR,,CAPEX 2050/2030=0.860759493670886,2030,2038,18.5083544304,Linear interpolation between known datapoints
Nuclear,2038,Construction&Manufacturing,Direct,job-yr/MW,19.7359493671,19.7359493671,Rutovitz 2015,Rutovitz 2015,,60.0,2024.0,7.4,2024.0,Colombian Technology Catalogue,13.a. Nuclear PWR,direct,,Linear interpolation,Nuclear,,Nuclear PWR,,Construction + Manufacturing; full regional manufacturing assumed by Rutovitz 2015 method,2030,2038,19.7359493671,Linear interpolation between known datapoints
Nuclear,2038,Manufacturing,Direct,job-yr/MW,1.22759493671,1.22759493671,Rutovitz 2015,Rutovitz 2015,,60.0,2024.0,7.4,2024.0,Colombian Technology Catalogue,13.a. Nuclear PWR,direct,,Linear interpolation,Nuclear,,Nuclear PWR,,CAPEX 2050/2030=0.860759493670886,2030,2038,1.22759493671,Linear interpolation between known datapoints
Nuclear,2038,O&M,Direct,job/MW,1.12316666667,1.12316666667,Rutovitz 2015,Rutovitz 2015,,60.0,2024.0,7.4,2024.0,Colombian Technology Catalogue,13.a. Nuclear PWR,direct,,Linear interpolation,Nuclear,,Nuclear PWR,,OPEX 2050/2030=0.9416666666666668,2030,2038,1.12316666667,Linear interpolation between known datapoints
Nuclear,2039,Construction,Direct,job-yr/MW,18.3718987342,18.3718987342,Rutovitz 2015,Rutovitz 2015,,60.0,2024.0,7.4,2024.0,Colombian Technology Catalogue,13.a. Nuclear PWR,direct,,Linear interpolation,Nuclear,,Nuclear PWR,,CAPEX 2050/2030=0.860759493670886,2030,2039,18.3718987342,Linear interpolation between known datapoints
Nuclear,2039,Construction&Manufacturing,Direct,job-yr/MW,19.590443038,19.590443038,Rutovitz 2015,Rutovitz 2015,,60.0,2024.0,7.4,2024.0,Colombian Technology Catalogue,13.a. Nuclear PWR,direct,,Linear interpolation,Nuclear,,Nuclear PWR,,Construction + Manufacturing; full regional manufacturing assumed by Rutovitz 2015 method,2030,2039,19.590443038,Linear interpolation between known datapoints
Nuclear,2039,Manufacturing,Direct,job-yr/MW,1.2185443038,1.2185443038,Rutovitz 2015,Rutovitz 2015,,60.0,2024.0,7.4,2024.0,Colombian Technology Catalogue,13.a. Nuclear PWR,direct,,Linear interpolation,Nuclear,,Nuclear PWR,,CAPEX 2050/2030=0.860759493670886,2030,2039,1.2185443038,Linear interpolation between known datapoints
Nuclear,2039,O&M,Direct,job/MW,1.1198125,1.1198125,Rutovitz 2015,Rutovitz 2015,,60.0,2024.0,7.4,2024.0,Colombian Technology Catalogue,13.a. Nuclear PWR,direct,,Linear interpolation,Nuclear,,Nuclear PWR,,OPEX 2050/2030=0.9416666666666668,2030,2039,1.1198125,Linear interpolation between known datapoints
Nuclear,2040,Construction,Direct,job-yr/MW,18.235443038,18.235443038,Rutovitz 2015,Rutovitz 2015,,60.0,2024.0,7.4,2024.0,Colombian Technology Catalogue,13.a. Nuclear PWR,direct,,Linear interpolation,Nuclear,,Nuclear PWR,,CAPEX 2050/2030=0.860759493670886,2030,2040,18.235443038,Linear interpolation between known datapoints
Nuclear,2040,Construction&Manufacturing,Direct,job-yr/MW,19.4449367089,19.4449367089,Rutovitz 2015,Rutovitz 2015,,60.0,2024.0,7.4,2024.0,Colombian Technology Catalogue,13.a. Nuclear PWR,direct,,Linear interpolation,Nuclear,,Nuclear PWR,,Construction + Manufacturing; full regional manufacturing assumed by Rutovitz 2015 method,2030,2040,19.4449367089,Linear interpolation between known datapoints
Nuclear,2040,Manufacturing,Direct,job-yr/MW,1.20949367089,1.20949367089,Rutovitz 2015,Rutovitz 2015,,60.0,2024.0,7.4,2024.0,Colombian Technology Catalogue,13.a. Nuclear PWR,direct,,Linear interpolation,Nuclear,,Nuclear PWR,,CAPEX 2050/2030=0.860759493670886,2030,2040,1.20949367089,Linear interpolation between known datapoints
Nuclear,2040,O&M,Direct,job/MW,1.11645833333,1.11645833333,Rutovitz 2015,Rutovitz 2015,,60.0,2024.0,7.4,2024.0,Colombian Technology Catalogue,13.a. Nuclear PWR,direct,,Linear interpolation,Nuclear,,Nuclear PWR,,OPEX 2050/2030=0.9416666666666668,2030,2040,1.11645833333,Linear interpolation between known datapoints
Nuclear,2041,Construction,Direct,job-yr/MW,18.0989873418,18.0989873418,Rutovitz 2015,Rutovitz 2015,,60.0,2024.0,7.4,2024.0,Colombian Technology Catalogue,13.a. Nuclear PWR,direct,,Linear interpolation,Nuclear,,Nuclear PWR,,CAPEX 2050/2030=0.860759493670886,2030,2041,18.0989873418,Linear interpolation between known datapoints
Nuclear,2041,Construction&Manufacturing,Direct,job-yr/MW,19.2994303797,19.2994303797,Rutovitz 2015,Rutovitz 2015,,60.0,2024.0,7.4,2024.0,Colombian Technology Catalogue,13.a. Nuclear PWR,direct,,Linear interpolation,Nuclear,,Nuclear PWR,,Construction + Manufacturing; full regional manufacturing assumed by Rutovitz 2015 method,2030,2041,19.2994303797,Linear interpolation between known datapoints
Nuclear,2041,Manufacturing,Direct,job-yr/MW,1.20044303797,1.20044303797,Rutovitz 2015,Rutovitz 2015,,60.0,2024.0,7.4,2024.0,Colombian Technology Catalogue,13.a. Nuclear PWR,direct,,Linear interpolation,Nuclear,,Nuclear PWR,,CAPEX 2050/2030=0.860759493670886,2030,2041,1.20044303797,Linear interpolation between known datapoints
Nuclear,2041,O&M,Direct,job/MW,1.11310416667,1.11310416667,Rutovitz 2015,Rutovitz 2015,,60.0,2024.0,7.4,2024.0,Colombian Technology Catalogue,13.a. Nuclear PWR,direct,,Linear interpolation,Nuclear,,Nuclear PWR,,OPEX 2050/2030=0.9416666666666668,2030,2041,1.11310416667,Linear interpolation between known datapoints
Nuclear,2042,Construction,Direct,job-yr/MW,17.9625316456,17.9625316456,Rutovitz 2015,Rutovitz 2015,,60.0,2024.0,7.4,2024.0,Colombian Technology Catalogue,13.a. Nuclear PWR,direct,,Linear interpolation,Nuclear,,Nuclear PWR,,CAPEX 2050/2030=0.860759493670886,2030,2042,17.9625316456,Linear interpolation between known datapoints
Nuclear,2042,Construction&Manufacturing,Direct,job-yr/MW,19.1539240506,19.1539240506,Rutovitz 2015,Rutovitz 2015,,60.0,2024.0,7.4,2024.0,Colombian Technology Catalogue,13.a. Nuclear PWR,direct,,Linear interpolation,Nuclear,,Nuclear PWR,,Construction + Manufacturing; full regional manufacturing assumed by Rutovitz 2015 method,2030,2042,19.1539240506,Linear interpolation between known datapoints
Nuclear,2042,Manufacturing,Direct,job-yr/MW,1.19139240506,1.19139240506,Rutovitz 2015,Rutovitz 2015,,60.0,2024.0,7.4,2024.0,Colombian Technology Catalogue,13.a. Nuclear PWR,direct,,Linear interpolation,Nuclear,,Nuclear PWR,,CAPEX 2050/2030=0.860759493670886,2030,2042,1.19139240506,Linear interpolation between known datapoints
Nuclear,2042,O&M,Direct,job/MW,1.10975,1.10975,Rutovitz 2015,Rutovitz 2015,,60.0,2024.0,7.4,2024.0,Colombian Technology Catalogue,13.a. Nuclear PWR,direct,,Linear interpolation,Nuclear,,Nuclear PWR,,OPEX 2050/2030=0.9416666666666668,2030,2042,1.10975,Linear interpolation between known datapoints
Nuclear,2043,Construction,Direct,job-yr/MW,17.8260759494,17.8260759494,Rutovitz 2015,Rutovitz 2015,,60.0,2024.0,7.4,2024.0,Colombian Technology Catalogue,13.a. Nuclear PWR,direct,,Linear interpolation,Nuclear,,Nuclear PWR,,CAPEX 2050/2030=0.860759493670886,2030,2043,17.8260759494,Linear interpolation between known datapoints
Nuclear,2043,Construction&Manufacturing,Direct,job-yr/MW,19.0084177215,19.0084177215,Rutovitz 2015,Rutovitz 2015,,60.0,2024.0,7.4,2024.0,Colombian Technology Catalogue,13.a. Nuclear PWR,direct,,Linear interpolation,Nuclear,,Nuclear PWR,,Construction + Manufacturing; full regional manufacturing assumed by Rutovitz 2015 method,2030,2043,19.0084177215,Linear interpolation between known datapoints
Nuclear,2043,Manufacturing,Direct,job-yr/MW,1.18234177215,1.18234177215,Rutovitz 2015,Rutovitz 2015,,60.0,2024.0,7.4,2024.0,Colombian Technology Catalogue,13.a. Nuclear PWR,direct,,Linear interpolation,Nuclear,,Nuclear PWR,,CAPEX 2050/2030=0.860759493670886,2030,2043,1.18234177215,Linear interpolation between known datapoints
Nuclear,2043,O&M,Direct,job/MW,1.10639583333,1.10639583333,Rutovitz 2015,Rutovitz 2015,,60.0,2024.0,7.4,2024.0,Colombian Technology Catalogue,13.a. Nuclear PWR,direct,,Linear interpolation,Nuclear,,Nuclear PWR,,OPEX 2050/2030=0.9416666666666668,2030,2043,1.10639583333,Linear interpolation between known datapoints
Nuclear,2044,Construction,Direct,job-yr/MW,17.6896202532,17.6896202532,Rutovitz 2015,Rutovitz 2015,,60.0,2024.0,7.4,2024.0,Colombian Technology Catalogue,13.a. Nuclear PWR,direct,,Linear interpolation,Nuclear,,Nuclear PWR,,CAPEX 2050/2030=0.860759493670886,2030,2044,17.6896202532,Linear interpolation between known datapoints
Nuclear,2044,Construction&Manufacturing,Direct,job-yr/MW,18.8629113924,18.8629113924,Rutovitz 2015,Rutovitz 2015,,60.0,2024.0,7.4,2024.0,Colombian Technology Catalogue,13.a. Nuclear PWR,direct,,Linear interpolation,Nuclear,,Nuclear PWR,,Construction + Manufacturing; full regional manufacturing assumed by Rutovitz 2015 method,2030,2044,18.8629113924,Linear interpolation between known datapoints
Nuclear,2044,Manufacturing,Direct,job-yr/MW,1.17329113924,1.17329113924,Rutovitz 2015,Rutovitz 2015,,60.0,2024.0,7.4,2024.0,Colombian Technology Catalogue,13.a. Nuclear PWR,direct,,Linear interpolation,Nuclear,,Nuclear PWR,,CAPEX 2050/2030=0.860759493670886,2030,2044,1.17329113924,Linear interpolation between known datapoints
Nuclear,2044,O&M,Direct,job/MW,1.10304166667,1.10304166667,Rutovitz 2015,Rutovitz 2015,,60.0,2024.0,7.4,2024.0,Colombian Technology Catalogue,13.a. Nuclear PWR,direct,,Linear interpolation,Nuclear,,Nuclear PWR,,OPEX 2050/2030=0.9416666666666668,2030,2044,1.10304166667,Linear interpolation between known datapoints
Nuclear,2045,Construction,Direct,job-yr/MW,17.553164557,17.553164557,Rutovitz 2015,Rutovitz 2015,,60.0,2024.0,7.4,2024.0,Colombian Technology Catalogue,13.a. Nuclear PWR,direct,,Linear interpolation,Nuclear,,Nuclear PWR,,CAPEX 2050/2030=0.860759493670886,2030,2045,17.553164557,Linear interpolation between known datapoints
Nuclear,2045,Construction&Manufacturing,Direct,job-yr/MW,18.7174050633,18.7174050633,Rutovitz 2015,Rutovitz 2015,,60.0,2024.0,7.4,2024.0,Colombian Technology Catalogue,13.a. Nuclear PWR,direct,,Linear interpolation,Nuclear,,Nuclear PWR,,Construction + Manufacturing; full regional manufacturing assumed by Rutovitz 2015 method,2030,2045,18.7174050633,Linear interpolation between known datapoints
Nuclear,2045,Manufacturing,Direct,job-yr/MW,1.16424050633,1.16424050633,Rutovitz 2015,Rutovitz 2015,,60.0,2024.0,7.4,2024.0,Colombian Technology Catalogue,13.a. Nuclear PWR,direct,,Linear interpolation,Nuclear,,Nuclear PWR,,CAPEX 2050/2030=0.860759493670886,2030,2045,1.16424050633,Linear interpolation between known datapoints
Nuclear,2045,O&M,Direct,job/MW,1.0996875,1.0996875,Rutovitz 2015,Rutovitz 2015,,60.0,2024.0,7.4,2024.0,Colombian Technology Catalogue,13.a. Nuclear PWR,direct,,Linear interpolation,Nuclear,,Nuclear PWR,,OPEX 2050/2030=0.9416666666666668,2030,2045,1.0996875,Linear interpolation between known datapoints
Nuclear,2046,Construction,Direct,job-yr/MW,17.4167088608,17.4167088608,Rutovitz 2015,Rutovitz 2015,,60.0,2024.0,7.4,2024.0,Colombian Technology Catalogue,13.a. Nuclear PWR,direct,,Linear interpolation,Nuclear,,Nuclear PWR,,CAPEX 2050/2030=0.860759493670886,2030,2046,17.4167088608,Linear interpolation between known datapoints
Nuclear,2046,Construction&Manufacturing,Direct,job-yr/MW,18.5718987342,18.5718987342,Rutovitz 2015,Rutovitz 2015,,60.0,2024.0,7.4,2024.0,Colombian Technology Catalogue,13.a. Nuclear PWR,direct,,Linear interpolation,Nuclear,,Nuclear PWR,,Construction + Manufacturing; full regional manufacturing assumed by Rutovitz 2015 method,2030,2046,18.5718987342,Linear interpolation between known datapoints
Nuclear,2046,Manufacturing,Direct,job-yr/MW,1.15518987342,1.15518987342,Rutovitz 2015,Rutovitz 2015,,60.0,2024.0,7.4,2024.0,Colombian Technology Catalogue,13.a. Nuclear PWR,direct,,Linear interpolation,Nuclear,,Nuclear PWR,,CAPEX 2050/2030=0.860759493670886,2030,2046,1.15518987342,Linear interpolation between known datapoints
Nuclear,2046,O&M,Direct,job/MW,1.09633333333,1.09633333333,Rutovitz 2015,Rutovitz 2015,,60.0,2024.0,7.4,2024.0,Colombian Technology Catalogue,13.a. Nuclear PWR,direct,,Linear interpolation,Nuclear,,Nuclear PWR,,OPEX 2050/2030=0.9416666666666668,2030,2046,1.09633333333,Linear interpolation between known datapoints
Nuclear,2047,Construction,Direct,job-yr/MW,17.2802531646,17.2802531646,Rutovitz 2015,Rutovitz 2015,,60.0,2024.0,7.4,2024.0,Colombian Technology Catalogue,13.a. Nuclear PWR,direct,,Linear interpolation,Nuclear,,Nuclear PWR,,CAPEX 2050/2030=0.860759493670886,2030,2047,17.2802531646,Linear interpolation between known datapoints
Nuclear,2047,Construction&Manufacturing,Direct,job-yr/MW,18.4263924051,18.4263924051,Rutovitz 2015,Rutovitz 2015,,60.0,2024.0,7.4,2024.0,Colombian Technology Catalogue,13.a. Nuclear PWR,direct,,Linear interpolation,Nuclear,,Nuclear PWR,,Construction + Manufacturing; full regional manufacturing assumed by Rutovitz 2015 method,2030,2047,18.4263924051,Linear interpolation between known datapoints
Nuclear,2047,Manufacturing,Direct,job-yr/MW,1.14613924051,1.14613924051,Rutovitz 2015,Rutovitz 2015,,60.0,2024.0,7.4,2024.0,Colombian Technology Catalogue,13.a. Nuclear PWR,direct,,Linear interpolation,Nuclear,,Nuclear PWR,,CAPEX 2050/2030=0.860759493670886,2030,2047,1.14613924051,Linear interpolation between known datapoints
Nuclear,2047,O&M,Direct,job/MW,1.09297916667,1.09297916667,Rutovitz 2015,Rutovitz 2015,,60.0,2024.0,7.4,2024.0,Colombian Technology Catalogue,13.a. Nuclear PWR,direct,,Linear interpolation,Nuclear,,Nuclear PWR,,OPEX 2050/2030=0.9416666666666668,2030,2047,1.09297916667,Linear interpolation between known datapoints
Nuclear,2048,Construction,Direct,job-yr/MW,17.1437974684,17.1437974684,Rutovitz 2015,Rutovitz 2015,,60.0,2024.0,7.4,2024.0,Colombian Technology Catalogue,13.a. Nuclear PWR,direct,,Linear interpolation,Nuclear,,Nuclear PWR,,CAPEX 2050/2030=0.860759493670886,2030,2048,17.1437974684,Linear interpolation between known datapoints
Nuclear,2048,Construction&Manufacturing,Direct,job-yr/MW,18.2808860759,18.2808860759,Rutovitz 2015,Rutovitz 2015,,60.0,2024.0,7.4,2024.0,Colombian Technology Catalogue,13.a. Nuclear PWR,direct,,Linear interpolation,Nuclear,,Nuclear PWR,,Construction + Manufacturing; full regional manufacturing assumed by Rutovitz 2015 method,2030,2048,18.2808860759,Linear interpolation between known datapoints
Nuclear,2048,Manufacturing,Direct,job-yr/MW,1.13708860759,1.13708860759,Rutovitz 2015,Rutovitz 2015,,60.0,2024.0,7.4,2024.0,Colombian Technology Catalogue,13.a. Nuclear PWR,direct,,Linear interpolation,Nuclear,,Nuclear PWR,,CAPEX 2050/2030=0.860759493670886,2030,2048,1.13708860759,Linear interpolation between known datapoints
Nuclear,2048,O&M,Direct,job/MW,1.089625,1.089625,Rutovitz 2015,Rutovitz 2015,,60.0,2024.0,7.4,2024.0,Colombian Technology Catalogue,13.a. Nuclear PWR,direct,,Linear interpolation,Nuclear,,Nuclear PWR,,OPEX 2050/2030=0.9416666666666668,2030,2048,1.089625,Linear interpolation between known datapoints
Nuclear,2049,Construction,Direct,job-yr/MW,17.0073417722,17.0073417722,Rutovitz 2015,Rutovitz 2015,,60.0,2024.0,7.4,2024.0,Colombian Technology Catalogue,13.a. Nuclear PWR,direct,,Linear interpolation,Nuclear,,Nuclear PWR,,CAPEX 2050/2030=0.860759493670886,2030,2049,17.0073417722,Linear interpolation between known datapoints
Nuclear,2049,Construction&Manufacturing,Direct,job-yr/MW,18.1353797468,18.1353797468,Rutovitz 2015,Rutovitz 2015,,60.0,2024.0,7.4,2024.0,Colombian Technology Catalogue,13.a. Nuclear PWR,direct,,Linear interpolation,Nuclear,,Nuclear PWR,,Construction + Manufacturing; full regional manufacturing assumed by Rutovitz 2015 method,2030,2049,18.1353797468,Linear interpolation between known datapoints
Nuclear,2049,Manufacturing,Direct,job-yr/MW,1.12803797468,1.12803797468,Rutovitz 2015,Rutovitz 2015,,60.0,2024.0,7.4,2024.0,Colombian Technology Catalogue,13.a. Nuclear PWR,direct,,Linear interpolation,Nuclear,,Nuclear PWR,,CAPEX 2050/2030=0.860759493670886,2030,2049,1.12803797468,Linear interpolation between known datapoints
Nuclear,2049,O&M,Direct,job/MW,1.08627083333,1.08627083333,Rutovitz 2015,Rutovitz 2015,,60.0,2024.0,7.4,2024.0,Colombian Technology Catalogue,13.a. Nuclear PWR,direct,,Linear interpolation,Nuclear,,Nuclear PWR,,OPEX 2050/2030=0.9416666666666668,2030,2049,1.08627083333,Linear interpolation between known datapoints
Nuclear,2050,Construction,Direct,job-yr/MW,16.8708860759,16.8708860759,Rutovitz 2015,Rutovitz 2015,,60.0,2024.0,7.4,2024.0,Colombian Technology Catalogue,13.a. Nuclear PWR,direct,,CAPEX/OPEX ratio projection,Nuclear,,Nuclear PWR,,CAPEX 2050/2030=0.860759493670886,2030,2050,16.8708860759,Known datapoint
Nuclear,2050,Construction&Manufacturing,Direct,job-yr/MW,17.9898734177,17.9898734177,Rutovitz 2015,Rutovitz 2015,,60.0,2024.0,7.4,2024.0,Colombian Technology Catalogue,13.a. Nuclear PWR,direct,,Derived Construction&Manufacturing,Nuclear,,Nuclear PWR,,Construction + Manufacturing; full regional manufacturing assumed by Rutovitz 2015 method,2030,2050,17.9898734177,Known datapoint
Nuclear,2050,Manufacturing,Direct,job-yr/MW,1.11898734177,1.11898734177,Rutovitz 2015,Rutovitz 2015,,60.0,2024.0,7.4,2024.0,Colombian Technology Catalogue,13.a. Nuclear PWR,direct,,CAPEX/OPEX ratio projection,Nuclear,,Nuclear PWR,,CAPEX 2050/2030=0.860759493670886,2030,2050,1.11898734177,Known datapoint
Nuclear,2050,O&M,Direct,job/MW,1.08291666667,1.08291666667,Rutovitz 2015,Rutovitz 2015,,60.0,2024.0,7.4,2024.0,Colombian Technology Catalogue,13.a. Nuclear PWR,direct,,CAPEX/OPEX ratio projection,Nuclear,,Nuclear PWR,,OPEX 2050/2030=0.9416666666666668,2030,2050,1.08291666667,Known datapoint
Nuclear,2051,Construction,Direct,job-yr/MW,16.8708860759,16.8708860759,Rutovitz 2015,Rutovitz 2015,,60.0,2024.0,7.4,2024.0,Colombian Technology Catalogue,13.a. Nuclear PWR,direct,,Linear interpolation,Nuclear,,Nuclear PWR,,CAPEX 2050/2030=0.860759493670886,2030,2051,16.8708860759,Linear interpolation to 2050; held constant after 2050
Nuclear,2051,Construction&Manufacturing,Direct,job-yr/MW,17.9898734177,17.9898734177,Rutovitz 2015,Rutovitz 2015,,60.0,2024.0,7.4,2024.0,Colombian Technology Catalogue,13.a. Nuclear PWR,direct,,Linear interpolation,Nuclear,,Nuclear PWR,,Construction + Manufacturing; full regional manufacturing assumed by Rutovitz 2015 method,2030,2051,17.9898734177,Linear interpolation to 2050; held constant after 2050
Nuclear,2051,Manufacturing,Direct,job-yr/MW,1.11898734177,1.11898734177,Rutovitz 2015,Rutovitz 2015,,60.0,2024.0,7.4,2024.0,Colombian Technology Catalogue,13.a. Nuclear PWR,direct,,Linear interpolation,Nuclear,,Nuclear PWR,,CAPEX 2050/2030=0.860759493670886,2030,2051,1.11898734177,Linear interpolation to 2050; held constant after 2050
Nuclear,2051,O&M,Direct,job/MW,1.08291666667,1.08291666667,Rutovitz 2015,Rutovitz 2015,,60.0,2024.0,7.4,2024.0,Colombian Technology Catalogue,13.a. Nuclear PWR,direct,,Linear interpolation,Nuclear,,Nuclear PWR,,OPEX 2050/2030=0.9416666666666668,2030,2051,1.08291666667,Linear interpolation to 2050; held constant after 2050
Nuclear,2052,Construction,Direct,job-yr/MW,16.8708860759,16.8708860759,Rutovitz 2015,Rutovitz 2015,,60.0,2024.0,7.4,2024.0,Colombian Technology Catalogue,13.a. Nuclear PWR,direct,,Linear interpolation,Nuclear,,Nuclear PWR,,CAPEX 2050/2030=0.860759493670886,2030,2052,16.8708860759,Linear interpolation to 2050; held constant after 2050
Nuclear,2052,Construction&Manufacturing,Direct,job-yr/MW,17.9898734177,17.9898734177,Rutovitz 2015,Rutovitz 2015,,60.0,2024.0,7.4,2024.0,Colombian Technology Catalogue,13.a. Nuclear PWR,direct,,Linear interpolation,Nuclear,,Nuclear PWR,,Construction + Manufacturing; full regional manufacturing assumed by Rutovitz 2015 method,2030,2052,17.9898734177,Linear interpolation to 2050; held constant after 2050
Nuclear,2052,Manufacturing,Direct,job-yr/MW,1.11898734177,1.11898734177,Rutovitz 2015,Rutovitz 2015,,60.0,2024.0,7.4,2024.0,Colombian Technology Catalogue,13.a. Nuclear PWR,direct,,Linear interpolation,Nuclear,,Nuclear PWR,,CAPEX 2050/2030=0.860759493670886,2030,2052,1.11898734177,Linear interpolation to 2050; held constant after 2050
Nuclear,2052,O&M,Direct,job/MW,1.08291666667,1.08291666667,Rutovitz 2015,Rutovitz 2015,,60.0,2024.0,7.4,2024.0,Colombian Technology Catalogue,13.a. Nuclear PWR,direct,,Linear interpolation,Nuclear,,Nuclear PWR,,OPEX 2050/2030=0.9416666666666668,2030,2052,1.08291666667,Linear interpolation to 2050; held constant after 2050
Nuclear,2053,Construction,Direct,job-yr/MW,16.8708860759,16.8708860759,Rutovitz 2015,Rutovitz 2015,,60.0,2024.0,7.4,2024.0,Colombian Technology Catalogue,13.a. Nuclear PWR,direct,,Linear interpolation,Nuclear,,Nuclear PWR,,CAPEX 2050/2030=0.860759493670886,2030,2053,16.8708860759,Linear interpolation to 2050; held constant after 2050
Nuclear,2053,Construction&Manufacturing,Direct,job-yr/MW,17.9898734177,17.9898734177,Rutovitz 2015,Rutovitz 2015,,60.0,2024.0,7.4,2024.0,Colombian Technology Catalogue,13.a. Nuclear PWR,direct,,Linear interpolation,Nuclear,,Nuclear PWR,,Construction + Manufacturing; full regional manufacturing assumed by Rutovitz 2015 method,2030,2053,17.9898734177,Linear interpolation to 2050; held constant after 2050
Nuclear,2053,Manufacturing,Direct,job-yr/MW,1.11898734177,1.11898734177,Rutovitz 2015,Rutovitz 2015,,60.0,2024.0,7.4,2024.0,Colombian Technology Catalogue,13.a. Nuclear PWR,direct,,Linear interpolation,Nuclear,,Nuclear PWR,,CAPEX 2050/2030=0.860759493670886,2030,2053,1.11898734177,Linear interpolation to 2050; held constant after 2050
Nuclear,2053,O&M,Direct,job/MW,1.08291666667,1.08291666667,Rutovitz 2015,Rutovitz 2015,,60.0,2024.0,7.4,2024.0,Colombian Technology Catalogue,13.a. Nuclear PWR,direct,,Linear interpolation,Nuclear,,Nuclear PWR,,OPEX 2050/2030=0.9416666666666668,2030,2053,1.08291666667,Linear interpolation to 2050; held constant after 2050
Nuclear,2054,Construction,Direct,job-yr/MW,16.8708860759,16.8708860759,Rutovitz 2015,Rutovitz 2015,,60.0,2024.0,7.4,2024.0,Colombian Technology Catalogue,13.a. Nuclear PWR,direct,,Linear interpolation,Nuclear,,Nuclear PWR,,CAPEX 2050/2030=0.860759493670886,2030,2054,16.8708860759,Linear interpolation to 2050; held constant after 2050
Nuclear,2054,Construction&Manufacturing,Direct,job-yr/MW,17.9898734177,17.9898734177,Rutovitz 2015,Rutovitz 2015,,60.0,2024.0,7.4,2024.0,Colombian Technology Catalogue,13.a. Nuclear PWR,direct,,Linear interpolation,Nuclear,,Nuclear PWR,,Construction + Manufacturing; full regional manufacturing assumed by Rutovitz 2015 method,2030,2054,17.9898734177,Linear interpolation to 2050; held constant after 2050
Nuclear,2054,Manufacturing,Direct,job-yr/MW,1.11898734177,1.11898734177,Rutovitz 2015,Rutovitz 2015,,60.0,2024.0,7.4,2024.0,Colombian Technology Catalogue,13.a. Nuclear PWR,direct,,Linear interpolation,Nuclear,,Nuclear PWR,,CAPEX 2050/2030=0.860759493670886,2030,2054,1.11898734177,Linear interpolation to 2050; held constant after 2050
Nuclear,2054,O&M,Direct,job/MW,1.08291666667,1.08291666667,Rutovitz 2015,Rutovitz 2015,,60.0,2024.0,7.4,2024.0,Colombian Technology Catalogue,13.a. Nuclear PWR,direct,,Linear interpolation,Nuclear,,Nuclear PWR,,OPEX 2050/2030=0.9416666666666668,2030,2054,1.08291666667,Linear interpolation to 2050; held constant after 2050
Nuclear,2055,Construction,Direct,job-yr/MW,16.8708860759,16.8708860759,Rutovitz 2015,Rutovitz 2015,,60.0,2024.0,7.4,2024.0,Colombian Technology Catalogue,13.a. Nuclear PWR,direct,,Linear interpolation,Nuclear,,Nuclear PWR,,CAPEX 2050/2030=0.860759493670886,2030,2055,16.8708860759,Linear interpolation to 2050; held constant after 2050
Nuclear,2055,Construction&Manufacturing,Direct,job-yr/MW,17.9898734177,17.9898734177,Rutovitz 2015,Rutovitz 2015,,60.0,2024.0,7.4,2024.0,Colombian Technology Catalogue,13.a. Nuclear PWR,direct,,Linear interpolation,Nuclear,,Nuclear PWR,,Construction + Manufacturing; full regional manufacturing assumed by Rutovitz 2015 method,2030,2055,17.9898734177,Linear interpolation to 2050; held constant after 2050
Nuclear,2055,Manufacturing,Direct,job-yr/MW,1.11898734177,1.11898734177,Rutovitz 2015,Rutovitz 2015,,60.0,2024.0,7.4,2024.0,Colombian Technology Catalogue,13.a. Nuclear PWR,direct,,Linear interpolation,Nuclear,,Nuclear PWR,,CAPEX 2050/2030=0.860759493670886,2030,2055,1.11898734177,Linear interpolation to 2050; held constant after 2050
Nuclear,2055,O&M,Direct,job/MW,1.08291666667,1.08291666667,Rutovitz 2015,Rutovitz 2015,,60.0,2024.0,7.4,2024.0,Colombian Technology Catalogue,13.a. Nuclear PWR,direct,,Linear interpolation,Nuclear,,Nuclear PWR,,OPEX 2050/2030=0.9416666666666668,2030,2055,1.08291666667,Linear interpolation to 2050; held constant after 2050
Ocean,2024,Construction,Direct,job-yr/MW,8.3028,8.3028,Rutovitz 2015,Rutovitz 2015,,,,2.0,2015.0,Rutovitz 2015 Table 1,,unmapped_constant,No matching catalogue row; construction time from Rutovitz 2015 Table 1.,Linear interpolation,Ocean,,,,No catalogue ratio mapping; value held constant,2030,2024,8.3028,Linear interpolation between known datapoints
Ocean,2024,Construction&Manufacturing,Direct,job-yr/MW,12.4542,12.4542,Rutovitz 2015,Rutovitz 2015,,,,2.0,2015.0,Rutovitz 2015 Table 1,,unmapped_constant,No matching catalogue row; construction time from Rutovitz 2015 Table 1.,Linear interpolation,Ocean,,,,Construction + Manufacturing * 0.5; renewable local manufacturing share from Rutovitz 2015 Table 17,2030,2024,12.4542,Linear interpolation between known datapoints
Ocean,2024,Manufacturing,Direct,job-yr/MW,8.3028,8.3028,Rutovitz 2015,Rutovitz 2015,,,,2.0,2015.0,Rutovitz 2015 Table 1,,unmapped_constant,No matching catalogue row; construction time from Rutovitz 2015 Table 1.,Linear interpolation,Ocean,,,,No catalogue ratio mapping; value held constant,2030,2024,8.3028,Linear interpolation between known datapoints
Ocean,2024,O&M,Direct,job/MW,0.4884,0.4884,Rutovitz 2015,Rutovitz 2015,,,,2.0,2015.0,Rutovitz 2015 Table 1,,unmapped_constant,No matching catalogue row; construction time from Rutovitz 2015 Table 1.,Linear interpolation,Ocean,,,,No catalogue ratio mapping; value held constant,2030,2024,0.4884,Linear interpolation between known datapoints
Ocean,2025,Construction,Direct,job-yr/MW,8.092,8.092,Rutovitz 2015,Rutovitz 2015,,,,2.0,2015.0,Rutovitz 2015 Table 1,,unmapped_constant,No matching catalogue row; construction time from Rutovitz 2015 Table 1.,Linear interpolation,Ocean,,,,No catalogue ratio mapping; value held constant,2030,2025,8.092,Linear interpolation between known datapoints
Ocean,2025,Construction&Manufacturing,Direct,job-yr/MW,12.138,12.138,Rutovitz 2015,Rutovitz 2015,,,,2.0,2015.0,Rutovitz 2015 Table 1,,unmapped_constant,No matching catalogue row; construction time from Rutovitz 2015 Table 1.,Linear interpolation,Ocean,,,,Construction + Manufacturing * 0.5; renewable local manufacturing share from Rutovitz 2015 Table 17,2030,2025,12.138,Linear interpolation between known datapoints
Ocean,2025,Manufacturing,Direct,job-yr/MW,8.092,8.092,Rutovitz 2015,Rutovitz 2015,,,,2.0,2015.0,Rutovitz 2015 Table 1,,unmapped_constant,No matching catalogue row; construction time from Rutovitz 2015 Table 1.,Linear interpolation,Ocean,,,,No catalogue ratio mapping; value held constant,2030,2025,8.092,Linear interpolation between known datapoints
Ocean,2025,O&M,Direct,job/MW,0.476,0.476,Rutovitz 2015,Rutovitz 2015,,,,2.0,2015.0,Rutovitz 2015 Table 1,,unmapped_constant,No matching catalogue row; construction time from Rutovitz 2015 Table 1.,Linear interpolation,Ocean,,,,No catalogue ratio mapping; value held constant,2030,2025,0.476,Linear interpolation between known datapoints
Ocean,2026,Construction,Direct,job-yr/MW,7.8812,7.8812,Rutovitz 2015,Rutovitz 2015,,,,2.0,2015.0,Rutovitz 2015 Table 1,,unmapped_constant,No matching catalogue row; construction time from Rutovitz 2015 Table 1.,Linear interpolation,Ocean,,,,No catalogue ratio mapping; value held constant,2030,2026,7.8812,Linear interpolation between known datapoints
Ocean,2026,Construction&Manufacturing,Direct,job-yr/MW,11.8218,11.8218,Rutovitz 2015,Rutovitz 2015,,,,2.0,2015.0,Rutovitz 2015 Table 1,,unmapped_constant,No matching catalogue row; construction time from Rutovitz 2015 Table 1.,Linear interpolation,Ocean,,,,Construction + Manufacturing * 0.5; renewable local manufacturing share from Rutovitz 2015 Table 17,2030,2026,11.8218,Linear interpolation between known datapoints
Ocean,2026,Manufacturing,Direct,job-yr/MW,7.8812,7.8812,Rutovitz 2015,Rutovitz 2015,,,,2.0,2015.0,Rutovitz 2015 Table 1,,unmapped_constant,No matching catalogue row; construction time from Rutovitz 2015 Table 1.,Linear interpolation,Ocean,,,,No catalogue ratio mapping; value held constant,2030,2026,7.8812,Linear interpolation between known datapoints
Ocean,2026,O&M,Direct,job/MW,0.4636,0.4636,Rutovitz 2015,Rutovitz 2015,,,,2.0,2015.0,Rutovitz 2015 Table 1,,unmapped_constant,No matching catalogue row; construction time from Rutovitz 2015 Table 1.,Linear interpolation,Ocean,,,,No catalogue ratio mapping; value held constant,2030,2026,0.4636,Linear interpolation between known datapoints
Ocean,2027,Construction,Direct,job-yr/MW,7.6704,7.6704,Rutovitz 2015,Rutovitz 2015,,,,2.0,2015.0,Rutovitz 2015 Table 1,,unmapped_constant,No matching catalogue row; construction time from Rutovitz 2015 Table 1.,Linear interpolation,Ocean,,,,No catalogue ratio mapping; value held constant,2030,2027,7.6704,Linear interpolation between known datapoints
Ocean,2027,Construction&Manufacturing,Direct,job-yr/MW,11.5056,11.5056,Rutovitz 2015,Rutovitz 2015,,,,2.0,2015.0,Rutovitz 2015 Table 1,,unmapped_constant,No matching catalogue row; construction time from Rutovitz 2015 Table 1.,Linear interpolation,Ocean,,,,Construction + Manufacturing * 0.5; renewable local manufacturing share from Rutovitz 2015 Table 17,2030,2027,11.5056,Linear interpolation between known datapoints
Ocean,2027,Manufacturing,Direct,job-yr/MW,7.6704,7.6704,Rutovitz 2015,Rutovitz 2015,,,,2.0,2015.0,Rutovitz 2015 Table 1,,unmapped_constant,No matching catalogue row; construction time from Rutovitz 2015 Table 1.,Linear interpolation,Ocean,,,,No catalogue ratio mapping; value held constant,2030,2027,7.6704,Linear interpolation between known datapoints
Ocean,2027,O&M,Direct,job/MW,0.4512,0.4512,Rutovitz 2015,Rutovitz 2015,,,,2.0,2015.0,Rutovitz 2015 Table 1,,unmapped_constant,No matching catalogue row; construction time from Rutovitz 2015 Table 1.,Linear interpolation,Ocean,,,,No catalogue ratio mapping; value held constant,2030,2027,0.4512,Linear interpolation between known datapoints
Ocean,2028,Construction,Direct,job-yr/MW,7.4596,7.4596,Rutovitz 2015,Rutovitz 2015,,,,2.0,2015.0,Rutovitz 2015 Table 1,,unmapped_constant,No matching catalogue row; construction time from Rutovitz 2015 Table 1.,Linear interpolation,Ocean,,,,No catalogue ratio mapping; value held constant,2030,2028,7.4596,Linear interpolation between known datapoints
Ocean,2028,Construction&Manufacturing,Direct,job-yr/MW,11.1894,11.1894,Rutovitz 2015,Rutovitz 2015,,,,2.0,2015.0,Rutovitz 2015 Table 1,,unmapped_constant,No matching catalogue row; construction time from Rutovitz 2015 Table 1.,Linear interpolation,Ocean,,,,Construction + Manufacturing * 0.5; renewable local manufacturing share from Rutovitz 2015 Table 17,2030,2028,11.1894,Linear interpolation between known datapoints
Ocean,2028,Manufacturing,Direct,job-yr/MW,7.4596,7.4596,Rutovitz 2015,Rutovitz 2015,,,,2.0,2015.0,Rutovitz 2015 Table 1,,unmapped_constant,No matching catalogue row; construction time from Rutovitz 2015 Table 1.,Linear interpolation,Ocean,,,,No catalogue ratio mapping; value held constant,2030,2028,7.4596,Linear interpolation between known datapoints
Ocean,2028,O&M,Direct,job/MW,0.4388,0.4388,Rutovitz 2015,Rutovitz 2015,,,,2.0,2015.0,Rutovitz 2015 Table 1,,unmapped_constant,No matching catalogue row; construction time from Rutovitz 2015 Table 1.,Linear interpolation,Ocean,,,,No catalogue ratio mapping; value held constant,2030,2028,0.4388,Linear interpolation between known datapoints
Ocean,2029,Construction,Direct,job-yr/MW,7.2488,7.2488,Rutovitz 2015,Rutovitz 2015,,,,2.0,2015.0,Rutovitz 2015 Table 1,,unmapped_constant,No matching catalogue row; construction time from Rutovitz 2015 Table 1.,Linear interpolation,Ocean,,,,No catalogue ratio mapping; value held constant,2030,2029,7.2488,Linear interpolation between known datapoints
Ocean,2029,Construction&Manufacturing,Direct,job-yr/MW,10.8732,10.8732,Rutovitz 2015,Rutovitz 2015,,,,2.0,2015.0,Rutovitz 2015 Table 1,,unmapped_constant,No matching catalogue row; construction time from Rutovitz 2015 Table 1.,Linear interpolation,Ocean,,,,Construction + Manufacturing * 0.5; renewable local manufacturing share from Rutovitz 2015 Table 17,2030,2029,10.8732,Linear interpolation between known datapoints
Ocean,2029,Manufacturing,Direct,job-yr/MW,7.2488,7.2488,Rutovitz 2015,Rutovitz 2015,,,,2.0,2015.0,Rutovitz 2015 Table 1,,unmapped_constant,No matching catalogue row; construction time from Rutovitz 2015 Table 1.,Linear interpolation,Ocean,,,,No catalogue ratio mapping; value held constant,2030,2029,7.2488,Linear interpolation between known datapoints
Ocean,2029,O&M,Direct,job/MW,0.4264,0.4264,Rutovitz 2015,Rutovitz 2015,,,,2.0,2015.0,Rutovitz 2015 Table 1,,unmapped_constant,No matching catalogue row; construction time from Rutovitz 2015 Table 1.,Linear interpolation,Ocean,,,,No catalogue ratio mapping; value held constant,2030,2029,0.4264,Linear interpolation between known datapoints
Ocean,2030,Construction,Direct,job-yr/MW,7.038,7.038,Rutovitz 2015,Rutovitz 2015,,,,2.0,2015.0,Rutovitz 2015 Table 1,,unmapped_constant,No matching catalogue row; construction time from Rutovitz 2015 Table 1.,Rutovitz Table 9 decline to 2030,Ocean,0.69,,,Rutovitz Table 9 Latin America 2030,2015,2030,7.038,Known datapoint
Ocean,2030,Construction&Manufacturing,Direct,job-yr/MW,10.557,10.557,Rutovitz 2015,Rutovitz 2015,,,,2.0,2015.0,Rutovitz 2015 Table 1,,unmapped_constant,No matching catalogue row; construction time from Rutovitz 2015 Table 1.,Derived Construction&Manufacturing,Ocean,0.69,,,Construction + Manufacturing * 0.5; renewable local manufacturing share from Rutovitz 2015 Table 17,2015,2030,10.557,Known datapoint
Ocean,2030,Manufacturing,Direct,job-yr/MW,7.038,7.038,Rutovitz 2015,Rutovitz 2015,,,,2.0,2015.0,Rutovitz 2015 Table 1,,unmapped_constant,No matching catalogue row; construction time from Rutovitz 2015 Table 1.,Rutovitz Table 9 decline to 2030,Ocean,0.69,,,Rutovitz Table 9 Latin America 2030,2015,2030,7.038,Known datapoint
Ocean,2030,O&M,Direct,job/MW,0.414,0.414,Rutovitz 2015,Rutovitz 2015,,,,2.0,2015.0,Rutovitz 2015 Table 1,,unmapped_constant,No matching catalogue row; construction time from Rutovitz 2015 Table 1.,Rutovitz Table 9 decline to 2030,Ocean,0.69,,,Rutovitz Table 9 Latin America 2030,2015,2030,0.414,Known datapoint
Ocean,2031,Construction,Direct,job-yr/MW,7.038,7.038,Rutovitz 2015,Rutovitz 2015,,,,2.0,2015.0,Rutovitz 2015 Table 1,,unmapped_constant,No matching catalogue row; construction time from Rutovitz 2015 Table 1.,Linear interpolation,Ocean,,,,No catalogue ratio mapping; value held constant,2030,2031,7.038,Linear interpolation between known datapoints
Ocean,2031,Construction&Manufacturing,Direct,job-yr/MW,10.557,10.557,Rutovitz 2015,Rutovitz 2015,,,,2.0,2015.0,Rutovitz 2015 Table 1,,unmapped_constant,No matching catalogue row; construction time from Rutovitz 2015 Table 1.,Linear interpolation,Ocean,,,,Construction + Manufacturing * 0.5; renewable local manufacturing share from Rutovitz 2015 Table 17,2030,2031,10.557,Linear interpolation between known datapoints
Ocean,2031,Manufacturing,Direct,job-yr/MW,7.038,7.038,Rutovitz 2015,Rutovitz 2015,,,,2.0,2015.0,Rutovitz 2015 Table 1,,unmapped_constant,No matching catalogue row; construction time from Rutovitz 2015 Table 1.,Linear interpolation,Ocean,,,,No catalogue ratio mapping; value held constant,2030,2031,7.038,Linear interpolation between known datapoints
Ocean,2031,O&M,Direct,job/MW,0.414,0.414,Rutovitz 2015,Rutovitz 2015,,,,2.0,2015.0,Rutovitz 2015 Table 1,,unmapped_constant,No matching catalogue row; construction time from Rutovitz 2015 Table 1.,Linear interpolation,Ocean,,,,No catalogue ratio mapping; value held constant,2030,2031,0.414,Linear interpolation between known datapoints
Ocean,2032,Construction,Direct,job-yr/MW,7.038,7.038,Rutovitz 2015,Rutovitz 2015,,,,2.0,2015.0,Rutovitz 2015 Table 1,,unmapped_constant,No matching catalogue row; construction time from Rutovitz 2015 Table 1.,Linear interpolation,Ocean,,,,No catalogue ratio mapping; value held constant,2030,2032,7.038,Linear interpolation between known datapoints
Ocean,2032,Construction&Manufacturing,Direct,job-yr/MW,10.557,10.557,Rutovitz 2015,Rutovitz 2015,,,,2.0,2015.0,Rutovitz 2015 Table 1,,unmapped_constant,No matching catalogue row; construction time from Rutovitz 2015 Table 1.,Linear interpolation,Ocean,,,,Construction + Manufacturing * 0.5; renewable local manufacturing share from Rutovitz 2015 Table 17,2030,2032,10.557,Linear interpolation between known datapoints
Ocean,2032,Manufacturing,Direct,job-yr/MW,7.038,7.038,Rutovitz 2015,Rutovitz 2015,,,,2.0,2015.0,Rutovitz 2015 Table 1,,unmapped_constant,No matching catalogue row; construction time from Rutovitz 2015 Table 1.,Linear interpolation,Ocean,,,,No catalogue ratio mapping; value held constant,2030,2032,7.038,Linear interpolation between known datapoints
Ocean,2032,O&M,Direct,job/MW,0.414,0.414,Rutovitz 2015,Rutovitz 2015,,,,2.0,2015.0,Rutovitz 2015 Table 1,,unmapped_constant,No matching catalogue row; construction time from Rutovitz 2015 Table 1.,Linear interpolation,Ocean,,,,No catalogue ratio mapping; value held constant,2030,2032,0.414,Linear interpolation between known datapoints
Ocean,2033,Construction,Direct,job-yr/MW,7.038,7.038,Rutovitz 2015,Rutovitz 2015,,,,2.0,2015.0,Rutovitz 2015 Table 1,,unmapped_constant,No matching catalogue row; construction time from Rutovitz 2015 Table 1.,Linear interpolation,Ocean,,,,No catalogue ratio mapping; value held constant,2030,2033,7.038,Linear interpolation between known datapoints
Ocean,2033,Construction&Manufacturing,Direct,job-yr/MW,10.557,10.557,Rutovitz 2015,Rutovitz 2015,,,,2.0,2015.0,Rutovitz 2015 Table 1,,unmapped_constant,No matching catalogue row; construction time from Rutovitz 2015 Table 1.,Linear interpolation,Ocean,,,,Construction + Manufacturing * 0.5; renewable local manufacturing share from Rutovitz 2015 Table 17,2030,2033,10.557,Linear interpolation between known datapoints
Ocean,2033,Manufacturing,Direct,job-yr/MW,7.038,7.038,Rutovitz 2015,Rutovitz 2015,,,,2.0,2015.0,Rutovitz 2015 Table 1,,unmapped_constant,No matching catalogue row; construction time from Rutovitz 2015 Table 1.,Linear interpolation,Ocean,,,,No catalogue ratio mapping; value held constant,2030,2033,7.038,Linear interpolation between known datapoints
Ocean,2033,O&M,Direct,job/MW,0.414,0.414,Rutovitz 2015,Rutovitz 2015,,,,2.0,2015.0,Rutovitz 2015 Table 1,,unmapped_constant,No matching catalogue row; construction time from Rutovitz 2015 Table 1.,Linear interpolation,Ocean,,,,No catalogue ratio mapping; value held constant,2030,2033,0.414,Linear interpolation between known datapoints
Ocean,2034,Construction,Direct,job-yr/MW,7.038,7.038,Rutovitz 2015,Rutovitz 2015,,,,2.0,2015.0,Rutovitz 2015 Table 1,,unmapped_constant,No matching catalogue row; construction time from Rutovitz 2015 Table 1.,Linear interpolation,Ocean,,,,No catalogue ratio mapping; value held constant,2030,2034,7.038,Linear interpolation between known datapoints
Ocean,2034,Construction&Manufacturing,Direct,job-yr/MW,10.557,10.557,Rutovitz 2015,Rutovitz 2015,,,,2.0,2015.0,Rutovitz 2015 Table 1,,unmapped_constant,No matching catalogue row; construction time from Rutovitz 2015 Table 1.,Linear interpolation,Ocean,,,,Construction + Manufacturing * 0.5; renewable local manufacturing share from Rutovitz 2015 Table 17,2030,2034,10.557,Linear interpolation between known datapoints
Ocean,2034,Manufacturing,Direct,job-yr/MW,7.038,7.038,Rutovitz 2015,Rutovitz 2015,,,,2.0,2015.0,Rutovitz 2015 Table 1,,unmapped_constant,No matching catalogue row; construction time from Rutovitz 2015 Table 1.,Linear interpolation,Ocean,,,,No catalogue ratio mapping; value held constant,2030,2034,7.038,Linear interpolation between known datapoints
Ocean,2034,O&M,Direct,job/MW,0.414,0.414,Rutovitz 2015,Rutovitz 2015,,,,2.0,2015.0,Rutovitz 2015 Table 1,,unmapped_constant,No matching catalogue row; construction time from Rutovitz 2015 Table 1.,Linear interpolation,Ocean,,,,No catalogue ratio mapping; value held constant,2030,2034,0.414,Linear interpolation between known datapoints
Ocean,2035,Construction,Direct,job-yr/MW,7.038,7.038,Rutovitz 2015,Rutovitz 2015,,,,2.0,2015.0,Rutovitz 2015 Table 1,,unmapped_constant,No matching catalogue row; construction time from Rutovitz 2015 Table 1.,Linear interpolation,Ocean,,,,No catalogue ratio mapping; value held constant,2030,2035,7.038,Linear interpolation between known datapoints
Ocean,2035,Construction&Manufacturing,Direct,job-yr/MW,10.557,10.557,Rutovitz 2015,Rutovitz 2015,,,,2.0,2015.0,Rutovitz 2015 Table 1,,unmapped_constant,No matching catalogue row; construction time from Rutovitz 2015 Table 1.,Linear interpolation,Ocean,,,,Construction + Manufacturing * 0.5; renewable local manufacturing share from Rutovitz 2015 Table 17,2030,2035,10.557,Linear interpolation between known datapoints
Ocean,2035,Manufacturing,Direct,job-yr/MW,7.038,7.038,Rutovitz 2015,Rutovitz 2015,,,,2.0,2015.0,Rutovitz 2015 Table 1,,unmapped_constant,No matching catalogue row; construction time from Rutovitz 2015 Table 1.,Linear interpolation,Ocean,,,,No catalogue ratio mapping; value held constant,2030,2035,7.038,Linear interpolation between known datapoints
Ocean,2035,O&M,Direct,job/MW,0.414,0.414,Rutovitz 2015,Rutovitz 2015,,,,2.0,2015.0,Rutovitz 2015 Table 1,,unmapped_constant,No matching catalogue row; construction time from Rutovitz 2015 Table 1.,Linear interpolation,Ocean,,,,No catalogue ratio mapping; value held constant,2030,2035,0.414,Linear interpolation between known datapoints
Ocean,2036,Construction,Direct,job-yr/MW,7.038,7.038,Rutovitz 2015,Rutovitz 2015,,,,2.0,2015.0,Rutovitz 2015 Table 1,,unmapped_constant,No matching catalogue row; construction time from Rutovitz 2015 Table 1.,Linear interpolation,Ocean,,,,No catalogue ratio mapping; value held constant,2030,2036,7.038,Linear interpolation between known datapoints
Ocean,2036,Construction&Manufacturing,Direct,job-yr/MW,10.557,10.557,Rutovitz 2015,Rutovitz 2015,,,,2.0,2015.0,Rutovitz 2015 Table 1,,unmapped_constant,No matching catalogue row; construction time from Rutovitz 2015 Table 1.,Linear interpolation,Ocean,,,,Construction + Manufacturing * 0.5; renewable local manufacturing share from Rutovitz 2015 Table 17,2030,2036,10.557,Linear interpolation between known datapoints
Ocean,2036,Manufacturing,Direct,job-yr/MW,7.038,7.038,Rutovitz 2015,Rutovitz 2015,,,,2.0,2015.0,Rutovitz 2015 Table 1,,unmapped_constant,No matching catalogue row; construction time from Rutovitz 2015 Table 1.,Linear interpolation,Ocean,,,,No catalogue ratio mapping; value held constant,2030,2036,7.038,Linear interpolation between known datapoints
Ocean,2036,O&M,Direct,job/MW,0.414,0.414,Rutovitz 2015,Rutovitz 2015,,,,2.0,2015.0,Rutovitz 2015 Table 1,,unmapped_constant,No matching catalogue row; construction time from Rutovitz 2015 Table 1.,Linear interpolation,Ocean,,,,No catalogue ratio mapping; value held constant,2030,2036,0.414,Linear interpolation between known datapoints
Ocean,2037,Construction,Direct,job-yr/MW,7.038,7.038,Rutovitz 2015,Rutovitz 2015,,,,2.0,2015.0,Rutovitz 2015 Table 1,,unmapped_constant,No matching catalogue row; construction time from Rutovitz 2015 Table 1.,Linear interpolation,Ocean,,,,No catalogue ratio mapping; value held constant,2030,2037,7.038,Linear interpolation between known datapoints
Ocean,2037,Construction&Manufacturing,Direct,job-yr/MW,10.557,10.557,Rutovitz 2015,Rutovitz 2015,,,,2.0,2015.0,Rutovitz 2015 Table 1,,unmapped_constant,No matching catalogue row; construction time from Rutovitz 2015 Table 1.,Linear interpolation,Ocean,,,,Construction + Manufacturing * 0.5; renewable local manufacturing share from Rutovitz 2015 Table 17,2030,2037,10.557,Linear interpolation between known datapoints
Ocean,2037,Manufacturing,Direct,job-yr/MW,7.038,7.038,Rutovitz 2015,Rutovitz 2015,,,,2.0,2015.0,Rutovitz 2015 Table 1,,unmapped_constant,No matching catalogue row; construction time from Rutovitz 2015 Table 1.,Linear interpolation,Ocean,,,,No catalogue ratio mapping; value held constant,2030,2037,7.038,Linear interpolation between known datapoints
Ocean,2037,O&M,Direct,job/MW,0.414,0.414,Rutovitz 2015,Rutovitz 2015,,,,2.0,2015.0,Rutovitz 2015 Table 1,,unmapped_constant,No matching catalogue row; construction time from Rutovitz 2015 Table 1.,Linear interpolation,Ocean,,,,No catalogue ratio mapping; value held constant,2030,2037,0.414,Linear interpolation between known datapoints
Ocean,2038,Construction,Direct,job-yr/MW,7.038,7.038,Rutovitz 2015,Rutovitz 2015,,,,2.0,2015.0,Rutovitz 2015 Table 1,,unmapped_constant,No matching catalogue row; construction time from Rutovitz 2015 Table 1.,Linear interpolation,Ocean,,,,No catalogue ratio mapping; value held constant,2030,2038,7.038,Linear interpolation between known datapoints
Ocean,2038,Construction&Manufacturing,Direct,job-yr/MW,10.557,10.557,Rutovitz 2015,Rutovitz 2015,,,,2.0,2015.0,Rutovitz 2015 Table 1,,unmapped_constant,No matching catalogue row; construction time from Rutovitz 2015 Table 1.,Linear interpolation,Ocean,,,,Construction + Manufacturing * 0.5; renewable local manufacturing share from Rutovitz 2015 Table 17,2030,2038,10.557,Linear interpolation between known datapoints
Ocean,2038,Manufacturing,Direct,job-yr/MW,7.038,7.038,Rutovitz 2015,Rutovitz 2015,,,,2.0,2015.0,Rutovitz 2015 Table 1,,unmapped_constant,No matching catalogue row; construction time from Rutovitz 2015 Table 1.,Linear interpolation,Ocean,,,,No catalogue ratio mapping; value held constant,2030,2038,7.038,Linear interpolation between known datapoints
Ocean,2038,O&M,Direct,job/MW,0.414,0.414,Rutovitz 2015,Rutovitz 2015,,,,2.0,2015.0,Rutovitz 2015 Table 1,,unmapped_constant,No matching catalogue row; construction time from Rutovitz 2015 Table 1.,Linear interpolation,Ocean,,,,No catalogue ratio mapping; value held constant,2030,2038,0.414,Linear interpolation between known datapoints
Ocean,2039,Construction,Direct,job-yr/MW,7.038,7.038,Rutovitz 2015,Rutovitz 2015,,,,2.0,2015.0,Rutovitz 2015 Table 1,,unmapped_constant,No matching catalogue row; construction time from Rutovitz 2015 Table 1.,Linear interpolation,Ocean,,,,No catalogue ratio mapping; value held constant,2030,2039,7.038,Linear interpolation between known datapoints
Ocean,2039,Construction&Manufacturing,Direct,job-yr/MW,10.557,10.557,Rutovitz 2015,Rutovitz 2015,,,,2.0,2015.0,Rutovitz 2015 Table 1,,unmapped_constant,No matching catalogue row; construction time from Rutovitz 2015 Table 1.,Linear interpolation,Ocean,,,,Construction + Manufacturing * 0.5; renewable local manufacturing share from Rutovitz 2015 Table 17,2030,2039,10.557,Linear interpolation between known datapoints
Ocean,2039,Manufacturing,Direct,job-yr/MW,7.038,7.038,Rutovitz 2015,Rutovitz 2015,,,,2.0,2015.0,Rutovitz 2015 Table 1,,unmapped_constant,No matching catalogue row; construction time from Rutovitz 2015 Table 1.,Linear interpolation,Ocean,,,,No catalogue ratio mapping; value held constant,2030,2039,7.038,Linear interpolation between known datapoints
Ocean,2039,O&M,Direct,job/MW,0.414,0.414,Rutovitz 2015,Rutovitz 2015,,,,2.0,2015.0,Rutovitz 2015 Table 1,,unmapped_constant,No matching catalogue row; construction time from Rutovitz 2015 Table 1.,Linear interpolation,Ocean,,,,No catalogue ratio mapping; value held constant,2030,2039,0.414,Linear interpolation between known datapoints
Ocean,2040,Construction,Direct,job-yr/MW,7.038,7.038,Rutovitz 2015,Rutovitz 2015,,,,2.0,2015.0,Rutovitz 2015 Table 1,,unmapped_constant,No matching catalogue row; construction time from Rutovitz 2015 Table 1.,Linear interpolation,Ocean,,,,No catalogue ratio mapping; value held constant,2030,2040,7.038,Linear interpolation between known datapoints
Ocean,2040,Construction&Manufacturing,Direct,job-yr/MW,10.557,10.557,Rutovitz 2015,Rutovitz 2015,,,,2.0,2015.0,Rutovitz 2015 Table 1,,unmapped_constant,No matching catalogue row; construction time from Rutovitz 2015 Table 1.,Linear interpolation,Ocean,,,,Construction + Manufacturing * 0.5; renewable local manufacturing share from Rutovitz 2015 Table 17,2030,2040,10.557,Linear interpolation between known datapoints
Ocean,2040,Manufacturing,Direct,job-yr/MW,7.038,7.038,Rutovitz 2015,Rutovitz 2015,,,,2.0,2015.0,Rutovitz 2015 Table 1,,unmapped_constant,No matching catalogue row; construction time from Rutovitz 2015 Table 1.,Linear interpolation,Ocean,,,,No catalogue ratio mapping; value held constant,2030,2040,7.038,Linear interpolation between known datapoints
Ocean,2040,O&M,Direct,job/MW,0.414,0.414,Rutovitz 2015,Rutovitz 2015,,,,2.0,2015.0,Rutovitz 2015 Table 1,,unmapped_constant,No matching catalogue row; construction time from Rutovitz 2015 Table 1.,Linear interpolation,Ocean,,,,No catalogue ratio mapping; value held constant,2030,2040,0.414,Linear interpolation between known datapoints
Ocean,2041,Construction,Direct,job-yr/MW,7.038,7.038,Rutovitz 2015,Rutovitz 2015,,,,2.0,2015.0,Rutovitz 2015 Table 1,,unmapped_constant,No matching catalogue row; construction time from Rutovitz 2015 Table 1.,Linear interpolation,Ocean,,,,No catalogue ratio mapping; value held constant,2030,2041,7.038,Linear interpolation between known datapoints
Ocean,2041,Construction&Manufacturing,Direct,job-yr/MW,10.557,10.557,Rutovitz 2015,Rutovitz 2015,,,,2.0,2015.0,Rutovitz 2015 Table 1,,unmapped_constant,No matching catalogue row; construction time from Rutovitz 2015 Table 1.,Linear interpolation,Ocean,,,,Construction + Manufacturing * 0.5; renewable local manufacturing share from Rutovitz 2015 Table 17,2030,2041,10.557,Linear interpolation between known datapoints
Ocean,2041,Manufacturing,Direct,job-yr/MW,7.038,7.038,Rutovitz 2015,Rutovitz 2015,,,,2.0,2015.0,Rutovitz 2015 Table 1,,unmapped_constant,No matching catalogue row; construction time from Rutovitz 2015 Table 1.,Linear interpolation,Ocean,,,,No catalogue ratio mapping; value held constant,2030,2041,7.038,Linear interpolation between known datapoints
Ocean,2041,O&M,Direct,job/MW,0.414,0.414,Rutovitz 2015,Rutovitz 2015,,,,2.0,2015.0,Rutovitz 2015 Table 1,,unmapped_constant,No matching catalogue row; construction time from Rutovitz 2015 Table 1.,Linear interpolation,Ocean,,,,No catalogue ratio mapping; value held constant,2030,2041,0.414,Linear interpolation between known datapoints
Ocean,2042,Construction,Direct,job-yr/MW,7.038,7.038,Rutovitz 2015,Rutovitz 2015,,,,2.0,2015.0,Rutovitz 2015 Table 1,,unmapped_constant,No matching catalogue row; construction time from Rutovitz 2015 Table 1.,Linear interpolation,Ocean,,,,No catalogue ratio mapping; value held constant,2030,2042,7.038,Linear interpolation between known datapoints
Ocean,2042,Construction&Manufacturing,Direct,job-yr/MW,10.557,10.557,Rutovitz 2015,Rutovitz 2015,,,,2.0,2015.0,Rutovitz 2015 Table 1,,unmapped_constant,No matching catalogue row; construction time from Rutovitz 2015 Table 1.,Linear interpolation,Ocean,,,,Construction + Manufacturing * 0.5; renewable local manufacturing share from Rutovitz 2015 Table 17,2030,2042,10.557,Linear interpolation between known datapoints
Ocean,2042,Manufacturing,Direct,job-yr/MW,7.038,7.038,Rutovitz 2015,Rutovitz 2015,,,,2.0,2015.0,Rutovitz 2015 Table 1,,unmapped_constant,No matching catalogue row; construction time from Rutovitz 2015 Table 1.,Linear interpolation,Ocean,,,,No catalogue ratio mapping; value held constant,2030,2042,7.038,Linear interpolation between known datapoints
Ocean,2042,O&M,Direct,job/MW,0.414,0.414,Rutovitz 2015,Rutovitz 2015,,,,2.0,2015.0,Rutovitz 2015 Table 1,,unmapped_constant,No matching catalogue row; construction time from Rutovitz 2015 Table 1.,Linear interpolation,Ocean,,,,No catalogue ratio mapping; value held constant,2030,2042,0.414,Linear interpolation between known datapoints
Ocean,2043,Construction,Direct,job-yr/MW,7.038,7.038,Rutovitz 2015,Rutovitz 2015,,,,2.0,2015.0,Rutovitz 2015 Table 1,,unmapped_constant,No matching catalogue row; construction time from Rutovitz 2015 Table 1.,Linear interpolation,Ocean,,,,No catalogue ratio mapping; value held constant,2030,2043,7.038,Linear interpolation between known datapoints
Ocean,2043,Construction&Manufacturing,Direct,job-yr/MW,10.557,10.557,Rutovitz 2015,Rutovitz 2015,,,,2.0,2015.0,Rutovitz 2015 Table 1,,unmapped_constant,No matching catalogue row; construction time from Rutovitz 2015 Table 1.,Linear interpolation,Ocean,,,,Construction + Manufacturing * 0.5; renewable local manufacturing share from Rutovitz 2015 Table 17,2030,2043,10.557,Linear interpolation between known datapoints
Ocean,2043,Manufacturing,Direct,job-yr/MW,7.038,7.038,Rutovitz 2015,Rutovitz 2015,,,,2.0,2015.0,Rutovitz 2015 Table 1,,unmapped_constant,No matching catalogue row; construction time from Rutovitz 2015 Table 1.,Linear interpolation,Ocean,,,,No catalogue ratio mapping; value held constant,2030,2043,7.038,Linear interpolation between known datapoints
Ocean,2043,O&M,Direct,job/MW,0.414,0.414,Rutovitz 2015,Rutovitz 2015,,,,2.0,2015.0,Rutovitz 2015 Table 1,,unmapped_constant,No matching catalogue row; construction time from Rutovitz 2015 Table 1.,Linear interpolation,Ocean,,,,No catalogue ratio mapping; value held constant,2030,2043,0.414,Linear interpolation between known datapoints
Ocean,2044,Construction,Direct,job-yr/MW,7.038,7.038,Rutovitz 2015,Rutovitz 2015,,,,2.0,2015.0,Rutovitz 2015 Table 1,,unmapped_constant,No matching catalogue row; construction time from Rutovitz 2015 Table 1.,Linear interpolation,Ocean,,,,No catalogue ratio mapping; value held constant,2030,2044,7.038,Linear interpolation between known datapoints
Ocean,2044,Construction&Manufacturing,Direct,job-yr/MW,10.557,10.557,Rutovitz 2015,Rutovitz 2015,,,,2.0,2015.0,Rutovitz 2015 Table 1,,unmapped_constant,No matching catalogue row; construction time from Rutovitz 2015 Table 1.,Linear interpolation,Ocean,,,,Construction + Manufacturing * 0.5; renewable local manufacturing share from Rutovitz 2015 Table 17,2030,2044,10.557,Linear interpolation between known datapoints
Ocean,2044,Manufacturing,Direct,job-yr/MW,7.038,7.038,Rutovitz 2015,Rutovitz 2015,,,,2.0,2015.0,Rutovitz 2015 Table 1,,unmapped_constant,No matching catalogue row; construction time from Rutovitz 2015 Table 1.,Linear interpolation,Ocean,,,,No catalogue ratio mapping; value held constant,2030,2044,7.038,Linear interpolation between known datapoints
Ocean,2044,O&M,Direct,job/MW,0.414,0.414,Rutovitz 2015,Rutovitz 2015,,,,2.0,2015.0,Rutovitz 2015 Table 1,,unmapped_constant,No matching catalogue row; construction time from Rutovitz 2015 Table 1.,Linear interpolation,Ocean,,,,No catalogue ratio mapping; value held constant,2030,2044,0.414,Linear interpolation between known datapoints
Ocean,2045,Construction,Direct,job-yr/MW,7.038,7.038,Rutovitz 2015,Rutovitz 2015,,,,2.0,2015.0,Rutovitz 2015 Table 1,,unmapped_constant,No matching catalogue row; construction time from Rutovitz 2015 Table 1.,Linear interpolation,Ocean,,,,No catalogue ratio mapping; value held constant,2030,2045,7.038,Linear interpolation between known datapoints
Ocean,2045,Construction&Manufacturing,Direct,job-yr/MW,10.557,10.557,Rutovitz 2015,Rutovitz 2015,,,,2.0,2015.0,Rutovitz 2015 Table 1,,unmapped_constant,No matching catalogue row; construction time from Rutovitz 2015 Table 1.,Linear interpolation,Ocean,,,,Construction + Manufacturing * 0.5; renewable local manufacturing share from Rutovitz 2015 Table 17,2030,2045,10.557,Linear interpolation between known datapoints
Ocean,2045,Manufacturing,Direct,job-yr/MW,7.038,7.038,Rutovitz 2015,Rutovitz 2015,,,,2.0,2015.0,Rutovitz 2015 Table 1,,unmapped_constant,No matching catalogue row; construction time from Rutovitz 2015 Table 1.,Linear interpolation,Ocean,,,,No catalogue ratio mapping; value held constant,2030,2045,7.038,Linear interpolation between known datapoints
Ocean,2045,O&M,Direct,job/MW,0.414,0.414,Rutovitz 2015,Rutovitz 2015,,,,2.0,2015.0,Rutovitz 2015 Table 1,,unmapped_constant,No matching catalogue row; construction time from Rutovitz 2015 Table 1.,Linear interpolation,Ocean,,,,No catalogue ratio mapping; value held constant,2030,2045,0.414,Linear interpolation between known datapoints
Ocean,2046,Construction,Direct,job-yr/MW,7.038,7.038,Rutovitz 2015,Rutovitz 2015,,,,2.0,2015.0,Rutovitz 2015 Table 1,,unmapped_constant,No matching catalogue row; construction time from Rutovitz 2015 Table 1.,Linear interpolation,Ocean,,,,No catalogue ratio mapping; value held constant,2030,2046,7.038,Linear interpolation between known datapoints
Ocean,2046,Construction&Manufacturing,Direct,job-yr/MW,10.557,10.557,Rutovitz 2015,Rutovitz 2015,,,,2.0,2015.0,Rutovitz 2015 Table 1,,unmapped_constant,No matching catalogue row; construction time from Rutovitz 2015 Table 1.,Linear interpolation,Ocean,,,,Construction + Manufacturing * 0.5; renewable local manufacturing share from Rutovitz 2015 Table 17,2030,2046,10.557,Linear interpolation between known datapoints
Ocean,2046,Manufacturing,Direct,job-yr/MW,7.038,7.038,Rutovitz 2015,Rutovitz 2015,,,,2.0,2015.0,Rutovitz 2015 Table 1,,unmapped_constant,No matching catalogue row; construction time from Rutovitz 2015 Table 1.,Linear interpolation,Ocean,,,,No catalogue ratio mapping; value held constant,2030,2046,7.038,Linear interpolation between known datapoints
Ocean,2046,O&M,Direct,job/MW,0.414,0.414,Rutovitz 2015,Rutovitz 2015,,,,2.0,2015.0,Rutovitz 2015 Table 1,,unmapped_constant,No matching catalogue row; construction time from Rutovitz 2015 Table 1.,Linear interpolation,Ocean,,,,No catalogue ratio mapping; value held constant,2030,2046,0.414,Linear interpolation between known datapoints
Ocean,2047,Construction,Direct,job-yr/MW,7.038,7.038,Rutovitz 2015,Rutovitz 2015,,,,2.0,2015.0,Rutovitz 2015 Table 1,,unmapped_constant,No matching catalogue row; construction time from Rutovitz 2015 Table 1.,Linear interpolation,Ocean,,,,No catalogue ratio mapping; value held constant,2030,2047,7.038,Linear interpolation between known datapoints
Ocean,2047,Construction&Manufacturing,Direct,job-yr/MW,10.557,10.557,Rutovitz 2015,Rutovitz 2015,,,,2.0,2015.0,Rutovitz 2015 Table 1,,unmapped_constant,No matching catalogue row; construction time from Rutovitz 2015 Table 1.,Linear interpolation,Ocean,,,,Construction + Manufacturing * 0.5; renewable local manufacturing share from Rutovitz 2015 Table 17,2030,2047,10.557,Linear interpolation between known datapoints
Ocean,2047,Manufacturing,Direct,job-yr/MW,7.038,7.038,Rutovitz 2015,Rutovitz 2015,,,,2.0,2015.0,Rutovitz 2015 Table 1,,unmapped_constant,No matching catalogue row; construction time from Rutovitz 2015 Table 1.,Linear interpolation,Ocean,,,,No catalogue ratio mapping; value held constant,2030,2047,7.038,Linear interpolation between known datapoints
Ocean,2047,O&M,Direct,job/MW,0.414,0.414,Rutovitz 2015,Rutovitz 2015,,,,2.0,2015.0,Rutovitz 2015 Table 1,,unmapped_constant,No matching catalogue row; construction time from Rutovitz 2015 Table 1.,Linear interpolation,Ocean,,,,No catalogue ratio mapping; value held constant,2030,2047,0.414,Linear interpolation between known datapoints
Ocean,2048,Construction,Direct,job-yr/MW,7.038,7.038,Rutovitz 2015,Rutovitz 2015,,,,2.0,2015.0,Rutovitz 2015 Table 1,,unmapped_constant,No matching catalogue row; construction time from Rutovitz 2015 Table 1.,Linear interpolation,Ocean,,,,No catalogue ratio mapping; value held constant,2030,2048,7.038,Linear interpolation between known datapoints
Ocean,2048,Construction&Manufacturing,Direct,job-yr/MW,10.557,10.557,Rutovitz 2015,Rutovitz 2015,,,,2.0,2015.0,Rutovitz 2015 Table 1,,unmapped_constant,No matching catalogue row; construction time from Rutovitz 2015 Table 1.,Linear interpolation,Ocean,,,,Construction + Manufacturing * 0.5; renewable local manufacturing share from Rutovitz 2015 Table 17,2030,2048,10.557,Linear interpolation between known datapoints
Ocean,2048,Manufacturing,Direct,job-yr/MW,7.038,7.038,Rutovitz 2015,Rutovitz 2015,,,,2.0,2015.0,Rutovitz 2015 Table 1,,unmapped_constant,No matching catalogue row; construction time from Rutovitz 2015 Table 1.,Linear interpolation,Ocean,,,,No catalogue ratio mapping; value held constant,2030,2048,7.038,Linear interpolation between known datapoints
Ocean,2048,O&M,Direct,job/MW,0.414,0.414,Rutovitz 2015,Rutovitz 2015,,,,2.0,2015.0,Rutovitz 2015 Table 1,,unmapped_constant,No matching catalogue row; construction time from Rutovitz 2015 Table 1.,Linear interpolation,Ocean,,,,No catalogue ratio mapping; value held constant,2030,2048,0.414,Linear interpolation between known datapoints
Ocean,2049,Construction,Direct,job-yr/MW,7.038,7.038,Rutovitz 2015,Rutovitz 2015,,,,2.0,2015.0,Rutovitz 2015 Table 1,,unmapped_constant,No matching catalogue row; construction time from Rutovitz 2015 Table 1.,Linear interpolation,Ocean,,,,No catalogue ratio mapping; value held constant,2030,2049,7.038,Linear interpolation between known datapoints
Ocean,2049,Construction&Manufacturing,Direct,job-yr/MW,10.557,10.557,Rutovitz 2015,Rutovitz 2015,,,,2.0,2015.0,Rutovitz 2015 Table 1,,unmapped_constant,No matching catalogue row; construction time from Rutovitz 2015 Table 1.,Linear interpolation,Ocean,,,,Construction + Manufacturing * 0.5; renewable local manufacturing share from Rutovitz 2015 Table 17,2030,2049,10.557,Linear interpolation between known datapoints
Ocean,2049,Manufacturing,Direct,job-yr/MW,7.038,7.038,Rutovitz 2015,Rutovitz 2015,,,,2.0,2015.0,Rutovitz 2015 Table 1,,unmapped_constant,No matching catalogue row; construction time from Rutovitz 2015 Table 1.,Linear interpolation,Ocean,,,,No catalogue ratio mapping; value held constant,2030,2049,7.038,Linear interpolation between known datapoints
Ocean,2049,O&M,Direct,job/MW,0.414,0.414,Rutovitz 2015,Rutovitz 2015,,,,2.0,2015.0,Rutovitz 2015 Table 1,,unmapped_constant,No matching catalogue row; construction time from Rutovitz 2015 Table 1.,Linear interpolation,Ocean,,,,No catalogue ratio mapping; value held constant,2030,2049,0.414,Linear interpolation between known datapoints
Ocean,2050,Construction,Direct,job-yr/MW,7.038,7.038,Rutovitz 2015,Rutovitz 2015,,,,2.0,2015.0,Rutovitz 2015 Table 1,,unmapped_constant,No matching catalogue row; construction time from Rutovitz 2015 Table 1.,Constant projection for unmapped catalogue ratio,Ocean,,,,No catalogue ratio mapping; value held constant,2030,2050,7.038,Known datapoint
Ocean,2050,Construction&Manufacturing,Direct,job-yr/MW,10.557,10.557,Rutovitz 2015,Rutovitz 2015,,,,2.0,2015.0,Rutovitz 2015 Table 1,,unmapped_constant,No matching catalogue row; construction time from Rutovitz 2015 Table 1.,Derived Construction&Manufacturing,Ocean,,,,Construction + Manufacturing * 0.5; renewable local manufacturing share from Rutovitz 2015 Table 17,2030,2050,10.557,Known datapoint
Ocean,2050,Manufacturing,Direct,job-yr/MW,7.038,7.038,Rutovitz 2015,Rutovitz 2015,,,,2.0,2015.0,Rutovitz 2015 Table 1,,unmapped_constant,No matching catalogue row; construction time from Rutovitz 2015 Table 1.,Constant projection for unmapped catalogue ratio,Ocean,,,,No catalogue ratio mapping; value held constant,2030,2050,7.038,Known datapoint
Ocean,2050,O&M,Direct,job/MW,0.414,0.414,Rutovitz 2015,Rutovitz 2015,,,,2.0,2015.0,Rutovitz 2015 Table 1,,unmapped_constant,No matching catalogue row; construction time from Rutovitz 2015 Table 1.,Constant projection for unmapped catalogue ratio,Ocean,,,,No catalogue ratio mapping; value held constant,2030,2050,0.414,Known datapoint
Ocean,2051,Construction,Direct,job-yr/MW,7.038,7.038,Rutovitz 2015,Rutovitz 2015,,,,2.0,2015.0,Rutovitz 2015 Table 1,,unmapped_constant,No matching catalogue row; construction time from Rutovitz 2015 Table 1.,Linear interpolation,Ocean,,,,No catalogue ratio mapping; value held constant,2030,2051,7.038,Linear interpolation to 2050; held constant after 2050
Ocean,2051,Construction&Manufacturing,Direct,job-yr/MW,10.557,10.557,Rutovitz 2015,Rutovitz 2015,,,,2.0,2015.0,Rutovitz 2015 Table 1,,unmapped_constant,No matching catalogue row; construction time from Rutovitz 2015 Table 1.,Linear interpolation,Ocean,,,,Construction + Manufacturing * 0.5; renewable local manufacturing share from Rutovitz 2015 Table 17,2030,2051,10.557,Linear interpolation to 2050; held constant after 2050
Ocean,2051,Manufacturing,Direct,job-yr/MW,7.038,7.038,Rutovitz 2015,Rutovitz 2015,,,,2.0,2015.0,Rutovitz 2015 Table 1,,unmapped_constant,No matching catalogue row; construction time from Rutovitz 2015 Table 1.,Linear interpolation,Ocean,,,,No catalogue ratio mapping; value held constant,2030,2051,7.038,Linear interpolation to 2050; held constant after 2050
Ocean,2051,O&M,Direct,job/MW,0.414,0.414,Rutovitz 2015,Rutovitz 2015,,,,2.0,2015.0,Rutovitz 2015 Table 1,,unmapped_constant,No matching catalogue row; construction time from Rutovitz 2015 Table 1.,Linear interpolation,Ocean,,,,No catalogue ratio mapping; value held constant,2030,2051,0.414,Linear interpolation to 2050; held constant after 2050
Ocean,2052,Construction,Direct,job-yr/MW,7.038,7.038,Rutovitz 2015,Rutovitz 2015,,,,2.0,2015.0,Rutovitz 2015 Table 1,,unmapped_constant,No matching catalogue row; construction time from Rutovitz 2015 Table 1.,Linear interpolation,Ocean,,,,No catalogue ratio mapping; value held constant,2030,2052,7.038,Linear interpolation to 2050; held constant after 2050
Ocean,2052,Construction&Manufacturing,Direct,job-yr/MW,10.557,10.557,Rutovitz 2015,Rutovitz 2015,,,,2.0,2015.0,Rutovitz 2015 Table 1,,unmapped_constant,No matching catalogue row; construction time from Rutovitz 2015 Table 1.,Linear interpolation,Ocean,,,,Construction + Manufacturing * 0.5; renewable local manufacturing share from Rutovitz 2015 Table 17,2030,2052,10.557,Linear interpolation to 2050; held constant after 2050
Ocean,2052,Manufacturing,Direct,job-yr/MW,7.038,7.038,Rutovitz 2015,Rutovitz 2015,,,,2.0,2015.0,Rutovitz 2015 Table 1,,unmapped_constant,No matching catalogue row; construction time from Rutovitz 2015 Table 1.,Linear interpolation,Ocean,,,,No catalogue ratio mapping; value held constant,2030,2052,7.038,Linear interpolation to 2050; held constant after 2050
Ocean,2052,O&M,Direct,job/MW,0.414,0.414,Rutovitz 2015,Rutovitz 2015,,,,2.0,2015.0,Rutovitz 2015 Table 1,,unmapped_constant,No matching catalogue row; construction time from Rutovitz 2015 Table 1.,Linear interpolation,Ocean,,,,No catalogue ratio mapping; value held constant,2030,2052,0.414,Linear interpolation to 2050; held constant after 2050
Ocean,2053,Construction,Direct,job-yr/MW,7.038,7.038,Rutovitz 2015,Rutovitz 2015,,,,2.0,2015.0,Rutovitz 2015 Table 1,,unmapped_constant,No matching catalogue row; construction time from Rutovitz 2015 Table 1.,Linear interpolation,Ocean,,,,No catalogue ratio mapping; value held constant,2030,2053,7.038,Linear interpolation to 2050; held constant after 2050
Ocean,2053,Construction&Manufacturing,Direct,job-yr/MW,10.557,10.557,Rutovitz 2015,Rutovitz 2015,,,,2.0,2015.0,Rutovitz 2015 Table 1,,unmapped_constant,No matching catalogue row; construction time from Rutovitz 2015 Table 1.,Linear interpolation,Ocean,,,,Construction + Manufacturing * 0.5; renewable local manufacturing share from Rutovitz 2015 Table 17,2030,2053,10.557,Linear interpolation to 2050; held constant after 2050
Ocean,2053,Manufacturing,Direct,job-yr/MW,7.038,7.038,Rutovitz 2015,Rutovitz 2015,,,,2.0,2015.0,Rutovitz 2015 Table 1,,unmapped_constant,No matching catalogue row; construction time from Rutovitz 2015 Table 1.,Linear interpolation,Ocean,,,,No catalogue ratio mapping; value held constant,2030,2053,7.038,Linear interpolation to 2050; held constant after 2050
Ocean,2053,O&M,Direct,job/MW,0.414,0.414,Rutovitz 2015,Rutovitz 2015,,,,2.0,2015.0,Rutovitz 2015 Table 1,,unmapped_constant,No matching catalogue row; construction time from Rutovitz 2015 Table 1.,Linear interpolation,Ocean,,,,No catalogue ratio mapping; value held constant,2030,2053,0.414,Linear interpolation to 2050; held constant after 2050
Ocean,2054,Construction,Direct,job-yr/MW,7.038,7.038,Rutovitz 2015,Rutovitz 2015,,,,2.0,2015.0,Rutovitz 2015 Table 1,,unmapped_constant,No matching catalogue row; construction time from Rutovitz 2015 Table 1.,Linear interpolation,Ocean,,,,No catalogue ratio mapping; value held constant,2030,2054,7.038,Linear interpolation to 2050; held constant after 2050
Ocean,2054,Construction&Manufacturing,Direct,job-yr/MW,10.557,10.557,Rutovitz 2015,Rutovitz 2015,,,,2.0,2015.0,Rutovitz 2015 Table 1,,unmapped_constant,No matching catalogue row; construction time from Rutovitz 2015 Table 1.,Linear interpolation,Ocean,,,,Construction + Manufacturing * 0.5; renewable local manufacturing share from Rutovitz 2015 Table 17,2030,2054,10.557,Linear interpolation to 2050; held constant after 2050
Ocean,2054,Manufacturing,Direct,job-yr/MW,7.038,7.038,Rutovitz 2015,Rutovitz 2015,,,,2.0,2015.0,Rutovitz 2015 Table 1,,unmapped_constant,No matching catalogue row; construction time from Rutovitz 2015 Table 1.,Linear interpolation,Ocean,,,,No catalogue ratio mapping; value held constant,2030,2054,7.038,Linear interpolation to 2050; held constant after 2050
Ocean,2054,O&M,Direct,job/MW,0.414,0.414,Rutovitz 2015,Rutovitz 2015,,,,2.0,2015.0,Rutovitz 2015 Table 1,,unmapped_constant,No matching catalogue row; construction time from Rutovitz 2015 Table 1.,Linear interpolation,Ocean,,,,No catalogue ratio mapping; value held constant,2030,2054,0.414,Linear interpolation to 2050; held constant after 2050
Ocean,2055,Construction,Direct,job-yr/MW,7.038,7.038,Rutovitz 2015,Rutovitz 2015,,,,2.0,2015.0,Rutovitz 2015 Table 1,,unmapped_constant,No matching catalogue row; construction time from Rutovitz 2015 Table 1.,Linear interpolation,Ocean,,,,No catalogue ratio mapping; value held constant,2030,2055,7.038,Linear interpolation to 2050; held constant after 2050
Ocean,2055,Construction&Manufacturing,Direct,job-yr/MW,10.557,10.557,Rutovitz 2015,Rutovitz 2015,,,,2.0,2015.0,Rutovitz 2015 Table 1,,unmapped_constant,No matching catalogue row; construction time from Rutovitz 2015 Table 1.,Linear interpolation,Ocean,,,,Construction + Manufacturing * 0.5; renewable local manufacturing share from Rutovitz 2015 Table 17,2030,2055,10.557,Linear interpolation to 2050; held constant after 2050
Ocean,2055,Manufacturing,Direct,job-yr/MW,7.038,7.038,Rutovitz 2015,Rutovitz 2015,,,,2.0,2015.0,Rutovitz 2015 Table 1,,unmapped_constant,No matching catalogue row; construction time from Rutovitz 2015 Table 1.,Linear interpolation,Ocean,,,,No catalogue ratio mapping; value held constant,2030,2055,7.038,Linear interpolation to 2050; held constant after 2050
Ocean,2055,O&M,Direct,job/MW,0.414,0.414,Rutovitz 2015,Rutovitz 2015,,,,2.0,2015.0,Rutovitz 2015 Table 1,,unmapped_constant,No matching catalogue row; construction time from Rutovitz 2015 Table 1.,Linear interpolation,Ocean,,,,No catalogue ratio mapping; value held constant,2030,2055,0.414,Linear interpolation to 2050; held constant after 2050
Offshore wind (fixed),2024,Construction&Manufacturing,Direct,job-yr/MW,5.99536958275,5.99536958275,French QBIS 2023,French QBIS 2023,,27.0,2024.0,3.0,2024.0,Colombian Technology Catalogue,4.a. Wind Offshore fixed bottom,direct,,Linear interpolation,,,Wind Offshore fixed bottom,,CAPEX 2050/2030=0.7005449997448997,2030,2024,5.99536958275,Linear interpolation between known datapoints
Offshore wind (fixed),2024,O&M,Direct,job/MW,0.0989087557604,0.0989087557604,French QBIS 2023,French QBIS 2023,,27.0,2024.0,3.0,2024.0,Colombian Technology Catalogue,4.a. Wind Offshore fixed bottom,direct,,Linear interpolation,,,Wind Offshore fixed bottom,,OPEX 2050/2030=0.6975308641975309,2030,2024,0.0989087557604,Linear interpolation between known datapoints
Offshore wind (fixed),2025,Construction&Manufacturing,Direct,job-yr/MW,5.79255437413,5.79255437413,French QBIS 2023,French QBIS 2023,,27.0,2024.0,3.0,2024.0,Colombian Technology Catalogue,4.a. Wind Offshore fixed bottom,direct,,Linear interpolation,,,Wind Offshore fixed bottom,,CAPEX 2050/2030=0.7005449997448997,2030,2025,5.79255437413,Linear interpolation between known datapoints
Offshore wind (fixed),2025,O&M,Direct,job/MW,0.0955631336406,0.0955631336406,French QBIS 2023,French QBIS 2023,,27.0,2024.0,3.0,2024.0,Colombian Technology Catalogue,4.a. Wind Offshore fixed bottom,direct,,Linear interpolation,,,Wind Offshore fixed bottom,,OPEX 2050/2030=0.6975308641975309,2030,2025,0.0955631336406,Linear interpolation between known datapoints
Offshore wind (fixed),2026,Construction&Manufacturing,Direct,job-yr/MW,5.58973916551,5.58973916551,French QBIS 2023,French QBIS 2023,,27.0,2024.0,3.0,2024.0,Colombian Technology Catalogue,4.a. Wind Offshore fixed bottom,direct,,Linear interpolation,,,Wind Offshore fixed bottom,,CAPEX 2050/2030=0.7005449997448997,2030,2026,5.58973916551,Linear interpolation between known datapoints
Offshore wind (fixed),2026,O&M,Direct,job/MW,0.0922175115207,0.0922175115207,French QBIS 2023,French QBIS 2023,,27.0,2024.0,3.0,2024.0,Colombian Technology Catalogue,4.a. Wind Offshore fixed bottom,direct,,Linear interpolation,,,Wind Offshore fixed bottom,,OPEX 2050/2030=0.6975308641975309,2030,2026,0.0922175115207,Linear interpolation between known datapoints
Offshore wind (fixed),2027,Construction&Manufacturing,Direct,job-yr/MW,5.38692395688,5.38692395688,French QBIS 2023,French QBIS 2023,,27.0,2024.0,3.0,2024.0,Colombian Technology Catalogue,4.a. Wind Offshore fixed bottom,direct,,Linear interpolation,,,Wind Offshore fixed bottom,,CAPEX 2050/2030=0.7005449997448997,2030,2027,5.38692395688,Linear interpolation between known datapoints
Offshore wind (fixed),2027,O&M,Direct,job/MW,0.0888718894009,0.0888718894009,French QBIS 2023,French QBIS 2023,,27.0,2024.0,3.0,2024.0,Colombian Technology Catalogue,4.a. Wind Offshore fixed bottom,direct,,Linear interpolation,,,Wind Offshore fixed bottom,,OPEX 2050/2030=0.6975308641975309,2030,2027,0.0888718894009,Linear interpolation between known datapoints
Offshore wind (fixed),2028,Construction&Manufacturing,Direct,job-yr/MW,5.18410874826,5.18410874826,French QBIS 2023,French QBIS 2023,,27.0,2024.0,3.0,2024.0,Colombian Technology Catalogue,4.a. Wind Offshore fixed bottom,direct,,Linear interpolation,,,Wind Offshore fixed bottom,,CAPEX 2050/2030=0.7005449997448997,2030,2028,5.18410874826,Linear interpolation between known datapoints
Offshore wind (fixed),2028,O&M,Direct,job/MW,0.0855262672811,0.0855262672811,French QBIS 2023,French QBIS 2023,,27.0,2024.0,3.0,2024.0,Colombian Technology Catalogue,4.a. Wind Offshore fixed bottom,direct,,Linear interpolation,,,Wind Offshore fixed bottom,,OPEX 2050/2030=0.6975308641975309,2030,2028,0.0855262672811,Linear interpolation between known datapoints
Offshore wind (fixed),2029,Construction&Manufacturing,Direct,job-yr/MW,4.98129353964,4.98129353964,French QBIS 2023,French QBIS 2023,,27.0,2024.0,3.0,2024.0,Colombian Technology Catalogue,4.a. Wind Offshore fixed bottom,direct,,Linear interpolation,,,Wind Offshore fixed bottom,,CAPEX 2050/2030=0.7005449997448997,2030,2029,4.98129353964,Linear interpolation between known datapoints
Offshore wind (fixed),2029,O&M,Direct,job/MW,0.0821806451613,0.0821806451613,French QBIS 2023,French QBIS 2023,,27.0,2024.0,3.0,2024.0,Colombian Technology Catalogue,4.a. Wind Offshore fixed bottom,direct,,Linear interpolation,,,Wind Offshore fixed bottom,,OPEX 2050/2030=0.6975308641975309,2030,2029,0.0821806451613,Linear interpolation between known datapoints
Offshore wind (fixed),2030,Construction&Manufacturing,Direct,job-yr/MW,4.77847833102,4.77847833102,French QBIS 2023,French QBIS 2023,,27.0,2024.0,3.0,2024.0,Colombian Technology Catalogue,4.a. Wind Offshore fixed bottom,direct,,CAPEX/OPEX ratio projection,,,Wind Offshore fixed bottom,,CAPEX 2030/2024=0.7465205953781396; applied to 2022 QBIS base value,2022,2030,4.77847833102,Known datapoint
Offshore wind (fixed),2030,O&M,Direct,job/MW,0.0788350230415,0.0788350230415,French QBIS 2023,French QBIS 2023,,27.0,2024.0,3.0,2024.0,Colombian Technology Catalogue,4.a. Wind Offshore fixed bottom,direct,,CAPEX/OPEX ratio projection,,,Wind Offshore fixed bottom,,OPEX 2030/2024=0.7465437788018433; applied to 2022 QBIS base value,2022,2030,0.0788350230415,Known datapoint
Offshore wind (fixed),2031,Construction&Manufacturing,Direct,job-yr/MW,4.70693136952,4.70693136952,French QBIS 2023,French QBIS 2023,,27.0,2024.0,3.0,2024.0,Colombian Technology Catalogue,4.a. Wind Offshore fixed bottom,direct,,Linear interpolation,,,Wind Offshore fixed bottom,,CAPEX 2050/2030=0.7005449997448997,2030,2031,4.70693136952,Linear interpolation between known datapoints
Offshore wind (fixed),2031,O&M,Direct,job/MW,0.077642764977,0.077642764977,French QBIS 2023,French QBIS 2023,,27.0,2024.0,3.0,2024.0,Colombian Technology Catalogue,4.a. Wind Offshore fixed bottom,direct,,Linear interpolation,,,Wind Offshore fixed bottom,,OPEX 2050/2030=0.6975308641975309,2030,2031,0.077642764977,Linear interpolation between known datapoints
Offshore wind (fixed),2032,Construction&Manufacturing,Direct,job-yr/MW,4.63538440803,4.63538440803,French QBIS 2023,French QBIS 2023,,27.0,2024.0,3.0,2024.0,Colombian Technology Catalogue,4.a. Wind Offshore fixed bottom,direct,,Linear interpolation,,,Wind Offshore fixed bottom,,CAPEX 2050/2030=0.7005449997448997,2030,2032,4.63538440803,Linear interpolation between known datapoints
Offshore wind (fixed),2032,O&M,Direct,job/MW,0.0764505069124,0.0764505069124,French QBIS 2023,French QBIS 2023,,27.0,2024.0,3.0,2024.0,Colombian Technology Catalogue,4.a. Wind Offshore fixed bottom,direct,,Linear interpolation,,,Wind Offshore fixed bottom,,OPEX 2050/2030=0.6975308641975309,2030,2032,0.0764505069124,Linear interpolation between known datapoints
Offshore wind (fixed),2033,Construction&Manufacturing,Direct,job-yr/MW,4.56383744654,4.56383744654,French QBIS 2023,French QBIS 2023,,27.0,2024.0,3.0,2024.0,Colombian Technology Catalogue,4.a. Wind Offshore fixed bottom,direct,,Linear interpolation,,,Wind Offshore fixed bottom,,CAPEX 2050/2030=0.7005449997448997,2030,2033,4.56383744654,Linear interpolation between known datapoints
Offshore wind (fixed),2033,O&M,Direct,job/MW,0.0752582488479,0.0752582488479,French QBIS 2023,French QBIS 2023,,27.0,2024.0,3.0,2024.0,Colombian Technology Catalogue,4.a. Wind Offshore fixed bottom,direct,,Linear interpolation,,,Wind Offshore fixed bottom,,OPEX 2050/2030=0.6975308641975309,2030,2033,0.0752582488479,Linear interpolation between known datapoints
Offshore wind (fixed),2034,Construction&Manufacturing,Direct,job-yr/MW,4.49229048505,4.49229048505,French QBIS 2023,French QBIS 2023,,27.0,2024.0,3.0,2024.0,Colombian Technology Catalogue,4.a. Wind Offshore fixed bottom,direct,,Linear interpolation,,,Wind Offshore fixed bottom,,CAPEX 2050/2030=0.7005449997448997,2030,2034,4.49229048505,Linear interpolation between known datapoints
Offshore wind (fixed),2034,O&M,Direct,job/MW,0.0740659907834,0.0740659907834,French QBIS 2023,French QBIS 2023,,27.0,2024.0,3.0,2024.0,Colombian Technology Catalogue,4.a. Wind Offshore fixed bottom,direct,,Linear interpolation,,,Wind Offshore fixed bottom,,OPEX 2050/2030=0.6975308641975309,2030,2034,0.0740659907834,Linear interpolation between known datapoints
Offshore wind (fixed),2035,Construction&Manufacturing,Direct,job-yr/MW,4.42074352356,4.42074352356,French QBIS 2023,French QBIS 2023,,27.0,2024.0,3.0,2024.0,Colombian Technology Catalogue,4.a. Wind Offshore fixed bottom,direct,,Linear interpolation,,,Wind Offshore fixed bottom,,CAPEX 2050/2030=0.7005449997448997,2030,2035,4.42074352356,Linear interpolation between known datapoints
Offshore wind (fixed),2035,O&M,Direct,job/MW,0.0728737327189,0.0728737327189,French QBIS 2023,French QBIS 2023,,27.0,2024.0,3.0,2024.0,Colombian Technology Catalogue,4.a. Wind Offshore fixed bottom,direct,,Linear interpolation,,,Wind Offshore fixed bottom,,OPEX 2050/2030=0.6975308641975309,2030,2035,0.0728737327189,Linear interpolation between known datapoints
Offshore wind (fixed),2036,Construction&Manufacturing,Direct,job-yr/MW,4.34919656207,4.34919656207,French QBIS 2023,French QBIS 2023,,27.0,2024.0,3.0,2024.0,Colombian Technology Catalogue,4.a. Wind Offshore fixed bottom,direct,,Linear interpolation,,,Wind Offshore fixed bottom,,CAPEX 2050/2030=0.7005449997448997,2030,2036,4.34919656207,Linear interpolation between known datapoints
Offshore wind (fixed),2036,O&M,Direct,job/MW,0.0716814746544,0.0716814746544,French QBIS 2023,French QBIS 2023,,27.0,2024.0,3.0,2024.0,Colombian Technology Catalogue,4.a. Wind Offshore fixed bottom,direct,,Linear interpolation,,,Wind Offshore fixed bottom,,OPEX 2050/2030=0.6975308641975309,2030,2036,0.0716814746544,Linear interpolation between known datapoints
Offshore wind (fixed),2037,Construction&Manufacturing,Direct,job-yr/MW,4.27764960057,4.27764960057,French QBIS 2023,French QBIS 2023,,27.0,2024.0,3.0,2024.0,Colombian Technology Catalogue,4.a. Wind Offshore fixed bottom,direct,,Linear interpolation,,,Wind Offshore fixed bottom,,CAPEX 2050/2030=0.7005449997448997,2030,2037,4.27764960057,Linear interpolation between known datapoints
Offshore wind (fixed),2037,O&M,Direct,job/MW,0.0704892165899,0.0704892165899,French QBIS 2023,French QBIS 2023,,27.0,2024.0,3.0,2024.0,Colombian Technology Catalogue,4.a. Wind Offshore fixed bottom,direct,,Linear interpolation,,,Wind Offshore fixed bottom,,OPEX 2050/2030=0.6975308641975309,2030,2037,0.0704892165899,Linear interpolation between known datapoints
Offshore wind (fixed),2038,Construction&Manufacturing,Direct,job-yr/MW,4.20610263908,4.20610263908,French QBIS 2023,French QBIS 2023,,27.0,2024.0,3.0,2024.0,Colombian Technology Catalogue,4.a. Wind Offshore fixed bottom,direct,,Linear interpolation,,,Wind Offshore fixed bottom,,CAPEX 2050/2030=0.7005449997448997,2030,2038,4.20610263908,Linear interpolation between known datapoints
Offshore wind (fixed),2038,O&M,Direct,job/MW,0.0692969585253,0.0692969585253,French QBIS 2023,French QBIS 2023,,27.0,2024.0,3.0,2024.0,Colombian Technology Catalogue,4.a. Wind Offshore fixed bottom,direct,,Linear interpolation,,,Wind Offshore fixed bottom,,OPEX 2050/2030=0.6975308641975309,2030,2038,0.0692969585253,Linear interpolation between known datapoints
Offshore wind (fixed),2039,Construction&Manufacturing,Direct,job-yr/MW,4.13455567759,4.13455567759,French QBIS 2023,French QBIS 2023,,27.0,2024.0,3.0,2024.0,Colombian Technology Catalogue,4.a. Wind Offshore fixed bottom,direct,,Linear interpolation,,,Wind Offshore fixed bottom,,CAPEX 2050/2030=0.7005449997448997,2030,2039,4.13455567759,Linear interpolation between known datapoints
Offshore wind (fixed),2039,O&M,Direct,job/MW,0.0681047004608,0.0681047004608,French QBIS 2023,French QBIS 2023,,27.0,2024.0,3.0,2024.0,Colombian Technology Catalogue,4.a. Wind Offshore fixed bottom,direct,,Linear interpolation,,,Wind Offshore fixed bottom,,OPEX 2050/2030=0.6975308641975309,2030,2039,0.0681047004608,Linear interpolation between known datapoints
Offshore wind (fixed),2040,Construction&Manufacturing,Direct,job-yr/MW,4.0630087161,4.0630087161,French QBIS 2023,French QBIS 2023,,27.0,2024.0,3.0,2024.0,Colombian Technology Catalogue,4.a. Wind Offshore fixed bottom,direct,,Linear interpolation,,,Wind Offshore fixed bottom,,CAPEX 2050/2030=0.7005449997448997,2030,2040,4.0630087161,Linear interpolation between known datapoints
Offshore wind (fixed),2040,O&M,Direct,job/MW,0.0669124423963,0.0669124423963,French QBIS 2023,French QBIS 2023,,27.0,2024.0,3.0,2024.0,Colombian Technology Catalogue,4.a. Wind Offshore fixed bottom,direct,,Linear interpolation,,,Wind Offshore fixed bottom,,OPEX 2050/2030=0.6975308641975309,2030,2040,0.0669124423963,Linear interpolation between known datapoints
Offshore wind (fixed),2041,Construction&Manufacturing,Direct,job-yr/MW,3.99146175461,3.99146175461,French QBIS 2023,French QBIS 2023,,27.0,2024.0,3.0,2024.0,Colombian Technology Catalogue,4.a. Wind Offshore fixed bottom,direct,,Linear interpolation,,,Wind Offshore fixed bottom,,CAPEX 2050/2030=0.7005449997448997,2030,2041,3.99146175461,Linear interpolation between known datapoints
Offshore wind (fixed),2041,O&M,Direct,job/MW,0.0657201843318,0.0657201843318,French QBIS 2023,French QBIS 2023,,27.0,2024.0,3.0,2024.0,Colombian Technology Catalogue,4.a. Wind Offshore fixed bottom,direct,,Linear interpolation,,,Wind Offshore fixed bottom,,OPEX 2050/2030=0.6975308641975309,2030,2041,0.0657201843318,Linear interpolation between known datapoints
Offshore wind (fixed),2042,Construction&Manufacturing,Direct,job-yr/MW,3.91991479312,3.91991479312,French QBIS 2023,French QBIS 2023,,27.0,2024.0,3.0,2024.0,Colombian Technology Catalogue,4.a. Wind Offshore fixed bottom,direct,,Linear interpolation,,,Wind Offshore fixed bottom,,CAPEX 2050/2030=0.7005449997448997,2030,2042,3.91991479312,Linear interpolation between known datapoints
Offshore wind (fixed),2042,O&M,Direct,job/MW,0.0645279262673,0.0645279262673,French QBIS 2023,French QBIS 2023,,27.0,2024.0,3.0,2024.0,Colombian Technology Catalogue,4.a. Wind Offshore fixed bottom,direct,,Linear interpolation,,,Wind Offshore fixed bottom,,OPEX 2050/2030=0.6975308641975309,2030,2042,0.0645279262673,Linear interpolation between known datapoints
Offshore wind (fixed),2043,Construction&Manufacturing,Direct,job-yr/MW,3.84836783162,3.84836783162,French QBIS 2023,French QBIS 2023,,27.0,2024.0,3.0,2024.0,Colombian Technology Catalogue,4.a. Wind Offshore fixed bottom,direct,,Linear interpolation,,,Wind Offshore fixed bottom,,CAPEX 2050/2030=0.7005449997448997,2030,2043,3.84836783162,Linear interpolation between known datapoints
Offshore wind (fixed),2043,O&M,Direct,job/MW,0.0633356682028,0.0633356682028,French QBIS 2023,French QBIS 2023,,27.0,2024.0,3.0,2024.0,Colombian Technology Catalogue,4.a. Wind Offshore fixed bottom,direct,,Linear interpolation,,,Wind Offshore fixed bottom,,OPEX 2050/2030=0.6975308641975309,2030,2043,0.0633356682028,Linear interpolation between known datapoints
Offshore wind (fixed),2044,Construction&Manufacturing,Direct,job-yr/MW,3.77682087013,3.77682087013,French QBIS 2023,French QBIS 2023,,27.0,2024.0,3.0,2024.0,Colombian Technology Catalogue,4.a. Wind Offshore fixed bottom,direct,,Linear interpolation,,,Wind Offshore fixed bottom,,CAPEX 2050/2030=0.7005449997448997,2030,2044,3.77682087013,Linear interpolation between known datapoints
Offshore wind (fixed),2044,O&M,Direct,job/MW,0.0621434101382,0.0621434101382,French QBIS 2023,French QBIS 2023,,27.0,2024.0,3.0,2024.0,Colombian Technology Catalogue,4.a. Wind Offshore fixed bottom,direct,,Linear interpolation,,,Wind Offshore fixed bottom,,OPEX 2050/2030=0.6975308641975309,2030,2044,0.0621434101382,Linear interpolation between known datapoints
Offshore wind (fixed),2045,Construction&Manufacturing,Direct,job-yr/MW,3.70527390864,3.70527390864,French QBIS 2023,French QBIS 2023,,27.0,2024.0,3.0,2024.0,Colombian Technology Catalogue,4.a. Wind Offshore fixed bottom,direct,,Linear interpolation,,,Wind Offshore fixed bottom,,CAPEX 2050/2030=0.7005449997448997,2030,2045,3.70527390864,Linear interpolation between known datapoints
Offshore wind (fixed),2045,O&M,Direct,job/MW,0.0609511520737,0.0609511520737,French QBIS 2023,French QBIS 2023,,27.0,2024.0,3.0,2024.0,Colombian Technology Catalogue,4.a. Wind Offshore fixed bottom,direct,,Linear interpolation,,,Wind Offshore fixed bottom,,OPEX 2050/2030=0.6975308641975309,2030,2045,0.0609511520737,Linear interpolation between known datapoints
Offshore wind (fixed),2046,Construction&Manufacturing,Direct,job-yr/MW,3.63372694715,3.63372694715,French QBIS 2023,French QBIS 2023,,27.0,2024.0,3.0,2024.0,Colombian Technology Catalogue,4.a. Wind Offshore fixed bottom,direct,,Linear interpolation,,,Wind Offshore fixed bottom,,CAPEX 2050/2030=0.7005449997448997,2030,2046,3.63372694715,Linear interpolation between known datapoints
Offshore wind (fixed),2046,O&M,Direct,job/MW,0.0597588940092,0.0597588940092,French QBIS 2023,French QBIS 2023,,27.0,2024.0,3.0,2024.0,Colombian Technology Catalogue,4.a. Wind Offshore fixed bottom,direct,,Linear interpolation,,,Wind Offshore fixed bottom,,OPEX 2050/2030=0.6975308641975309,2030,2046,0.0597588940092,Linear interpolation between known datapoints
Offshore wind (fixed),2047,Construction&Manufacturing,Direct,job-yr/MW,3.56217998566,3.56217998566,French QBIS 2023,French QBIS 2023,,27.0,2024.0,3.0,2024.0,Colombian Technology Catalogue,4.a. Wind Offshore fixed bottom,direct,,Linear interpolation,,,Wind Offshore fixed bottom,,CAPEX 2050/2030=0.7005449997448997,2030,2047,3.56217998566,Linear interpolation between known datapoints
Offshore wind (fixed),2047,O&M,Direct,job/MW,0.0585666359447,0.0585666359447,French QBIS 2023,French QBIS 2023,,27.0,2024.0,3.0,2024.0,Colombian Technology Catalogue,4.a. Wind Offshore fixed bottom,direct,,Linear interpolation,,,Wind Offshore fixed bottom,,OPEX 2050/2030=0.6975308641975309,2030,2047,0.0585666359447,Linear interpolation between known datapoints
Offshore wind (fixed),2048,Construction&Manufacturing,Direct,job-yr/MW,3.49063302417,3.49063302417,French QBIS 2023,French QBIS 2023,,27.0,2024.0,3.0,2024.0,Colombian Technology Catalogue,4.a. Wind Offshore fixed bottom,direct,,Linear interpolation,,,Wind Offshore fixed bottom,,CAPEX 2050/2030=0.7005449997448997,2030,2048,3.49063302417,Linear interpolation between known datapoints
Offshore wind (fixed),2048,O&M,Direct,job/MW,0.0573743778802,0.0573743778802,French QBIS 2023,French QBIS 2023,,27.0,2024.0,3.0,2024.0,Colombian Technology Catalogue,4.a. Wind Offshore fixed bottom,direct,,Linear interpolation,,,Wind Offshore fixed bottom,,OPEX 2050/2030=0.6975308641975309,2030,2048,0.0573743778802,Linear interpolation between known datapoints
Offshore wind (fixed),2049,Construction&Manufacturing,Direct,job-yr/MW,3.41908606267,3.41908606267,French QBIS 2023,French QBIS 2023,,27.0,2024.0,3.0,2024.0,Colombian Technology Catalogue,4.a. Wind Offshore fixed bottom,direct,,Linear interpolation,,,Wind Offshore fixed bottom,,CAPEX 2050/2030=0.7005449997448997,2030,2049,3.41908606267,Linear interpolation between known datapoints
Offshore wind (fixed),2049,O&M,Direct,job/MW,0.0561821198157,0.0561821198157,French QBIS 2023,French QBIS 2023,,27.0,2024.0,3.0,2024.0,Colombian Technology Catalogue,4.a. Wind Offshore fixed bottom,direct,,Linear interpolation,,,Wind Offshore fixed bottom,,OPEX 2050/2030=0.6975308641975309,2030,2049,0.0561821198157,Linear interpolation between known datapoints
Offshore wind (fixed),2050,Construction&Manufacturing,Direct,job-yr/MW,3.34753910118,3.34753910118,French QBIS 2023,French QBIS 2023,,27.0,2024.0,3.0,2024.0,Colombian Technology Catalogue,4.a. Wind Offshore fixed bottom,direct,,CAPEX/OPEX ratio projection,,,Wind Offshore fixed bottom,,CAPEX 2050/2030=0.7005449997448997,2030,2050,3.34753910118,Known datapoint
Offshore wind (fixed),2050,O&M,Direct,job/MW,0.0549898617512,0.0549898617512,French QBIS 2023,French QBIS 2023,,27.0,2024.0,3.0,2024.0,Colombian Technology Catalogue,4.a. Wind Offshore fixed bottom,direct,,CAPEX/OPEX ratio projection,,,Wind Offshore fixed bottom,,OPEX 2050/2030=0.6975308641975309,2030,2050,0.0549898617512,Known datapoint
Offshore wind (fixed),2051,Construction&Manufacturing,Direct,job-yr/MW,3.34753910118,3.34753910118,French QBIS 2023,French QBIS 2023,,27.0,2024.0,3.0,2024.0,Colombian Technology Catalogue,4.a. Wind Offshore fixed bottom,direct,,Linear interpolation,,,Wind Offshore fixed bottom,,CAPEX 2050/2030=0.7005449997448997,2030,2051,3.34753910118,Linear interpolation to 2050; held constant after 2050
Offshore wind (fixed),2051,O&M,Direct,job/MW,0.0549898617512,0.0549898617512,French QBIS 2023,French QBIS 2023,,27.0,2024.0,3.0,2024.0,Colombian Technology Catalogue,4.a. Wind Offshore fixed bottom,direct,,Linear interpolation,,,Wind Offshore fixed bottom,,OPEX 2050/2030=0.6975308641975309,2030,2051,0.0549898617512,Linear interpolation to 2050; held constant after 2050
Offshore wind (fixed),2052,Construction&Manufacturing,Direct,job-yr/MW,3.34753910118,3.34753910118,French QBIS 2023,French QBIS 2023,,27.0,2024.0,3.0,2024.0,Colombian Technology Catalogue,4.a. Wind Offshore fixed bottom,direct,,Linear interpolation,,,Wind Offshore fixed bottom,,CAPEX 2050/2030=0.7005449997448997,2030,2052,3.34753910118,Linear interpolation to 2050; held constant after 2050
Offshore wind (fixed),2052,O&M,Direct,job/MW,0.0549898617512,0.0549898617512,French QBIS 2023,French QBIS 2023,,27.0,2024.0,3.0,2024.0,Colombian Technology Catalogue,4.a. Wind Offshore fixed bottom,direct,,Linear interpolation,,,Wind Offshore fixed bottom,,OPEX 2050/2030=0.6975308641975309,2030,2052,0.0549898617512,Linear interpolation to 2050; held constant after 2050
Offshore wind (fixed),2053,Construction&Manufacturing,Direct,job-yr/MW,3.34753910118,3.34753910118,French QBIS 2023,French QBIS 2023,,27.0,2024.0,3.0,2024.0,Colombian Technology Catalogue,4.a. Wind Offshore fixed bottom,direct,,Linear interpolation,,,Wind Offshore fixed bottom,,CAPEX 2050/2030=0.7005449997448997,2030,2053,3.34753910118,Linear interpolation to 2050; held constant after 2050
Offshore wind (fixed),2053,O&M,Direct,job/MW,0.0549898617512,0.0549898617512,French QBIS 2023,French QBIS 2023,,27.0,2024.0,3.0,2024.0,Colombian Technology Catalogue,4.a. Wind Offshore fixed bottom,direct,,Linear interpolation,,,Wind Offshore fixed bottom,,OPEX 2050/2030=0.6975308641975309,2030,2053,0.0549898617512,Linear interpolation to 2050; held constant after 2050
Offshore wind (fixed),2054,Construction&Manufacturing,Direct,job-yr/MW,3.34753910118,3.34753910118,French QBIS 2023,French QBIS 2023,,27.0,2024.0,3.0,2024.0,Colombian Technology Catalogue,4.a. Wind Offshore fixed bottom,direct,,Linear interpolation,,,Wind Offshore fixed bottom,,CAPEX 2050/2030=0.7005449997448997,2030,2054,3.34753910118,Linear interpolation to 2050; held constant after 2050
Offshore wind (fixed),2054,O&M,Direct,job/MW,0.0549898617512,0.0549898617512,French QBIS 2023,French QBIS 2023,,27.0,2024.0,3.0,2024.0,Colombian Technology Catalogue,4.a. Wind Offshore fixed bottom,direct,,Linear interpolation,,,Wind Offshore fixed bottom,,OPEX 2050/2030=0.6975308641975309,2030,2054,0.0549898617512,Linear interpolation to 2050; held constant after 2050
Offshore wind (fixed),2055,Construction&Manufacturing,Direct,job-yr/MW,3.34753910118,3.34753910118,French QBIS 2023,French QBIS 2023,,27.0,2024.0,3.0,2024.0,Colombian Technology Catalogue,4.a. Wind Offshore fixed bottom,direct,,Linear interpolation,,,Wind Offshore fixed bottom,,CAPEX 2050/2030=0.7005449997448997,2030,2055,3.34753910118,Linear interpolation to 2050; held constant after 2050
Offshore wind (fixed),2055,O&M,Direct,job/MW,0.0549898617512,0.0549898617512,French QBIS 2023,French QBIS 2023,,27.0,2024.0,3.0,2024.0,Colombian Technology Catalogue,4.a. Wind Offshore fixed bottom,direct,,Linear interpolation,,,Wind Offshore fixed bottom,,OPEX 2050/2030=0.6975308641975309,2030,2055,0.0549898617512,Linear interpolation to 2050; held constant after 2050
Offshore wind (floating),2024,Construction&Manufacturing,Direct,job-yr/MW,14.468,14.468,French QBIS 2023,French QBIS 2023,,30.0,2030.0,2.5,2030.0,Colombian Technology Catalogue,4.b. Wind offshore floating,partial,2024 catalogue lifetime unavailable; 2030 catalogue value used. 2024 catalogue construction time unavailable; 2030 catalogue value used.,Linear interpolation,,,Wind offshore floating,,CAPEX 2050/2030=0.5229712702987412,2030,2024,14.468,Linear interpolation between known datapoints
Offshore wind (floating),2024,O&M,Direct,job/MW,0.2416,0.2416,French QBIS 2023,French QBIS 2023,,30.0,2030.0,2.5,2030.0,Colombian Technology Catalogue,4.b. Wind offshore floating,partial,2024 catalogue lifetime unavailable; 2030 catalogue value used. 2024 catalogue construction time unavailable; 2030 catalogue value used.,Linear interpolation,,,Wind offshore floating,,OPEX 2050/2030=0.5207373271889401,2030,2024,0.2416,Linear interpolation between known datapoints
Offshore wind (floating),2025,Construction&Manufacturing,Direct,job-yr/MW,14.468,14.468,French QBIS 2023,French QBIS 2023,,30.0,2030.0,2.5,2030.0,Colombian Technology Catalogue,4.b. Wind offshore floating,partial,2024 catalogue lifetime unavailable; 2030 catalogue value used. 2024 catalogue construction time unavailable; 2030 catalogue value used.,Linear interpolation,,,Wind offshore floating,,CAPEX 2050/2030=0.5229712702987412,2030,2025,14.468,Linear interpolation between known datapoints
Offshore wind (floating),2025,O&M,Direct,job/MW,0.2416,0.2416,French QBIS 2023,French QBIS 2023,,30.0,2030.0,2.5,2030.0,Colombian Technology Catalogue,4.b. Wind offshore floating,partial,2024 catalogue lifetime unavailable; 2030 catalogue value used. 2024 catalogue construction time unavailable; 2030 catalogue value used.,Linear interpolation,,,Wind offshore floating,,OPEX 2050/2030=0.5207373271889401,2030,2025,0.2416,Linear interpolation between known datapoints
Offshore wind (floating),2026,Construction&Manufacturing,Direct,job-yr/MW,14.468,14.468,French QBIS 2023,French QBIS 2023,,30.0,2030.0,2.5,2030.0,Colombian Technology Catalogue,4.b. Wind offshore floating,partial,2024 catalogue lifetime unavailable; 2030 catalogue value used. 2024 catalogue construction time unavailable; 2030 catalogue value used.,Linear interpolation,,,Wind offshore floating,,CAPEX 2050/2030=0.5229712702987412,2030,2026,14.468,Linear interpolation between known datapoints
Offshore wind (floating),2026,O&M,Direct,job/MW,0.2416,0.2416,French QBIS 2023,French QBIS 2023,,30.0,2030.0,2.5,2030.0,Colombian Technology Catalogue,4.b. Wind offshore floating,partial,2024 catalogue lifetime unavailable; 2030 catalogue value used. 2024 catalogue construction time unavailable; 2030 catalogue value used.,Linear interpolation,,,Wind offshore floating,,OPEX 2050/2030=0.5207373271889401,2030,2026,0.2416,Linear interpolation between known datapoints
Offshore wind (floating),2027,Construction&Manufacturing,Direct,job-yr/MW,14.468,14.468,French QBIS 2023,French QBIS 2023,,30.0,2030.0,2.5,2030.0,Colombian Technology Catalogue,4.b. Wind offshore floating,partial,2024 catalogue lifetime unavailable; 2030 catalogue value used. 2024 catalogue construction time unavailable; 2030 catalogue value used.,Linear interpolation,,,Wind offshore floating,,CAPEX 2050/2030=0.5229712702987412,2030,2027,14.468,Linear interpolation between known datapoints
Offshore wind (floating),2027,O&M,Direct,job/MW,0.2416,0.2416,French QBIS 2023,French QBIS 2023,,30.0,2030.0,2.5,2030.0,Colombian Technology Catalogue,4.b. Wind offshore floating,partial,2024 catalogue lifetime unavailable; 2030 catalogue value used. 2024 catalogue construction time unavailable; 2030 catalogue value used.,Linear interpolation,,,Wind offshore floating,,OPEX 2050/2030=0.5207373271889401,2030,2027,0.2416,Linear interpolation between known datapoints
Offshore wind (floating),2028,Construction&Manufacturing,Direct,job-yr/MW,14.468,14.468,French QBIS 2023,French QBIS 2023,,30.0,2030.0,2.5,2030.0,Colombian Technology Catalogue,4.b. Wind offshore floating,partial,2024 catalogue lifetime unavailable; 2030 catalogue value used. 2024 catalogue construction time unavailable; 2030 catalogue value used.,Linear interpolation,,,Wind offshore floating,,CAPEX 2050/2030=0.5229712702987412,2030,2028,14.468,Linear interpolation between known datapoints
Offshore wind (floating),2028,O&M,Direct,job/MW,0.2416,0.2416,French QBIS 2023,French QBIS 2023,,30.0,2030.0,2.5,2030.0,Colombian Technology Catalogue,4.b. Wind offshore floating,partial,2024 catalogue lifetime unavailable; 2030 catalogue value used. 2024 catalogue construction time unavailable; 2030 catalogue value used.,Linear interpolation,,,Wind offshore floating,,OPEX 2050/2030=0.5207373271889401,2030,2028,0.2416,Linear interpolation between known datapoints
Offshore wind (floating),2029,Construction&Manufacturing,Direct,job-yr/MW,14.468,14.468,French QBIS 2023,French QBIS 2023,,30.0,2030.0,2.5,2030.0,Colombian Technology Catalogue,4.b. Wind offshore floating,partial,2024 catalogue lifetime unavailable; 2030 catalogue value used. 2024 catalogue construction time unavailable; 2030 catalogue value used.,Linear interpolation,,,Wind offshore floating,,CAPEX 2050/2030=0.5229712702987412,2030,2029,14.468,Linear interpolation between known datapoints
Offshore wind (floating),2029,O&M,Direct,job/MW,0.2416,0.2416,French QBIS 2023,French QBIS 2023,,30.0,2030.0,2.5,2030.0,Colombian Technology Catalogue,4.b. Wind offshore floating,partial,2024 catalogue lifetime unavailable; 2030 catalogue value used. 2024 catalogue construction time unavailable; 2030 catalogue value used.,Linear interpolation,,,Wind offshore floating,,OPEX 2050/2030=0.5207373271889401,2030,2029,0.2416,Linear interpolation between known datapoints
Offshore wind (floating),2030,Construction&Manufacturing,Direct,job-yr/MW,14.468,14.468,French QBIS 2023,French QBIS 2023,,30.0,2030.0,2.5,2030.0,Colombian Technology Catalogue,4.b. Wind offshore floating,partial,2024 catalogue lifetime unavailable; 2030 catalogue value used. 2024 catalogue construction time unavailable; 2030 catalogue value used.,CAPEX/OPEX ratio projection with constant bridge,,,Wind offshore floating,,CAPEX 2030/2024 unavailable; value held constant; applied to 2022 QBIS base value,2022,2030,14.468,Known datapoint
Offshore wind (floating),2030,O&M,Direct,job/MW,0.2416,0.2416,French QBIS 2023,French QBIS 2023,,30.0,2030.0,2.5,2030.0,Colombian Technology Catalogue,4.b. Wind offshore floating,partial,2024 catalogue lifetime unavailable; 2030 catalogue value used. 2024 catalogue construction time unavailable; 2030 catalogue value used.,CAPEX/OPEX ratio projection with constant bridge,,,Wind offshore floating,,OPEX 2030/2024 unavailable; value held constant; applied to 2022 QBIS base value,2022,2030,0.2416,Known datapoint
Offshore wind (floating),2031,Construction&Manufacturing,Direct,job-yr/MW,14.1229174169,14.1229174169,French QBIS 2023,French QBIS 2023,,30.0,2030.0,2.5,2030.0,Colombian Technology Catalogue,4.b. Wind offshore floating,partial,2024 catalogue lifetime unavailable; 2030 catalogue value used. 2024 catalogue construction time unavailable; 2030 catalogue value used.,Linear interpolation,,,Wind offshore floating,,CAPEX 2050/2030=0.5229712702987412,2030,2031,14.1229174169,Linear interpolation between known datapoints
Offshore wind (floating),2031,O&M,Direct,job/MW,0.235810506912,0.235810506912,French QBIS 2023,French QBIS 2023,,30.0,2030.0,2.5,2030.0,Colombian Technology Catalogue,4.b. Wind offshore floating,partial,2024 catalogue lifetime unavailable; 2030 catalogue value used. 2024 catalogue construction time unavailable; 2030 catalogue value used.,Linear interpolation,,,Wind offshore floating,,OPEX 2050/2030=0.5207373271889401,2030,2031,0.235810506912,Linear interpolation between known datapoints
Offshore wind (floating),2032,Construction&Manufacturing,Direct,job-yr/MW,13.7778348339,13.7778348339,French QBIS 2023,French QBIS 2023,,30.0,2030.0,2.5,2030.0,Colombian Technology Catalogue,4.b. Wind offshore floating,partial,2024 catalogue lifetime unavailable; 2030 catalogue value used. 2024 catalogue construction time unavailable; 2030 catalogue value used.,Linear interpolation,,,Wind offshore floating,,CAPEX 2050/2030=0.5229712702987412,2030,2032,13.7778348339,Linear interpolation between known datapoints
Offshore wind (floating),2032,O&M,Direct,job/MW,0.230021013825,0.230021013825,French QBIS 2023,French QBIS 2023,,30.0,2030.0,2.5,2030.0,Colombian Technology Catalogue,4.b. Wind offshore floating,partial,2024 catalogue lifetime unavailable; 2030 catalogue value used. 2024 catalogue construction time unavailable; 2030 catalogue value used.,Linear interpolation,,,Wind offshore floating,,OPEX 2050/2030=0.5207373271889401,2030,2032,0.230021013825,Linear interpolation between known datapoints
Offshore wind (floating),2033,Construction&Manufacturing,Direct,job-yr/MW,13.4327522508,13.4327522508,French QBIS 2023,French QBIS 2023,,30.0,2030.0,2.5,2030.0,Colombian Technology Catalogue,4.b. Wind offshore floating,partial,2024 catalogue lifetime unavailable; 2030 catalogue value used. 2024 catalogue construction time unavailable; 2030 catalogue value used.,Linear interpolation,,,Wind offshore floating,,CAPEX 2050/2030=0.5229712702987412,2030,2033,13.4327522508,Linear interpolation between known datapoints
Offshore wind (floating),2033,O&M,Direct,job/MW,0.224231520737,0.224231520737,French QBIS 2023,French QBIS 2023,,30.0,2030.0,2.5,2030.0,Colombian Technology Catalogue,4.b. Wind offshore floating,partial,2024 catalogue lifetime unavailable; 2030 catalogue value used. 2024 catalogue construction time unavailable; 2030 catalogue value used.,Linear interpolation,,,Wind offshore floating,,OPEX 2050/2030=0.5207373271889401,2030,2033,0.224231520737,Linear interpolation between known datapoints
Offshore wind (floating),2034,Construction&Manufacturing,Direct,job-yr/MW,13.0876696677,13.0876696677,French QBIS 2023,French QBIS 2023,,30.0,2030.0,2.5,2030.0,Colombian Technology Catalogue,4.b. Wind offshore floating,partial,2024 catalogue lifetime unavailable; 2030 catalogue value used. 2024 catalogue construction time unavailable; 2030 catalogue value used.,Linear interpolation,,,Wind offshore floating,,CAPEX 2050/2030=0.5229712702987412,2030,2034,13.0876696677,Linear interpolation between known datapoints
Offshore wind (floating),2034,O&M,Direct,job/MW,0.21844202765,0.21844202765,French QBIS 2023,French QBIS 2023,,30.0,2030.0,2.5,2030.0,Colombian Technology Catalogue,4.b. Wind offshore floating,partial,2024 catalogue lifetime unavailable; 2030 catalogue value used. 2024 catalogue construction time unavailable; 2030 catalogue value used.,Linear interpolation,,,Wind offshore floating,,OPEX 2050/2030=0.5207373271889401,2030,2034,0.21844202765,Linear interpolation between known datapoints
Offshore wind (floating),2035,Construction&Manufacturing,Direct,job-yr/MW,12.7425870847,12.7425870847,French QBIS 2023,French QBIS 2023,,30.0,2030.0,2.5,2030.0,Colombian Technology Catalogue,4.b. Wind offshore floating,partial,2024 catalogue lifetime unavailable; 2030 catalogue value used. 2024 catalogue construction time unavailable; 2030 catalogue value used.,Linear interpolation,,,Wind offshore floating,,CAPEX 2050/2030=0.5229712702987412,2030,2035,12.7425870847,Linear interpolation between known datapoints
Offshore wind (floating),2035,O&M,Direct,job/MW,0.212652534562,0.212652534562,French QBIS 2023,French QBIS 2023,,30.0,2030.0,2.5,2030.0,Colombian Technology Catalogue,4.b. Wind offshore floating,partial,2024 catalogue lifetime unavailable; 2030 catalogue value used. 2024 catalogue construction time unavailable; 2030 catalogue value used.,Linear interpolation,,,Wind offshore floating,,OPEX 2050/2030=0.5207373271889401,2030,2035,0.212652534562,Linear interpolation between known datapoints
Offshore wind (floating),2036,Construction&Manufacturing,Direct,job-yr/MW,12.3975045016,12.3975045016,French QBIS 2023,French QBIS 2023,,30.0,2030.0,2.5,2030.0,Colombian Technology Catalogue,4.b. Wind offshore floating,partial,2024 catalogue lifetime unavailable; 2030 catalogue value used. 2024 catalogue construction time unavailable; 2030 catalogue value used.,Linear interpolation,,,Wind offshore floating,,CAPEX 2050/2030=0.5229712702987412,2030,2036,12.3975045016,Linear interpolation between known datapoints
Offshore wind (floating),2036,O&M,Direct,job/MW,0.206863041475,0.206863041475,French QBIS 2023,French QBIS 2023,,30.0,2030.0,2.5,2030.0,Colombian Technology Catalogue,4.b. Wind offshore floating,partial,2024 catalogue lifetime unavailable; 2030 catalogue value used. 2024 catalogue construction time unavailable; 2030 catalogue value used.,Linear interpolation,,,Wind offshore floating,,OPEX 2050/2030=0.5207373271889401,2030,2036,0.206863041475,Linear interpolation between known datapoints
Offshore wind (floating),2037,Construction&Manufacturing,Direct,job-yr/MW,12.0524219185,12.0524219185,French QBIS 2023,French QBIS 2023,,30.0,2030.0,2.5,2030.0,Colombian Technology Catalogue,4.b. Wind offshore floating,partial,2024 catalogue lifetime unavailable; 2030 catalogue value used. 2024 catalogue construction time unavailable; 2030 catalogue value used.,Linear interpolation,,,Wind offshore floating,,CAPEX 2050/2030=0.5229712702987412,2030,2037,12.0524219185,Linear interpolation between known datapoints
Offshore wind (floating),2037,O&M,Direct,job/MW,0.201073548387,0.201073548387,French QBIS 2023,French QBIS 2023,,30.0,2030.0,2.5,2030.0,Colombian Technology Catalogue,4.b. Wind offshore floating,partial,2024 catalogue lifetime unavailable; 2030 catalogue value used. 2024 catalogue construction time unavailable; 2030 catalogue value used.,Linear interpolation,,,Wind offshore floating,,OPEX 2050/2030=0.5207373271889401,2030,2037,0.201073548387,Linear interpolation between known datapoints
Offshore wind (floating),2038,Construction&Manufacturing,Direct,job-yr/MW,11.7073393355,11.7073393355,French QBIS 2023,French QBIS 2023,,30.0,2030.0,2.5,2030.0,Colombian Technology Catalogue,4.b. Wind offshore floating,partial,2024 catalogue lifetime unavailable; 2030 catalogue value used. 2024 catalogue construction time unavailable; 2030 catalogue value used.,Linear interpolation,,,Wind offshore floating,,CAPEX 2050/2030=0.5229712702987412,2030,2038,11.7073393355,Linear interpolation between known datapoints
Offshore wind (floating),2038,O&M,Direct,job/MW,0.1952840553,0.1952840553,French QBIS 2023,French QBIS 2023,,30.0,2030.0,2.5,2030.0,Colombian Technology Catalogue,4.b. Wind offshore floating,partial,2024 catalogue lifetime unavailable; 2030 catalogue value used. 2024 catalogue construction time unavailable; 2030 catalogue value used.,Linear interpolation,,,Wind offshore floating,,OPEX 2050/2030=0.5207373271889401,2030,2038,0.1952840553,Linear interpolation between known datapoints
Offshore wind (floating),2039,Construction&Manufacturing,Direct,job-yr/MW,11.3622567524,11.3622567524,French QBIS 2023,French QBIS 2023,,30.0,2030.0,2.5,2030.0,Colombian Technology Catalogue,4.b. Wind offshore floating,partial,2024 catalogue lifetime unavailable; 2030 catalogue value used. 2024 catalogue construction time unavailable; 2030 catalogue value used.,Linear interpolation,,,Wind offshore floating,,CAPEX 2050/2030=0.5229712702987412,2030,2039,11.3622567524,Linear interpolation between known datapoints
Offshore wind (floating),2039,O&M,Direct,job/MW,0.189494562212,0.189494562212,French QBIS 2023,French QBIS 2023,,30.0,2030.0,2.5,2030.0,Colombian Technology Catalogue,4.b. Wind offshore floating,partial,2024 catalogue lifetime unavailable; 2030 catalogue value used. 2024 catalogue construction time unavailable; 2030 catalogue value used.,Linear interpolation,,,Wind offshore floating,,OPEX 2050/2030=0.5207373271889401,2030,2039,0.189494562212,Linear interpolation between known datapoints
Offshore wind (floating),2040,Construction&Manufacturing,Direct,job-yr/MW,11.0171741693,11.0171741693,French QBIS 2023,French QBIS 2023,,30.0,2030.0,2.5,2030.0,Colombian Technology Catalogue,4.b. Wind offshore floating,partial,2024 catalogue lifetime unavailable; 2030 catalogue value used. 2024 catalogue construction time unavailable; 2030 catalogue value used.,Linear interpolation,,,Wind offshore floating,,CAPEX 2050/2030=0.5229712702987412,2030,2040,11.0171741693,Linear interpolation between known datapoints
Offshore wind (floating),2040,O&M,Direct,job/MW,0.183705069124,0.183705069124,French QBIS 2023,French QBIS 2023,,30.0,2030.0,2.5,2030.0,Colombian Technology Catalogue,4.b. Wind offshore floating,partial,2024 catalogue lifetime unavailable; 2030 catalogue value used. 2024 catalogue construction time unavailable; 2030 catalogue value used.,Linear interpolation,,,Wind offshore floating,,OPEX 2050/2030=0.5207373271889401,2030,2040,0.183705069124,Linear interpolation between known datapoints
Offshore wind (floating),2041,Construction&Manufacturing,Direct,job-yr/MW,10.6720915863,10.6720915863,French QBIS 2023,French QBIS 2023,,30.0,2030.0,2.5,2030.0,Colombian Technology Catalogue,4.b. Wind offshore floating,partial,2024 catalogue lifetime unavailable; 2030 catalogue value used. 2024 catalogue construction time unavailable; 2030 catalogue value used.,Linear interpolation,,,Wind offshore floating,,CAPEX 2050/2030=0.5229712702987412,2030,2041,10.6720915863,Linear interpolation between known datapoints
Offshore wind (floating),2041,O&M,Direct,job/MW,0.177915576037,0.177915576037,French QBIS 2023,French QBIS 2023,,30.0,2030.0,2.5,2030.0,Colombian Technology Catalogue,4.b. Wind offshore floating,partial,2024 catalogue lifetime unavailable; 2030 catalogue value used. 2024 catalogue construction time unavailable; 2030 catalogue value used.,Linear interpolation,,,Wind offshore floating,,OPEX 2050/2030=0.5207373271889401,2030,2041,0.177915576037,Linear interpolation between known datapoints
Offshore wind (floating),2042,Construction&Manufacturing,Direct,job-yr/MW,10.3270090032,10.3270090032,French QBIS 2023,French QBIS 2023,,30.0,2030.0,2.5,2030.0,Colombian Technology Catalogue,4.b. Wind offshore floating,partial,2024 catalogue lifetime unavailable; 2030 catalogue value used. 2024 catalogue construction time unavailable; 2030 catalogue value used.,Linear interpolation,,,Wind offshore floating,,CAPEX 2050/2030=0.5229712702987412,2030,2042,10.3270090032,Linear interpolation between known datapoints
Offshore wind (floating),2042,O&M,Direct,job/MW,0.172126082949,0.172126082949,French QBIS 2023,French QBIS 2023,,30.0,2030.0,2.5,2030.0,Colombian Technology Catalogue,4.b. Wind offshore floating,partial,2024 catalogue lifetime unavailable; 2030 catalogue value used. 2024 catalogue construction time unavailable; 2030 catalogue value used.,Linear interpolation,,,Wind offshore floating,,OPEX 2050/2030=0.5207373271889401,2030,2042,0.172126082949,Linear interpolation between known datapoints
Offshore wind (floating),2043,Construction&Manufacturing,Direct,job-yr/MW,9.98192642014,9.98192642014,French QBIS 2023,French QBIS 2023,,30.0,2030.0,2.5,2030.0,Colombian Technology Catalogue,4.b. Wind offshore floating,partial,2024 catalogue lifetime unavailable; 2030 catalogue value used. 2024 catalogue construction time unavailable; 2030 catalogue value used.,Linear interpolation,,,Wind offshore floating,,CAPEX 2050/2030=0.5229712702987412,2030,2043,9.98192642014,Linear interpolation between known datapoints
Offshore wind (floating),2043,O&M,Direct,job/MW,0.166336589862,0.166336589862,French QBIS 2023,French QBIS 2023,,30.0,2030.0,2.5,2030.0,Colombian Technology Catalogue,4.b. Wind offshore floating,partial,2024 catalogue lifetime unavailable; 2030 catalogue value used. 2024 catalogue construction time unavailable; 2030 catalogue value used.,Linear interpolation,,,Wind offshore floating,,OPEX 2050/2030=0.5207373271889401,2030,2043,0.166336589862,Linear interpolation between known datapoints
Offshore wind (floating),2044,Construction&Manufacturing,Direct,job-yr/MW,9.63684383708,9.63684383708,French QBIS 2023,French QBIS 2023,,30.0,2030.0,2.5,2030.0,Colombian Technology Catalogue,4.b. Wind offshore floating,partial,2024 catalogue lifetime unavailable; 2030 catalogue value used. 2024 catalogue construction time unavailable; 2030 catalogue value used.,Linear interpolation,,,Wind offshore floating,,CAPEX 2050/2030=0.5229712702987412,2030,2044,9.63684383708,Linear interpolation between known datapoints
Offshore wind (floating),2044,O&M,Direct,job/MW,0.160547096774,0.160547096774,French QBIS 2023,French QBIS 2023,,30.0,2030.0,2.5,2030.0,Colombian Technology Catalogue,4.b. Wind offshore floating,partial,2024 catalogue lifetime unavailable; 2030 catalogue value used. 2024 catalogue construction time unavailable; 2030 catalogue value used.,Linear interpolation,,,Wind offshore floating,,OPEX 2050/2030=0.5207373271889401,2030,2044,0.160547096774,Linear interpolation between known datapoints
Offshore wind (floating),2045,Construction&Manufacturing,Direct,job-yr/MW,9.29176125401,9.29176125401,French QBIS 2023,French QBIS 2023,,30.0,2030.0,2.5,2030.0,Colombian Technology Catalogue,4.b. Wind offshore floating,partial,2024 catalogue lifetime unavailable; 2030 catalogue value used. 2024 catalogue construction time unavailable; 2030 catalogue value used.,Linear interpolation,,,Wind offshore floating,,CAPEX 2050/2030=0.5229712702987412,2030,2045,9.29176125401,Linear interpolation between known datapoints
Offshore wind (floating),2045,O&M,Direct,job/MW,0.154757603687,0.154757603687,French QBIS 2023,French QBIS 2023,,30.0,2030.0,2.5,2030.0,Colombian Technology Catalogue,4.b. Wind offshore floating,partial,2024 catalogue lifetime unavailable; 2030 catalogue value used. 2024 catalogue construction time unavailable; 2030 catalogue value used.,Linear interpolation,,,Wind offshore floating,,OPEX 2050/2030=0.5207373271889401,2030,2045,0.154757603687,Linear interpolation between known datapoints
Offshore wind (floating),2046,Construction&Manufacturing,Direct,job-yr/MW,8.94667867095,8.94667867095,French QBIS 2023,French QBIS 2023,,30.0,2030.0,2.5,2030.0,Colombian Technology Catalogue,4.b. Wind offshore floating,partial,2024 catalogue lifetime unavailable; 2030 catalogue value used. 2024 catalogue construction time unavailable; 2030 catalogue value used.,Linear interpolation,,,Wind offshore floating,,CAPEX 2050/2030=0.5229712702987412,2030,2046,8.94667867095,Linear interpolation between known datapoints
Offshore wind (floating),2046,O&M,Direct,job/MW,0.148968110599,0.148968110599,French QBIS 2023,French QBIS 2023,,30.0,2030.0,2.5,2030.0,Colombian Technology Catalogue,4.b. Wind offshore floating,partial,2024 catalogue lifetime unavailable; 2030 catalogue value used. 2024 catalogue construction time unavailable; 2030 catalogue value used.,Linear interpolation,,,Wind offshore floating,,OPEX 2050/2030=0.5207373271889401,2030,2046,0.148968110599,Linear interpolation between known datapoints
Offshore wind (floating),2047,Construction&Manufacturing,Direct,job-yr/MW,8.60159608788,8.60159608788,French QBIS 2023,French QBIS 2023,,30.0,2030.0,2.5,2030.0,Colombian Technology Catalogue,4.b. Wind offshore floating,partial,2024 catalogue lifetime unavailable; 2030 catalogue value used. 2024 catalogue construction time unavailable; 2030 catalogue value used.,Linear interpolation,,,Wind offshore floating,,CAPEX 2050/2030=0.5229712702987412,2030,2047,8.60159608788,Linear interpolation between known datapoints
Offshore wind (floating),2047,O&M,Direct,job/MW,0.143178617512,0.143178617512,French QBIS 2023,French QBIS 2023,,30.0,2030.0,2.5,2030.0,Colombian Technology Catalogue,4.b. Wind offshore floating,partial,2024 catalogue lifetime unavailable; 2030 catalogue value used. 2024 catalogue construction time unavailable; 2030 catalogue value used.,Linear interpolation,,,Wind offshore floating,,OPEX 2050/2030=0.5207373271889401,2030,2047,0.143178617512,Linear interpolation between known datapoints
Offshore wind (floating),2048,Construction&Manufacturing,Direct,job-yr/MW,8.25651350481,8.25651350481,French QBIS 2023,French QBIS 2023,,30.0,2030.0,2.5,2030.0,Colombian Technology Catalogue,4.b. Wind offshore floating,partial,2024 catalogue lifetime unavailable; 2030 catalogue value used. 2024 catalogue construction time unavailable; 2030 catalogue value used.,Linear interpolation,,,Wind offshore floating,,CAPEX 2050/2030=0.5229712702987412,2030,2048,8.25651350481,Linear interpolation between known datapoints
Offshore wind (floating),2048,O&M,Direct,job/MW,0.137389124424,0.137389124424,French QBIS 2023,French QBIS 2023,,30.0,2030.0,2.5,2030.0,Colombian Technology Catalogue,4.b. Wind offshore floating,partial,2024 catalogue lifetime unavailable; 2030 catalogue value used. 2024 catalogue construction time unavailable; 2030 catalogue value used.,Linear interpolation,,,Wind offshore floating,,OPEX 2050/2030=0.5207373271889401,2030,2048,0.137389124424,Linear interpolation between known datapoints
Offshore wind (floating),2049,Construction&Manufacturing,Direct,job-yr/MW,7.91143092175,7.91143092175,French QBIS 2023,French QBIS 2023,,30.0,2030.0,2.5,2030.0,Colombian Technology Catalogue,4.b. Wind offshore floating,partial,2024 catalogue lifetime unavailable; 2030 catalogue value used. 2024 catalogue construction time unavailable; 2030 catalogue value used.,Linear interpolation,,,Wind offshore floating,,CAPEX 2050/2030=0.5229712702987412,2030,2049,7.91143092175,Linear interpolation between known datapoints
Offshore wind (floating),2049,O&M,Direct,job/MW,0.131599631336,0.131599631336,French QBIS 2023,French QBIS 2023,,30.0,2030.0,2.5,2030.0,Colombian Technology Catalogue,4.b. Wind offshore floating,partial,2024 catalogue lifetime unavailable; 2030 catalogue value used. 2024 catalogue construction time unavailable; 2030 catalogue value used.,Linear interpolation,,,Wind offshore floating,,OPEX 2050/2030=0.5207373271889401,2030,2049,0.131599631336,Linear interpolation between known datapoints
Offshore wind (floating),2050,Construction&Manufacturing,Direct,job-yr/MW,7.56634833868,7.56634833868,French QBIS 2023,French QBIS 2023,,30.0,2030.0,2.5,2030.0,Colombian Technology Catalogue,4.b. Wind offshore floating,partial,2024 catalogue lifetime unavailable; 2030 catalogue value used. 2024 catalogue construction time unavailable; 2030 catalogue value used.,CAPEX/OPEX ratio projection with constant bridge,,,Wind offshore floating,,CAPEX 2050/2030=0.5229712702987412,2030,2050,7.56634833868,Known datapoint
Offshore wind (floating),2050,O&M,Direct,job/MW,0.125810138249,0.125810138249,French QBIS 2023,French QBIS 2023,,30.0,2030.0,2.5,2030.0,Colombian Technology Catalogue,4.b. Wind offshore floating,partial,2024 catalogue lifetime unavailable; 2030 catalogue value used. 2024 catalogue construction time unavailable; 2030 catalogue value used.,CAPEX/OPEX ratio projection with constant bridge,,,Wind offshore floating,,OPEX 2050/2030=0.5207373271889401,2030,2050,0.125810138249,Known datapoint
Offshore wind (floating),2051,Construction&Manufacturing,Direct,job-yr/MW,7.56634833868,7.56634833868,French QBIS 2023,French QBIS 2023,,30.0,2030.0,2.5,2030.0,Colombian Technology Catalogue,4.b. Wind offshore floating,partial,2024 catalogue lifetime unavailable; 2030 catalogue value used. 2024 catalogue construction time unavailable; 2030 catalogue value used.,Linear interpolation,,,Wind offshore floating,,CAPEX 2050/2030=0.5229712702987412,2030,2051,7.56634833868,Linear interpolation to 2050; held constant after 2050
Offshore wind (floating),2051,O&M,Direct,job/MW,0.125810138249,0.125810138249,French QBIS 2023,French QBIS 2023,,30.0,2030.0,2.5,2030.0,Colombian Technology Catalogue,4.b. Wind offshore floating,partial,2024 catalogue lifetime unavailable; 2030 catalogue value used. 2024 catalogue construction time unavailable; 2030 catalogue value used.,Linear interpolation,,,Wind offshore floating,,OPEX 2050/2030=0.5207373271889401,2030,2051,0.125810138249,Linear interpolation to 2050; held constant after 2050
Offshore wind (floating),2052,Construction&Manufacturing,Direct,job-yr/MW,7.56634833868,7.56634833868,French QBIS 2023,French QBIS 2023,,30.0,2030.0,2.5,2030.0,Colombian Technology Catalogue,4.b. Wind offshore floating,partial,2024 catalogue lifetime unavailable; 2030 catalogue value used. 2024 catalogue construction time unavailable; 2030 catalogue value used.,Linear interpolation,,,Wind offshore floating,,CAPEX 2050/2030=0.5229712702987412,2030,2052,7.56634833868,Linear interpolation to 2050; held constant after 2050
Offshore wind (floating),2052,O&M,Direct,job/MW,0.125810138249,0.125810138249,French QBIS 2023,French QBIS 2023,,30.0,2030.0,2.5,2030.0,Colombian Technology Catalogue,4.b. Wind offshore floating,partial,2024 catalogue lifetime unavailable; 2030 catalogue value used. 2024 catalogue construction time unavailable; 2030 catalogue value used.,Linear interpolation,,,Wind offshore floating,,OPEX 2050/2030=0.5207373271889401,2030,2052,0.125810138249,Linear interpolation to 2050; held constant after 2050
Offshore wind (floating),2053,Construction&Manufacturing,Direct,job-yr/MW,7.56634833868,7.56634833868,French QBIS 2023,French QBIS 2023,,30.0,2030.0,2.5,2030.0,Colombian Technology Catalogue,4.b. Wind offshore floating,partial,2024 catalogue lifetime unavailable; 2030 catalogue value used. 2024 catalogue construction time unavailable; 2030 catalogue value used.,Linear interpolation,,,Wind offshore floating,,CAPEX 2050/2030=0.5229712702987412,2030,2053,7.56634833868,Linear interpolation to 2050; held constant after 2050
Offshore wind (floating),2053,O&M,Direct,job/MW,0.125810138249,0.125810138249,French QBIS 2023,French QBIS 2023,,30.0,2030.0,2.5,2030.0,Colombian Technology Catalogue,4.b. Wind offshore floating,partial,2024 catalogue lifetime unavailable; 2030 catalogue value used. 2024 catalogue construction time unavailable; 2030 catalogue value used.,Linear interpolation,,,Wind offshore floating,,OPEX 2050/2030=0.5207373271889401,2030,2053,0.125810138249,Linear interpolation to 2050; held constant after 2050
Offshore wind (floating),2054,Construction&Manufacturing,Direct,job-yr/MW,7.56634833868,7.56634833868,French QBIS 2023,French QBIS 2023,,30.0,2030.0,2.5,2030.0,Colombian Technology Catalogue,4.b. Wind offshore floating,partial,2024 catalogue lifetime unavailable; 2030 catalogue value used. 2024 catalogue construction time unavailable; 2030 catalogue value used.,Linear interpolation,,,Wind offshore floating,,CAPEX 2050/2030=0.5229712702987412,2030,2054,7.56634833868,Linear interpolation to 2050; held constant after 2050
Offshore wind (floating),2054,O&M,Direct,job/MW,0.125810138249,0.125810138249,French QBIS 2023,French QBIS 2023,,30.0,2030.0,2.5,2030.0,Colombian Technology Catalogue,4.b. Wind offshore floating,partial,2024 catalogue lifetime unavailable; 2030 catalogue value used. 2024 catalogue construction time unavailable; 2030 catalogue value used.,Linear interpolation,,,Wind offshore floating,,OPEX 2050/2030=0.5207373271889401,2030,2054,0.125810138249,Linear interpolation to 2050; held constant after 2050
Offshore wind (floating),2055,Construction&Manufacturing,Direct,job-yr/MW,7.56634833868,7.56634833868,French QBIS 2023,French QBIS 2023,,30.0,2030.0,2.5,2030.0,Colombian Technology Catalogue,4.b. Wind offshore floating,partial,2024 catalogue lifetime unavailable; 2030 catalogue value used. 2024 catalogue construction time unavailable; 2030 catalogue value used.,Linear interpolation,,,Wind offshore floating,,CAPEX 2050/2030=0.5229712702987412,2030,2055,7.56634833868,Linear interpolation to 2050; held constant after 2050
Offshore wind (floating),2055,O&M,Direct,job/MW,0.125810138249,0.125810138249,French QBIS 2023,French QBIS 2023,,30.0,2030.0,2.5,2030.0,Colombian Technology Catalogue,4.b. Wind offshore floating,partial,2024 catalogue lifetime unavailable; 2030 catalogue value used. 2024 catalogue construction time unavailable; 2030 catalogue value used.,Linear interpolation,,,Wind offshore floating,,OPEX 2050/2030=0.5207373271889401,2030,2055,0.125810138249,Linear interpolation to 2050; held constant after 2050
Oil and diesel,2024,Construction,Direct,job-yr/MW,1.2532,1.2532,Rutovitz 2015,Rutovitz 2015,,25.0,2024.0,1.5,2024.0,Colombian Technology Catalogue,11. SCGT (GAS),proxy,,Linear interpolation,Oil,,SCGT (GAS),,CAPEX 2050/2030=0.9607509570263428,2030,2024,1.2532,Linear interpolation between known datapoints
Oil and diesel,2024,Construction&Manufacturing,Direct,job-yr/MW,2.14972,2.14972,Rutovitz 2015,Rutovitz 2015,,25.0,2024.0,1.5,2024.0,Colombian Technology Catalogue,11. SCGT (GAS),proxy,,Linear interpolation,Oil,,SCGT (GAS),,Construction + Manufacturing; full regional manufacturing assumed by Rutovitz 2015 method,2030,2024,2.14972,Linear interpolation between known datapoints
Oil and diesel,2024,Manufacturing,Direct,job-yr/MW,0.89652,0.89652,Rutovitz 2015,Rutovitz 2015,,25.0,2024.0,1.5,2024.0,Colombian Technology Catalogue,11. SCGT (GAS),proxy,,Linear interpolation,Oil,,SCGT (GAS),,CAPEX 2050/2030=0.9607509570263428,2030,2024,0.89652,Linear interpolation between known datapoints
Oil and diesel,2024,O&M,Direct,job/MW,0.13496,0.13496,Rutovitz 2015,Rutovitz 2015,,25.0,2024.0,1.5,2024.0,Colombian Technology Catalogue,11. SCGT (GAS),proxy,,Linear interpolation,Oil,,SCGT (GAS),,OPEX 2050/2030=0.9620689655172414,2030,2024,0.13496,Linear interpolation between known datapoints
Oil and diesel,2025,Construction,Direct,job-yr/MW,1.248,1.248,Rutovitz 2015,Rutovitz 2015,,25.0,2024.0,1.5,2024.0,Colombian Technology Catalogue,11. SCGT (GAS),proxy,,Linear interpolation,Oil,,SCGT (GAS),,CAPEX 2050/2030=0.9607509570263428,2030,2025,1.248,Linear interpolation between known datapoints
Oil and diesel,2025,Construction&Manufacturing,Direct,job-yr/MW,2.1408,2.1408,Rutovitz 2015,Rutovitz 2015,,25.0,2024.0,1.5,2024.0,Colombian Technology Catalogue,11. SCGT (GAS),proxy,,Linear interpolation,Oil,,SCGT (GAS),,Construction + Manufacturing; full regional manufacturing assumed by Rutovitz 2015 method,2030,2025,2.1408,Linear interpolation between known datapoints
Oil and diesel,2025,Manufacturing,Direct,job-yr/MW,0.8928,0.8928,Rutovitz 2015,Rutovitz 2015,,25.0,2024.0,1.5,2024.0,Colombian Technology Catalogue,11. SCGT (GAS),proxy,,Linear interpolation,Oil,,SCGT (GAS),,CAPEX 2050/2030=0.9607509570263428,2030,2025,0.8928,Linear interpolation between known datapoints
Oil and diesel,2025,O&M,Direct,job/MW,0.1344,0.1344,Rutovitz 2015,Rutovitz 2015,,25.0,2024.0,1.5,2024.0,Colombian Technology Catalogue,11. SCGT (GAS),proxy,,Linear interpolation,Oil,,SCGT (GAS),,OPEX 2050/2030=0.9620689655172414,2030,2025,0.1344,Linear interpolation between known datapoints
Oil and diesel,2026,Construction,Direct,job-yr/MW,1.2428,1.2428,Rutovitz 2015,Rutovitz 2015,,25.0,2024.0,1.5,2024.0,Colombian Technology Catalogue,11. SCGT (GAS),proxy,,Linear interpolation,Oil,,SCGT (GAS),,CAPEX 2050/2030=0.9607509570263428,2030,2026,1.2428,Linear interpolation between known datapoints
Oil and diesel,2026,Construction&Manufacturing,Direct,job-yr/MW,2.13188,2.13188,Rutovitz 2015,Rutovitz 2015,,25.0,2024.0,1.5,2024.0,Colombian Technology Catalogue,11. SCGT (GAS),proxy,,Linear interpolation,Oil,,SCGT (GAS),,Construction + Manufacturing; full regional manufacturing assumed by Rutovitz 2015 method,2030,2026,2.13188,Linear interpolation between known datapoints
Oil and diesel,2026,Manufacturing,Direct,job-yr/MW,0.88908,0.88908,Rutovitz 2015,Rutovitz 2015,,25.0,2024.0,1.5,2024.0,Colombian Technology Catalogue,11. SCGT (GAS),proxy,,Linear interpolation,Oil,,SCGT (GAS),,CAPEX 2050/2030=0.9607509570263428,2030,2026,0.88908,Linear interpolation between known datapoints
Oil and diesel,2026,O&M,Direct,job/MW,0.13384,0.13384,Rutovitz 2015,Rutovitz 2015,,25.0,2024.0,1.5,2024.0,Colombian Technology Catalogue,11. SCGT (GAS),proxy,,Linear interpolation,Oil,,SCGT (GAS),,OPEX 2050/2030=0.9620689655172414,2030,2026,0.13384,Linear interpolation between known datapoints
Oil and diesel,2027,Construction,Direct,job-yr/MW,1.2376,1.2376,Rutovitz 2015,Rutovitz 2015,,25.0,2024.0,1.5,2024.0,Colombian Technology Catalogue,11. SCGT (GAS),proxy,,Linear interpolation,Oil,,SCGT (GAS),,CAPEX 2050/2030=0.9607509570263428,2030,2027,1.2376,Linear interpolation between known datapoints
Oil and diesel,2027,Construction&Manufacturing,Direct,job-yr/MW,2.12296,2.12296,Rutovitz 2015,Rutovitz 2015,,25.0,2024.0,1.5,2024.0,Colombian Technology Catalogue,11. SCGT (GAS),proxy,,Linear interpolation,Oil,,SCGT (GAS),,Construction + Manufacturing; full regional manufacturing assumed by Rutovitz 2015 method,2030,2027,2.12296,Linear interpolation between known datapoints
Oil and diesel,2027,Manufacturing,Direct,job-yr/MW,0.88536,0.88536,Rutovitz 2015,Rutovitz 2015,,25.0,2024.0,1.5,2024.0,Colombian Technology Catalogue,11. SCGT (GAS),proxy,,Linear interpolation,Oil,,SCGT (GAS),,CAPEX 2050/2030=0.9607509570263428,2030,2027,0.88536,Linear interpolation between known datapoints
Oil and diesel,2027,O&M,Direct,job/MW,0.13328,0.13328,Rutovitz 2015,Rutovitz 2015,,25.0,2024.0,1.5,2024.0,Colombian Technology Catalogue,11. SCGT (GAS),proxy,,Linear interpolation,Oil,,SCGT (GAS),,OPEX 2050/2030=0.9620689655172414,2030,2027,0.13328,Linear interpolation between known datapoints
Oil and diesel,2028,Construction,Direct,job-yr/MW,1.2324,1.2324,Rutovitz 2015,Rutovitz 2015,,25.0,2024.0,1.5,2024.0,Colombian Technology Catalogue,11. SCGT (GAS),proxy,,Linear interpolation,Oil,,SCGT (GAS),,CAPEX 2050/2030=0.9607509570263428,2030,2028,1.2324,Linear interpolation between known datapoints
Oil and diesel,2028,Construction&Manufacturing,Direct,job-yr/MW,2.11404,2.11404,Rutovitz 2015,Rutovitz 2015,,25.0,2024.0,1.5,2024.0,Colombian Technology Catalogue,11. SCGT (GAS),proxy,,Linear interpolation,Oil,,SCGT (GAS),,Construction + Manufacturing; full regional manufacturing assumed by Rutovitz 2015 method,2030,2028,2.11404,Linear interpolation between known datapoints
Oil and diesel,2028,Manufacturing,Direct,job-yr/MW,0.88164,0.88164,Rutovitz 2015,Rutovitz 2015,,25.0,2024.0,1.5,2024.0,Colombian Technology Catalogue,11. SCGT (GAS),proxy,,Linear interpolation,Oil,,SCGT (GAS),,CAPEX 2050/2030=0.9607509570263428,2030,2028,0.88164,Linear interpolation between known datapoints
Oil and diesel,2028,O&M,Direct,job/MW,0.13272,0.13272,Rutovitz 2015,Rutovitz 2015,,25.0,2024.0,1.5,2024.0,Colombian Technology Catalogue,11. SCGT (GAS),proxy,,Linear interpolation,Oil,,SCGT (GAS),,OPEX 2050/2030=0.9620689655172414,2030,2028,0.13272,Linear interpolation between known datapoints
Oil and diesel,2029,Construction,Direct,job-yr/MW,1.2272,1.2272,Rutovitz 2015,Rutovitz 2015,,25.0,2024.0,1.5,2024.0,Colombian Technology Catalogue,11. SCGT (GAS),proxy,,Linear interpolation,Oil,,SCGT (GAS),,CAPEX 2050/2030=0.9607509570263428,2030,2029,1.2272,Linear interpolation between known datapoints
Oil and diesel,2029,Construction&Manufacturing,Direct,job-yr/MW,2.10512,2.10512,Rutovitz 2015,Rutovitz 2015,,25.0,2024.0,1.5,2024.0,Colombian Technology Catalogue,11. SCGT (GAS),proxy,,Linear interpolation,Oil,,SCGT (GAS),,Construction + Manufacturing; full regional manufacturing assumed by Rutovitz 2015 method,2030,2029,2.10512,Linear interpolation between known datapoints
Oil and diesel,2029,Manufacturing,Direct,job-yr/MW,0.87792,0.87792,Rutovitz 2015,Rutovitz 2015,,25.0,2024.0,1.5,2024.0,Colombian Technology Catalogue,11. SCGT (GAS),proxy,,Linear interpolation,Oil,,SCGT (GAS),,CAPEX 2050/2030=0.9607509570263428,2030,2029,0.87792,Linear interpolation between known datapoints
Oil and diesel,2029,O&M,Direct,job/MW,0.13216,0.13216,Rutovitz 2015,Rutovitz 2015,,25.0,2024.0,1.5,2024.0,Colombian Technology Catalogue,11. SCGT (GAS),proxy,,Linear interpolation,Oil,,SCGT (GAS),,OPEX 2050/2030=0.9620689655172414,2030,2029,0.13216,Linear interpolation between known datapoints
Oil and diesel,2030,Construction,Direct,job-yr/MW,1.222,1.222,Rutovitz 2015,Rutovitz 2015,,25.0,2024.0,1.5,2024.0,Colombian Technology Catalogue,11. SCGT (GAS),proxy,,Rutovitz Table 9 decline to 2030,Oil,0.94,,,Rutovitz Table 9 Latin America 2030,2015,2030,1.222,Known datapoint
Oil and diesel,2030,Construction&Manufacturing,Direct,job-yr/MW,2.0962,2.0962,Rutovitz 2015,Rutovitz 2015,,25.0,2024.0,1.5,2024.0,Colombian Technology Catalogue,11. SCGT (GAS),proxy,,Derived Construction&Manufacturing,Oil,0.94,,,Construction + Manufacturing; full regional manufacturing assumed by Rutovitz 2015 method,2015,2030,2.0962,Known datapoint
Oil and diesel,2030,Manufacturing,Direct,job-yr/MW,0.8742,0.8742,Rutovitz 2015,Rutovitz 2015,,25.0,2024.0,1.5,2024.0,Colombian Technology Catalogue,11. SCGT (GAS),proxy,,Rutovitz Table 9 decline to 2030,Oil,0.94,,,Rutovitz Table 9 Latin America 2030,2015,2030,0.8742,Known datapoint
Oil and diesel,2030,O&M,Direct,job/MW,0.1316,0.1316,Rutovitz 2015,Rutovitz 2015,,25.0,2024.0,1.5,2024.0,Colombian Technology Catalogue,11. SCGT (GAS),proxy,,Rutovitz Table 9 decline to 2030,Oil,0.94,,,Rutovitz Table 9 Latin America 2030,2015,2030,0.1316,Known datapoint
Oil and diesel,2031,Construction,Direct,job-yr/MW,1.21960188347,1.21960188347,Rutovitz 2015,Rutovitz 2015,,25.0,2024.0,1.5,2024.0,Colombian Technology Catalogue,11. SCGT (GAS),proxy,,Linear interpolation,Oil,,SCGT (GAS),,CAPEX 2050/2030=0.9607509570263428,2030,2031,1.21960188347,Linear interpolation between known datapoints
Oil and diesel,2031,Construction&Manufacturing,Direct,job-yr/MW,2.09208630781,2.09208630781,Rutovitz 2015,Rutovitz 2015,,25.0,2024.0,1.5,2024.0,Colombian Technology Catalogue,11. SCGT (GAS),proxy,,Linear interpolation,Oil,,SCGT (GAS),,Construction + Manufacturing; full regional manufacturing assumed by Rutovitz 2015 method,2030,2031,2.09208630781,Linear interpolation between known datapoints
Oil and diesel,2031,Manufacturing,Direct,job-yr/MW,0.872484424332,0.872484424332,Rutovitz 2015,Rutovitz 2015,,25.0,2024.0,1.5,2024.0,Colombian Technology Catalogue,11. SCGT (GAS),proxy,,Linear interpolation,Oil,,SCGT (GAS),,CAPEX 2050/2030=0.9607509570263428,2030,2031,0.872484424332,Linear interpolation between known datapoints
Oil and diesel,2031,O&M,Direct,job/MW,0.131350413793,0.131350413793,Rutovitz 2015,Rutovitz 2015,,25.0,2024.0,1.5,2024.0,Colombian Technology Catalogue,11. SCGT (GAS),proxy,,Linear interpolation,Oil,,SCGT (GAS),,OPEX 2050/2030=0.9620689655172414,2030,2031,0.131350413793,Linear interpolation between known datapoints
Oil and diesel,2032,Construction,Direct,job-yr/MW,1.21720376695,1.21720376695,Rutovitz 2015,Rutovitz 2015,,25.0,2024.0,1.5,2024.0,Colombian Technology Catalogue,11. SCGT (GAS),proxy,,Linear interpolation,Oil,,SCGT (GAS),,CAPEX 2050/2030=0.9607509570263428,2030,2032,1.21720376695,Linear interpolation between known datapoints
Oil and diesel,2032,Construction&Manufacturing,Direct,job-yr/MW,2.08797261561,2.08797261561,Rutovitz 2015,Rutovitz 2015,,25.0,2024.0,1.5,2024.0,Colombian Technology Catalogue,11. SCGT (GAS),proxy,,Linear interpolation,Oil,,SCGT (GAS),,Construction + Manufacturing; full regional manufacturing assumed by Rutovitz 2015 method,2030,2032,2.08797261561,Linear interpolation between known datapoints
Oil and diesel,2032,Manufacturing,Direct,job-yr/MW,0.870768848663,0.870768848663,Rutovitz 2015,Rutovitz 2015,,25.0,2024.0,1.5,2024.0,Colombian Technology Catalogue,11. SCGT (GAS),proxy,,Linear interpolation,Oil,,SCGT (GAS),,CAPEX 2050/2030=0.9607509570263428,2030,2032,0.870768848663,Linear interpolation between known datapoints
Oil and diesel,2032,O&M,Direct,job/MW,0.131100827586,0.131100827586,Rutovitz 2015,Rutovitz 2015,,25.0,2024.0,1.5,2024.0,Colombian Technology Catalogue,11. SCGT (GAS),proxy,,Linear interpolation,Oil,,SCGT (GAS),,OPEX 2050/2030=0.9620689655172414,2030,2032,0.131100827586,Linear interpolation between known datapoints
Oil and diesel,2033,Construction,Direct,job-yr/MW,1.21480565042,1.21480565042,Rutovitz 2015,Rutovitz 2015,,25.0,2024.0,1.5,2024.0,Colombian Technology Catalogue,11. SCGT (GAS),proxy,,Linear interpolation,Oil,,SCGT (GAS),,CAPEX 2050/2030=0.9607509570263428,2030,2033,1.21480565042,Linear interpolation between known datapoints
Oil and diesel,2033,Construction&Manufacturing,Direct,job-yr/MW,2.08385892342,2.08385892342,Rutovitz 2015,Rutovitz 2015,,25.0,2024.0,1.5,2024.0,Colombian Technology Catalogue,11. SCGT (GAS),proxy,,Linear interpolation,Oil,,SCGT (GAS),,Construction + Manufacturing; full regional manufacturing assumed by Rutovitz 2015 method,2030,2033,2.08385892342,Linear interpolation between known datapoints
Oil and diesel,2033,Manufacturing,Direct,job-yr/MW,0.869053272995,0.869053272995,Rutovitz 2015,Rutovitz 2015,,25.0,2024.0,1.5,2024.0,Colombian Technology Catalogue,11. SCGT (GAS),proxy,,Linear interpolation,Oil,,SCGT (GAS),,CAPEX 2050/2030=0.9607509570263428,2030,2033,0.869053272995,Linear interpolation between known datapoints
Oil and diesel,2033,O&M,Direct,job/MW,0.130851241379,0.130851241379,Rutovitz 2015,Rutovitz 2015,,25.0,2024.0,1.5,2024.0,Colombian Technology Catalogue,11. SCGT (GAS),proxy,,Linear interpolation,Oil,,SCGT (GAS),,OPEX 2050/2030=0.9620689655172414,2030,2033,0.130851241379,Linear interpolation between known datapoints
Oil and diesel,2034,Construction,Direct,job-yr/MW,1.2124075339,1.2124075339,Rutovitz 2015,Rutovitz 2015,,25.0,2024.0,1.5,2024.0,Colombian Technology Catalogue,11. SCGT (GAS),proxy,,Linear interpolation,Oil,,SCGT (GAS),,CAPEX 2050/2030=0.9607509570263428,2030,2034,1.2124075339,Linear interpolation between known datapoints
Oil and diesel,2034,Construction&Manufacturing,Direct,job-yr/MW,2.07974523122,2.07974523122,Rutovitz 2015,Rutovitz 2015,,25.0,2024.0,1.5,2024.0,Colombian Technology Catalogue,11. SCGT (GAS),proxy,,Linear interpolation,Oil,,SCGT (GAS),,Construction + Manufacturing; full regional manufacturing assumed by Rutovitz 2015 method,2030,2034,2.07974523122,Linear interpolation between known datapoints
Oil and diesel,2034,Manufacturing,Direct,job-yr/MW,0.867337697326,0.867337697326,Rutovitz 2015,Rutovitz 2015,,25.0,2024.0,1.5,2024.0,Colombian Technology Catalogue,11. SCGT (GAS),proxy,,Linear interpolation,Oil,,SCGT (GAS),,CAPEX 2050/2030=0.9607509570263428,2030,2034,0.867337697326,Linear interpolation between known datapoints
Oil and diesel,2034,O&M,Direct,job/MW,0.130601655172,0.130601655172,Rutovitz 2015,Rutovitz 2015,,25.0,2024.0,1.5,2024.0,Colombian Technology Catalogue,11. SCGT (GAS),proxy,,Linear interpolation,Oil,,SCGT (GAS),,OPEX 2050/2030=0.9620689655172414,2030,2034,0.130601655172,Linear interpolation between known datapoints
Oil and diesel,2035,Construction,Direct,job-yr/MW,1.21000941737,1.21000941737,Rutovitz 2015,Rutovitz 2015,,25.0,2024.0,1.5,2024.0,Colombian Technology Catalogue,11. SCGT (GAS),proxy,,Linear interpolation,Oil,,SCGT (GAS),,CAPEX 2050/2030=0.9607509570263428,2030,2035,1.21000941737,Linear interpolation between known datapoints
Oil and diesel,2035,Construction&Manufacturing,Direct,job-yr/MW,2.07563153903,2.07563153903,Rutovitz 2015,Rutovitz 2015,,25.0,2024.0,1.5,2024.0,Colombian Technology Catalogue,11. SCGT (GAS),proxy,,Linear interpolation,Oil,,SCGT (GAS),,Construction + Manufacturing; full regional manufacturing assumed by Rutovitz 2015 method,2030,2035,2.07563153903,Linear interpolation between known datapoints
Oil and diesel,2035,Manufacturing,Direct,job-yr/MW,0.865622121658,0.865622121658,Rutovitz 2015,Rutovitz 2015,,25.0,2024.0,1.5,2024.0,Colombian Technology Catalogue,11. SCGT (GAS),proxy,,Linear interpolation,Oil,,SCGT (GAS),,CAPEX 2050/2030=0.9607509570263428,2030,2035,0.865622121658,Linear interpolation between known datapoints
Oil and diesel,2035,O&M,Direct,job/MW,0.130352068966,0.130352068966,Rutovitz 2015,Rutovitz 2015,,25.0,2024.0,1.5,2024.0,Colombian Technology Catalogue,11. SCGT (GAS),proxy,,Linear interpolation,Oil,,SCGT (GAS),,OPEX 2050/2030=0.9620689655172414,2030,2035,0.130352068966,Linear interpolation between known datapoints
Oil and diesel,2036,Construction,Direct,job-yr/MW,1.20761130085,1.20761130085,Rutovitz 2015,Rutovitz 2015,,25.0,2024.0,1.5,2024.0,Colombian Technology Catalogue,11. SCGT (GAS),proxy,,Linear interpolation,Oil,,SCGT (GAS),,CAPEX 2050/2030=0.9607509570263428,2030,2036,1.20761130085,Linear interpolation between known datapoints
Oil and diesel,2036,Construction&Manufacturing,Direct,job-yr/MW,2.07151784684,2.07151784684,Rutovitz 2015,Rutovitz 2015,,25.0,2024.0,1.5,2024.0,Colombian Technology Catalogue,11. SCGT (GAS),proxy,,Linear interpolation,Oil,,SCGT (GAS),,Construction + Manufacturing; full regional manufacturing assumed by Rutovitz 2015 method,2030,2036,2.07151784684,Linear interpolation between known datapoints
Oil and diesel,2036,Manufacturing,Direct,job-yr/MW,0.86390654599,0.86390654599,Rutovitz 2015,Rutovitz 2015,,25.0,2024.0,1.5,2024.0,Colombian Technology Catalogue,11. SCGT (GAS),proxy,,Linear interpolation,Oil,,SCGT (GAS),,CAPEX 2050/2030=0.9607509570263428,2030,2036,0.86390654599,Linear interpolation between known datapoints
Oil and diesel,2036,O&M,Direct,job/MW,0.130102482759,0.130102482759,Rutovitz 2015,Rutovitz 2015,,25.0,2024.0,1.5,2024.0,Colombian Technology Catalogue,11. SCGT (GAS),proxy,,Linear interpolation,Oil,,SCGT (GAS),,OPEX 2050/2030=0.9620689655172414,2030,2036,0.130102482759,Linear interpolation between known datapoints
Oil and diesel,2037,Construction,Direct,job-yr/MW,1.20521318432,1.20521318432,Rutovitz 2015,Rutovitz 2015,,25.0,2024.0,1.5,2024.0,Colombian Technology Catalogue,11. SCGT (GAS),proxy,,Linear interpolation,Oil,,SCGT (GAS),,CAPEX 2050/2030=0.9607509570263428,2030,2037,1.20521318432,Linear interpolation between known datapoints
Oil and diesel,2037,Construction&Manufacturing,Direct,job-yr/MW,2.06740415464,2.06740415464,Rutovitz 2015,Rutovitz 2015,,25.0,2024.0,1.5,2024.0,Colombian Technology Catalogue,11. SCGT (GAS),proxy,,Linear interpolation,Oil,,SCGT (GAS),,Construction + Manufacturing; full regional manufacturing assumed by Rutovitz 2015 method,2030,2037,2.06740415464,Linear interpolation between known datapoints
Oil and diesel,2037,Manufacturing,Direct,job-yr/MW,0.862190970321,0.862190970321,Rutovitz 2015,Rutovitz 2015,,25.0,2024.0,1.5,2024.0,Colombian Technology Catalogue,11. SCGT (GAS),proxy,,Linear interpolation,Oil,,SCGT (GAS),,CAPEX 2050/2030=0.9607509570263428,2030,2037,0.862190970321,Linear interpolation between known datapoints
Oil and diesel,2037,O&M,Direct,job/MW,0.129852896552,0.129852896552,Rutovitz 2015,Rutovitz 2015,,25.0,2024.0,1.5,2024.0,Colombian Technology Catalogue,11. SCGT (GAS),proxy,,Linear interpolation,Oil,,SCGT (GAS),,OPEX 2050/2030=0.9620689655172414,2030,2037,0.129852896552,Linear interpolation between known datapoints
Oil and diesel,2038,Construction,Direct,job-yr/MW,1.20281506779,1.20281506779,Rutovitz 2015,Rutovitz 2015,,25.0,2024.0,1.5,2024.0,Colombian Technology Catalogue,11. SCGT (GAS),proxy,,Linear interpolation,Oil,,SCGT (GAS),,CAPEX 2050/2030=0.9607509570263428,2030,2038,1.20281506779,Linear interpolation between known datapoints
Oil and diesel,2038,Construction&Manufacturing,Direct,job-yr/MW,2.06329046245,2.06329046245,Rutovitz 2015,Rutovitz 2015,,25.0,2024.0,1.5,2024.0,Colombian Technology Catalogue,11. SCGT (GAS),proxy,,Linear interpolation,Oil,,SCGT (GAS),,Construction + Manufacturing; full regional manufacturing assumed by Rutovitz 2015 method,2030,2038,2.06329046245,Linear interpolation between known datapoints
Oil and diesel,2038,Manufacturing,Direct,job-yr/MW,0.860475394653,0.860475394653,Rutovitz 2015,Rutovitz 2015,,25.0,2024.0,1.5,2024.0,Colombian Technology Catalogue,11. SCGT (GAS),proxy,,Linear interpolation,Oil,,SCGT (GAS),,CAPEX 2050/2030=0.9607509570263428,2030,2038,0.860475394653,Linear interpolation between known datapoints
Oil and diesel,2038,O&M,Direct,job/MW,0.129603310345,0.129603310345,Rutovitz 2015,Rutovitz 2015,,25.0,2024.0,1.5,2024.0,Colombian Technology Catalogue,11. SCGT (GAS),proxy,,Linear interpolation,Oil,,SCGT (GAS),,OPEX 2050/2030=0.9620689655172414,2030,2038,0.129603310345,Linear interpolation between known datapoints
Oil and diesel,2039,Construction,Direct,job-yr/MW,1.20041695127,1.20041695127,Rutovitz 2015,Rutovitz 2015,,25.0,2024.0,1.5,2024.0,Colombian Technology Catalogue,11. SCGT (GAS),proxy,,Linear interpolation,Oil,,SCGT (GAS),,CAPEX 2050/2030=0.9607509570263428,2030,2039,1.20041695127,Linear interpolation between known datapoints
Oil and diesel,2039,Construction&Manufacturing,Direct,job-yr/MW,2.05917677025,2.05917677025,Rutovitz 2015,Rutovitz 2015,,25.0,2024.0,1.5,2024.0,Colombian Technology Catalogue,11. SCGT (GAS),proxy,,Linear interpolation,Oil,,SCGT (GAS),,Construction + Manufacturing; full regional manufacturing assumed by Rutovitz 2015 method,2030,2039,2.05917677025,Linear interpolation between known datapoints
Oil and diesel,2039,Manufacturing,Direct,job-yr/MW,0.858759818985,0.858759818985,Rutovitz 2015,Rutovitz 2015,,25.0,2024.0,1.5,2024.0,Colombian Technology Catalogue,11. SCGT (GAS),proxy,,Linear interpolation,Oil,,SCGT (GAS),,CAPEX 2050/2030=0.9607509570263428,2030,2039,0.858759818985,Linear interpolation between known datapoints
Oil and diesel,2039,O&M,Direct,job/MW,0.129353724138,0.129353724138,Rutovitz 2015,Rutovitz 2015,,25.0,2024.0,1.5,2024.0,Colombian Technology Catalogue,11. SCGT (GAS),proxy,,Linear interpolation,Oil,,SCGT (GAS),,OPEX 2050/2030=0.9620689655172414,2030,2039,0.129353724138,Linear interpolation between known datapoints
Oil and diesel,2040,Construction,Direct,job-yr/MW,1.19801883474,1.19801883474,Rutovitz 2015,Rutovitz 2015,,25.0,2024.0,1.5,2024.0,Colombian Technology Catalogue,11. SCGT (GAS),proxy,,Linear interpolation,Oil,,SCGT (GAS),,CAPEX 2050/2030=0.9607509570263428,2030,2040,1.19801883474,Linear interpolation between known datapoints
Oil and diesel,2040,Construction&Manufacturing,Direct,job-yr/MW,2.05506307806,2.05506307806,Rutovitz 2015,Rutovitz 2015,,25.0,2024.0,1.5,2024.0,Colombian Technology Catalogue,11. SCGT (GAS),proxy,,Linear interpolation,Oil,,SCGT (GAS),,Construction + Manufacturing; full regional manufacturing assumed by Rutovitz 2015 method,2030,2040,2.05506307806,Linear interpolation between known datapoints
Oil and diesel,2040,Manufacturing,Direct,job-yr/MW,0.857044243316,0.857044243316,Rutovitz 2015,Rutovitz 2015,,25.0,2024.0,1.5,2024.0,Colombian Technology Catalogue,11. SCGT (GAS),proxy,,Linear interpolation,Oil,,SCGT (GAS),,CAPEX 2050/2030=0.9607509570263428,2030,2040,0.857044243316,Linear interpolation between known datapoints
Oil and diesel,2040,O&M,Direct,job/MW,0.129104137931,0.129104137931,Rutovitz 2015,Rutovitz 2015,,25.0,2024.0,1.5,2024.0,Colombian Technology Catalogue,11. SCGT (GAS),proxy,,Linear interpolation,Oil,,SCGT (GAS),,OPEX 2050/2030=0.9620689655172414,2030,2040,0.129104137931,Linear interpolation between known datapoints
Oil and diesel,2041,Construction,Direct,job-yr/MW,1.19562071822,1.19562071822,Rutovitz 2015,Rutovitz 2015,,25.0,2024.0,1.5,2024.0,Colombian Technology Catalogue,11. SCGT (GAS),proxy,,Linear interpolation,Oil,,SCGT (GAS),,CAPEX 2050/2030=0.9607509570263428,2030,2041,1.19562071822,Linear interpolation between known datapoints
Oil and diesel,2041,Construction&Manufacturing,Direct,job-yr/MW,2.05094938587,2.05094938587,Rutovitz 2015,Rutovitz 2015,,25.0,2024.0,1.5,2024.0,Colombian Technology Catalogue,11. SCGT (GAS),proxy,,Linear interpolation,Oil,,SCGT (GAS),,Construction + Manufacturing; full regional manufacturing assumed by Rutovitz 2015 method,2030,2041,2.05094938587,Linear interpolation between known datapoints
Oil and diesel,2041,Manufacturing,Direct,job-yr/MW,0.855328667648,0.855328667648,Rutovitz 2015,Rutovitz 2015,,25.0,2024.0,1.5,2024.0,Colombian Technology Catalogue,11. SCGT (GAS),proxy,,Linear interpolation,Oil,,SCGT (GAS),,CAPEX 2050/2030=0.9607509570263428,2030,2041,0.855328667648,Linear interpolation between known datapoints
Oil and diesel,2041,O&M,Direct,job/MW,0.128854551724,0.128854551724,Rutovitz 2015,Rutovitz 2015,,25.0,2024.0,1.5,2024.0,Colombian Technology Catalogue,11. SCGT (GAS),proxy,,Linear interpolation,Oil,,SCGT (GAS),,OPEX 2050/2030=0.9620689655172414,2030,2041,0.128854551724,Linear interpolation between known datapoints
Oil and diesel,2042,Construction,Direct,job-yr/MW,1.19322260169,1.19322260169,Rutovitz 2015,Rutovitz 2015,,25.0,2024.0,1.5,2024.0,Colombian Technology Catalogue,11. SCGT (GAS),proxy,,Linear interpolation,Oil,,SCGT (GAS),,CAPEX 2050/2030=0.9607509570263428,2030,2042,1.19322260169,Linear interpolation between known datapoints
Oil and diesel,2042,Construction&Manufacturing,Direct,job-yr/MW,2.04683569367,2.04683569367,Rutovitz 2015,Rutovitz 2015,,25.0,2024.0,1.5,2024.0,Colombian Technology Catalogue,11. SCGT (GAS),proxy,,Linear interpolation,Oil,,SCGT (GAS),,Construction + Manufacturing; full regional manufacturing assumed by Rutovitz 2015 method,2030,2042,2.04683569367,Linear interpolation between known datapoints
Oil and diesel,2042,Manufacturing,Direct,job-yr/MW,0.853613091979,0.853613091979,Rutovitz 2015,Rutovitz 2015,,25.0,2024.0,1.5,2024.0,Colombian Technology Catalogue,11. SCGT (GAS),proxy,,Linear interpolation,Oil,,SCGT (GAS),,CAPEX 2050/2030=0.9607509570263428,2030,2042,0.853613091979,Linear interpolation between known datapoints
Oil and diesel,2042,O&M,Direct,job/MW,0.128604965517,0.128604965517,Rutovitz 2015,Rutovitz 2015,,25.0,2024.0,1.5,2024.0,Colombian Technology Catalogue,11. SCGT (GAS),proxy,,Linear interpolation,Oil,,SCGT (GAS),,OPEX 2050/2030=0.9620689655172414,2030,2042,0.128604965517,Linear interpolation between known datapoints
Oil and diesel,2043,Construction,Direct,job-yr/MW,1.19082448517,1.19082448517,Rutovitz 2015,Rutovitz 2015,,25.0,2024.0,1.5,2024.0,Colombian Technology Catalogue,11. SCGT (GAS),proxy,,Linear interpolation,Oil,,SCGT (GAS),,CAPEX 2050/2030=0.9607509570263428,2030,2043,1.19082448517,Linear interpolation between known datapoints
Oil and diesel,2043,Construction&Manufacturing,Direct,job-yr/MW,2.04272200148,2.04272200148,Rutovitz 2015,Rutovitz 2015,,25.0,2024.0,1.5,2024.0,Colombian Technology Catalogue,11. SCGT (GAS),proxy,,Linear interpolation,Oil,,SCGT (GAS),,Construction + Manufacturing; full regional manufacturing assumed by Rutovitz 2015 method,2030,2043,2.04272200148,Linear interpolation between known datapoints
Oil and diesel,2043,Manufacturing,Direct,job-yr/MW,0.851897516311,0.851897516311,Rutovitz 2015,Rutovitz 2015,,25.0,2024.0,1.5,2024.0,Colombian Technology Catalogue,11. SCGT (GAS),proxy,,Linear interpolation,Oil,,SCGT (GAS),,CAPEX 2050/2030=0.9607509570263428,2030,2043,0.851897516311,Linear interpolation between known datapoints
Oil and diesel,2043,O&M,Direct,job/MW,0.12835537931,0.12835537931,Rutovitz 2015,Rutovitz 2015,,25.0,2024.0,1.5,2024.0,Colombian Technology Catalogue,11. SCGT (GAS),proxy,,Linear interpolation,Oil,,SCGT (GAS),,OPEX 2050/2030=0.9620689655172414,2030,2043,0.12835537931,Linear interpolation between known datapoints
Oil and diesel,2044,Construction,Direct,job-yr/MW,1.18842636864,1.18842636864,Rutovitz 2015,Rutovitz 2015,,25.0,2024.0,1.5,2024.0,Colombian Technology Catalogue,11. SCGT (GAS),proxy,,Linear interpolation,Oil,,SCGT (GAS),,CAPEX 2050/2030=0.9607509570263428,2030,2044,1.18842636864,Linear interpolation between known datapoints
Oil and diesel,2044,Construction&Manufacturing,Direct,job-yr/MW,2.03860830928,2.03860830928,Rutovitz 2015,Rutovitz 2015,,25.0,2024.0,1.5,2024.0,Colombian Technology Catalogue,11. SCGT (GAS),proxy,,Linear interpolation,Oil,,SCGT (GAS),,Construction + Manufacturing; full regional manufacturing assumed by Rutovitz 2015 method,2030,2044,2.03860830928,Linear interpolation between known datapoints
Oil and diesel,2044,Manufacturing,Direct,job-yr/MW,0.850181940643,0.850181940643,Rutovitz 2015,Rutovitz 2015,,25.0,2024.0,1.5,2024.0,Colombian Technology Catalogue,11. SCGT (GAS),proxy,,Linear interpolation,Oil,,SCGT (GAS),,CAPEX 2050/2030=0.9607509570263428,2030,2044,0.850181940643,Linear interpolation between known datapoints
Oil and diesel,2044,O&M,Direct,job/MW,0.128105793103,0.128105793103,Rutovitz 2015,Rutovitz 2015,,25.0,2024.0,1.5,2024.0,Colombian Technology Catalogue,11. SCGT (GAS),proxy,,Linear interpolation,Oil,,SCGT (GAS),,OPEX 2050/2030=0.9620689655172414,2030,2044,0.128105793103,Linear interpolation between known datapoints
Oil and diesel,2045,Construction,Direct,job-yr/MW,1.18602825211,1.18602825211,Rutovitz 2015,Rutovitz 2015,,25.0,2024.0,1.5,2024.0,Colombian Technology Catalogue,11. SCGT (GAS),proxy,,Linear interpolation,Oil,,SCGT (GAS),,CAPEX 2050/2030=0.9607509570263428,2030,2045,1.18602825211,Linear interpolation between known datapoints
Oil and diesel,2045,Construction&Manufacturing,Direct,job-yr/MW,2.03449461709,2.03449461709,Rutovitz 2015,Rutovitz 2015,,25.0,2024.0,1.5,2024.0,Colombian Technology Catalogue,11. SCGT (GAS),proxy,,Linear interpolation,Oil,,SCGT (GAS),,Construction + Manufacturing; full regional manufacturing assumed by Rutovitz 2015 method,2030,2045,2.03449461709,Linear interpolation between known datapoints
Oil and diesel,2045,Manufacturing,Direct,job-yr/MW,0.848466364974,0.848466364974,Rutovitz 2015,Rutovitz 2015,,25.0,2024.0,1.5,2024.0,Colombian Technology Catalogue,11. SCGT (GAS),proxy,,Linear interpolation,Oil,,SCGT (GAS),,CAPEX 2050/2030=0.9607509570263428,2030,2045,0.848466364974,Linear interpolation between known datapoints
Oil and diesel,2045,O&M,Direct,job/MW,0.127856206897,0.127856206897,Rutovitz 2015,Rutovitz 2015,,25.0,2024.0,1.5,2024.0,Colombian Technology Catalogue,11. SCGT (GAS),proxy,,Linear interpolation,Oil,,SCGT (GAS),,OPEX 2050/2030=0.9620689655172414,2030,2045,0.127856206897,Linear interpolation between known datapoints
Oil and diesel,2046,Construction,Direct,job-yr/MW,1.18363013559,1.18363013559,Rutovitz 2015,Rutovitz 2015,,25.0,2024.0,1.5,2024.0,Colombian Technology Catalogue,11. SCGT (GAS),proxy,,Linear interpolation,Oil,,SCGT (GAS),,CAPEX 2050/2030=0.9607509570263428,2030,2046,1.18363013559,Linear interpolation between known datapoints
Oil and diesel,2046,Construction&Manufacturing,Direct,job-yr/MW,2.03038092489,2.03038092489,Rutovitz 2015,Rutovitz 2015,,25.0,2024.0,1.5,2024.0,Colombian Technology Catalogue,11. SCGT (GAS),proxy,,Linear interpolation,Oil,,SCGT (GAS),,Construction + Manufacturing; full regional manufacturing assumed by Rutovitz 2015 method,2030,2046,2.03038092489,Linear interpolation between known datapoints
Oil and diesel,2046,Manufacturing,Direct,job-yr/MW,0.846750789306,0.846750789306,Rutovitz 2015,Rutovitz 2015,,25.0,2024.0,1.5,2024.0,Colombian Technology Catalogue,11. SCGT (GAS),proxy,,Linear interpolation,Oil,,SCGT (GAS),,CAPEX 2050/2030=0.9607509570263428,2030,2046,0.846750789306,Linear interpolation between known datapoints
Oil and diesel,2046,O&M,Direct,job/MW,0.12760662069,0.12760662069,Rutovitz 2015,Rutovitz 2015,,25.0,2024.0,1.5,2024.0,Colombian Technology Catalogue,11. SCGT (GAS),proxy,,Linear interpolation,Oil,,SCGT (GAS),,OPEX 2050/2030=0.9620689655172414,2030,2046,0.12760662069,Linear interpolation between known datapoints
Oil and diesel,2047,Construction,Direct,job-yr/MW,1.18123201906,1.18123201906,Rutovitz 2015,Rutovitz 2015,,25.0,2024.0,1.5,2024.0,Colombian Technology Catalogue,11. SCGT (GAS),proxy,,Linear interpolation,Oil,,SCGT (GAS),,CAPEX 2050/2030=0.9607509570263428,2030,2047,1.18123201906,Linear interpolation between known datapoints
Oil and diesel,2047,Construction&Manufacturing,Direct,job-yr/MW,2.0262672327,2.0262672327,Rutovitz 2015,Rutovitz 2015,,25.0,2024.0,1.5,2024.0,Colombian Technology Catalogue,11. SCGT (GAS),proxy,,Linear interpolation,Oil,,SCGT (GAS),,Construction + Manufacturing; full regional manufacturing assumed by Rutovitz 2015 method,2030,2047,2.0262672327,Linear interpolation between known datapoints
Oil and diesel,2047,Manufacturing,Direct,job-yr/MW,0.845035213638,0.845035213638,Rutovitz 2015,Rutovitz 2015,,25.0,2024.0,1.5,2024.0,Colombian Technology Catalogue,11. SCGT (GAS),proxy,,Linear interpolation,Oil,,SCGT (GAS),,CAPEX 2050/2030=0.9607509570263428,2030,2047,0.845035213638,Linear interpolation between known datapoints
Oil and diesel,2047,O&M,Direct,job/MW,0.127357034483,0.127357034483,Rutovitz 2015,Rutovitz 2015,,25.0,2024.0,1.5,2024.0,Colombian Technology Catalogue,11. SCGT (GAS),proxy,,Linear interpolation,Oil,,SCGT (GAS),,OPEX 2050/2030=0.9620689655172414,2030,2047,0.127357034483,Linear interpolation between known datapoints
Oil and diesel,2048,Construction,Direct,job-yr/MW,1.17883390254,1.17883390254,Rutovitz 2015,Rutovitz 2015,,25.0,2024.0,1.5,2024.0,Colombian Technology Catalogue,11. SCGT (GAS),proxy,,Linear interpolation,Oil,,SCGT (GAS),,CAPEX 2050/2030=0.9607509570263428,2030,2048,1.17883390254,Linear interpolation between known datapoints
Oil and diesel,2048,Construction&Manufacturing,Direct,job-yr/MW,2.02215354051,2.02215354051,Rutovitz 2015,Rutovitz 2015,,25.0,2024.0,1.5,2024.0,Colombian Technology Catalogue,11. SCGT (GAS),proxy,,Linear interpolation,Oil,,SCGT (GAS),,Construction + Manufacturing; full regional manufacturing assumed by Rutovitz 2015 method,2030,2048,2.02215354051,Linear interpolation between known datapoints
Oil and diesel,2048,Manufacturing,Direct,job-yr/MW,0.843319637969,0.843319637969,Rutovitz 2015,Rutovitz 2015,,25.0,2024.0,1.5,2024.0,Colombian Technology Catalogue,11. SCGT (GAS),proxy,,Linear interpolation,Oil,,SCGT (GAS),,CAPEX 2050/2030=0.9607509570263428,2030,2048,0.843319637969,Linear interpolation between known datapoints
Oil and diesel,2048,O&M,Direct,job/MW,0.127107448276,0.127107448276,Rutovitz 2015,Rutovitz 2015,,25.0,2024.0,1.5,2024.0,Colombian Technology Catalogue,11. SCGT (GAS),proxy,,Linear interpolation,Oil,,SCGT (GAS),,OPEX 2050/2030=0.9620689655172414,2030,2048,0.127107448276,Linear interpolation between known datapoints
Oil and diesel,2049,Construction,Direct,job-yr/MW,1.17643578601,1.17643578601,Rutovitz 2015,Rutovitz 2015,,25.0,2024.0,1.5,2024.0,Colombian Technology Catalogue,11. SCGT (GAS),proxy,,Linear interpolation,Oil,,SCGT (GAS),,CAPEX 2050/2030=0.9607509570263428,2030,2049,1.17643578601,Linear interpolation between known datapoints
Oil and diesel,2049,Construction&Manufacturing,Direct,job-yr/MW,2.01803984831,2.01803984831,Rutovitz 2015,Rutovitz 2015,,25.0,2024.0,1.5,2024.0,Colombian Technology Catalogue,11. SCGT (GAS),proxy,,Linear interpolation,Oil,,SCGT (GAS),,Construction + Manufacturing; full regional manufacturing assumed by Rutovitz 2015 method,2030,2049,2.01803984831,Linear interpolation between known datapoints
Oil and diesel,2049,Manufacturing,Direct,job-yr/MW,0.841604062301,0.841604062301,Rutovitz 2015,Rutovitz 2015,,25.0,2024.0,1.5,2024.0,Colombian Technology Catalogue,11. SCGT (GAS),proxy,,Linear interpolation,Oil,,SCGT (GAS),,CAPEX 2050/2030=0.9607509570263428,2030,2049,0.841604062301,Linear interpolation between known datapoints
Oil and diesel,2049,O&M,Direct,job/MW,0.126857862069,0.126857862069,Rutovitz 2015,Rutovitz 2015,,25.0,2024.0,1.5,2024.0,Colombian Technology Catalogue,11. SCGT (GAS),proxy,,Linear interpolation,Oil,,SCGT (GAS),,OPEX 2050/2030=0.9620689655172414,2030,2049,0.126857862069,Linear interpolation between known datapoints
Oil and diesel,2050,Construction,Direct,job-yr/MW,1.17403766949,1.17403766949,Rutovitz 2015,Rutovitz 2015,,25.0,2024.0,1.5,2024.0,Colombian Technology Catalogue,11. SCGT (GAS),proxy,,CAPEX/OPEX ratio projection using proxy mapping,Oil,,SCGT (GAS),,CAPEX 2050/2030=0.9607509570263428,2030,2050,1.17403766949,Known datapoint
Oil and diesel,2050,Construction&Manufacturing,Direct,job-yr/MW,2.01392615612,2.01392615612,Rutovitz 2015,Rutovitz 2015,,25.0,2024.0,1.5,2024.0,Colombian Technology Catalogue,11. SCGT (GAS),proxy,,Derived Construction&Manufacturing,Oil,,SCGT (GAS),,Construction + Manufacturing; full regional manufacturing assumed by Rutovitz 2015 method,2030,2050,2.01392615612,Known datapoint
Oil and diesel,2050,Manufacturing,Direct,job-yr/MW,0.839888486632,0.839888486632,Rutovitz 2015,Rutovitz 2015,,25.0,2024.0,1.5,2024.0,Colombian Technology Catalogue,11. SCGT (GAS),proxy,,CAPEX/OPEX ratio projection using proxy mapping,Oil,,SCGT (GAS),,CAPEX 2050/2030=0.9607509570263428,2030,2050,0.839888486632,Known datapoint
Oil and diesel,2050,O&M,Direct,job/MW,0.126608275862,0.126608275862,Rutovitz 2015,Rutovitz 2015,,25.0,2024.0,1.5,2024.0,Colombian Technology Catalogue,11. SCGT (GAS),proxy,,CAPEX/OPEX ratio projection using proxy mapping,Oil,,SCGT (GAS),,OPEX 2050/2030=0.9620689655172414,2030,2050,0.126608275862,Known datapoint
Oil and diesel,2051,Construction,Direct,job-yr/MW,1.17403766949,1.17403766949,Rutovitz 2015,Rutovitz 2015,,25.0,2024.0,1.5,2024.0,Colombian Technology Catalogue,11. SCGT (GAS),proxy,,Linear interpolation,Oil,,SCGT (GAS),,CAPEX 2050/2030=0.9607509570263428,2030,2051,1.17403766949,Linear interpolation to 2050; held constant after 2050
Oil and diesel,2051,Construction&Manufacturing,Direct,job-yr/MW,2.01392615612,2.01392615612,Rutovitz 2015,Rutovitz 2015,,25.0,2024.0,1.5,2024.0,Colombian Technology Catalogue,11. SCGT (GAS),proxy,,Linear interpolation,Oil,,SCGT (GAS),,Construction + Manufacturing; full regional manufacturing assumed by Rutovitz 2015 method,2030,2051,2.01392615612,Linear interpolation to 2050; held constant after 2050
Oil and diesel,2051,Manufacturing,Direct,job-yr/MW,0.839888486632,0.839888486632,Rutovitz 2015,Rutovitz 2015,,25.0,2024.0,1.5,2024.0,Colombian Technology Catalogue,11. SCGT (GAS),proxy,,Linear interpolation,Oil,,SCGT (GAS),,CAPEX 2050/2030=0.9607509570263428,2030,2051,0.839888486632,Linear interpolation to 2050; held constant after 2050
Oil and diesel,2051,O&M,Direct,job/MW,0.126608275862,0.126608275862,Rutovitz 2015,Rutovitz 2015,,25.0,2024.0,1.5,2024.0,Colombian Technology Catalogue,11. SCGT (GAS),proxy,,Linear interpolation,Oil,,SCGT (GAS),,OPEX 2050/2030=0.9620689655172414,2030,2051,0.126608275862,Linear interpolation to 2050; held constant after 2050
Oil and diesel,2052,Construction,Direct,job-yr/MW,1.17403766949,1.17403766949,Rutovitz 2015,Rutovitz 2015,,25.0,2024.0,1.5,2024.0,Colombian Technology Catalogue,11. SCGT (GAS),proxy,,Linear interpolation,Oil,,SCGT (GAS),,CAPEX 2050/2030=0.9607509570263428,2030,2052,1.17403766949,Linear interpolation to 2050; held constant after 2050
Oil and diesel,2052,Construction&Manufacturing,Direct,job-yr/MW,2.01392615612,2.01392615612,Rutovitz 2015,Rutovitz 2015,,25.0,2024.0,1.5,2024.0,Colombian Technology Catalogue,11. SCGT (GAS),proxy,,Linear interpolation,Oil,,SCGT (GAS),,Construction + Manufacturing; full regional manufacturing assumed by Rutovitz 2015 method,2030,2052,2.01392615612,Linear interpolation to 2050; held constant after 2050
Oil and diesel,2052,Manufacturing,Direct,job-yr/MW,0.839888486632,0.839888486632,Rutovitz 2015,Rutovitz 2015,,25.0,2024.0,1.5,2024.0,Colombian Technology Catalogue,11. SCGT (GAS),proxy,,Linear interpolation,Oil,,SCGT (GAS),,CAPEX 2050/2030=0.9607509570263428,2030,2052,0.839888486632,Linear interpolation to 2050; held constant after 2050
Oil and diesel,2052,O&M,Direct,job/MW,0.126608275862,0.126608275862,Rutovitz 2015,Rutovitz 2015,,25.0,2024.0,1.5,2024.0,Colombian Technology Catalogue,11. SCGT (GAS),proxy,,Linear interpolation,Oil,,SCGT (GAS),,OPEX 2050/2030=0.9620689655172414,2030,2052,0.126608275862,Linear interpolation to 2050; held constant after 2050
Oil and diesel,2053,Construction,Direct,job-yr/MW,1.17403766949,1.17403766949,Rutovitz 2015,Rutovitz 2015,,25.0,2024.0,1.5,2024.0,Colombian Technology Catalogue,11. SCGT (GAS),proxy,,Linear interpolation,Oil,,SCGT (GAS),,CAPEX 2050/2030=0.9607509570263428,2030,2053,1.17403766949,Linear interpolation to 2050; held constant after 2050
Oil and diesel,2053,Construction&Manufacturing,Direct,job-yr/MW,2.01392615612,2.01392615612,Rutovitz 2015,Rutovitz 2015,,25.0,2024.0,1.5,2024.0,Colombian Technology Catalogue,11. SCGT (GAS),proxy,,Linear interpolation,Oil,,SCGT (GAS),,Construction + Manufacturing; full regional manufacturing assumed by Rutovitz 2015 method,2030,2053,2.01392615612,Linear interpolation to 2050; held constant after 2050
Oil and diesel,2053,Manufacturing,Direct,job-yr/MW,0.839888486632,0.839888486632,Rutovitz 2015,Rutovitz 2015,,25.0,2024.0,1.5,2024.0,Colombian Technology Catalogue,11. SCGT (GAS),proxy,,Linear interpolation,Oil,,SCGT (GAS),,CAPEX 2050/2030=0.9607509570263428,2030,2053,0.839888486632,Linear interpolation to 2050; held constant after 2050
Oil and diesel,2053,O&M,Direct,job/MW,0.126608275862,0.126608275862,Rutovitz 2015,Rutovitz 2015,,25.0,2024.0,1.5,2024.0,Colombian Technology Catalogue,11. SCGT (GAS),proxy,,Linear interpolation,Oil,,SCGT (GAS),,OPEX 2050/2030=0.9620689655172414,2030,2053,0.126608275862,Linear interpolation to 2050; held constant after 2050
Oil and diesel,2054,Construction,Direct,job-yr/MW,1.17403766949,1.17403766949,Rutovitz 2015,Rutovitz 2015,,25.0,2024.0,1.5,2024.0,Colombian Technology Catalogue,11. SCGT (GAS),proxy,,Linear interpolation,Oil,,SCGT (GAS),,CAPEX 2050/2030=0.9607509570263428,2030,2054,1.17403766949,Linear interpolation to 2050; held constant after 2050
Oil and diesel,2054,Construction&Manufacturing,Direct,job-yr/MW,2.01392615612,2.01392615612,Rutovitz 2015,Rutovitz 2015,,25.0,2024.0,1.5,2024.0,Colombian Technology Catalogue,11. SCGT (GAS),proxy,,Linear interpolation,Oil,,SCGT (GAS),,Construction + Manufacturing; full regional manufacturing assumed by Rutovitz 2015 method,2030,2054,2.01392615612,Linear interpolation to 2050; held constant after 2050
Oil and diesel,2054,Manufacturing,Direct,job-yr/MW,0.839888486632,0.839888486632,Rutovitz 2015,Rutovitz 2015,,25.0,2024.0,1.5,2024.0,Colombian Technology Catalogue,11. SCGT (GAS),proxy,,Linear interpolation,Oil,,SCGT (GAS),,CAPEX 2050/2030=0.9607509570263428,2030,2054,0.839888486632,Linear interpolation to 2050; held constant after 2050
Oil and diesel,2054,O&M,Direct,job/MW,0.126608275862,0.126608275862,Rutovitz 2015,Rutovitz 2015,,25.0,2024.0,1.5,2024.0,Colombian Technology Catalogue,11. SCGT (GAS),proxy,,Linear interpolation,Oil,,SCGT (GAS),,OPEX 2050/2030=0.9620689655172414,2030,2054,0.126608275862,Linear interpolation to 2050; held constant after 2050
Oil and diesel,2055,Construction,Direct,job-yr/MW,1.17403766949,1.17403766949,Rutovitz 2015,Rutovitz 2015,,25.0,2024.0,1.5,2024.0,Colombian Technology Catalogue,11. SCGT (GAS),proxy,,Linear interpolation,Oil,,SCGT (GAS),,CAPEX 2050/2030=0.9607509570263428,2030,2055,1.17403766949,Linear interpolation to 2050; held constant after 2050
Oil and diesel,2055,Construction&Manufacturing,Direct,job-yr/MW,2.01392615612,2.01392615612,Rutovitz 2015,Rutovitz 2015,,25.0,2024.0,1.5,2024.0,Colombian Technology Catalogue,11. SCGT (GAS),proxy,,Linear interpolation,Oil,,SCGT (GAS),,Construction + Manufacturing; full regional manufacturing assumed by Rutovitz 2015 method,2030,2055,2.01392615612,Linear interpolation to 2050; held constant after 2050
Oil and diesel,2055,Manufacturing,Direct,job-yr/MW,0.839888486632,0.839888486632,Rutovitz 2015,Rutovitz 2015,,25.0,2024.0,1.5,2024.0,Colombian Technology Catalogue,11. SCGT (GAS),proxy,,Linear interpolation,Oil,,SCGT (GAS),,CAPEX 2050/2030=0.9607509570263428,2030,2055,0.839888486632,Linear interpolation to 2050; held constant after 2050
Oil and diesel,2055,O&M,Direct,job/MW,0.126608275862,0.126608275862,Rutovitz 2015,Rutovitz 2015,,25.0,2024.0,1.5,2024.0,Colombian Technology Catalogue,11. SCGT (GAS),proxy,,Linear interpolation,Oil,,SCGT (GAS),,OPEX 2050/2030=0.9620689655172414,2030,2055,0.126608275862,Linear interpolation to 2050; held constant after 2050
Onshore wind,2024,Construction&Manufacturing,Direct,job-yr/MW,7.247,7.247,I-JEDI,I-JEDI,,27.0,2024.0,1.5,2024.0,Colombian Technology Catalogue,3.a. Wind Onshore,direct,,Original,,,,,,2024,2024,7.247,Known datapoint
Onshore wind,2024,Construction&Manufacturing,Indirect,job-yr/MW,5.22,5.22,I-JEDI,I-JEDI,,27.0,2024.0,1.5,2024.0,Colombian Technology Catalogue,3.a. Wind Onshore,direct,,Original,,,,,,2024,2024,5.22,Known datapoint
Onshore wind,2024,Construction&Manufacturing,Induced,job-yr/MW,4.044,4.044,I-JEDI,I-JEDI,,27.0,2024.0,1.5,2024.0,Colombian Technology Catalogue,3.a. Wind Onshore,direct,,Original,,,,,,2024,2024,4.044,Known datapoint
Onshore wind,2024,O&M,Direct,job/MW,0.03,0.03,I-JEDI,I-JEDI,,27.0,2024.0,1.5,2024.0,Colombian Technology Catalogue,3.a. Wind Onshore,direct,,Original,,,,,,2024,2024,0.03,Known datapoint
Onshore wind,2024,O&M,Indirect,job/MW,0.043,0.043,I-JEDI,I-JEDI,,27.0,2024.0,1.5,2024.0,Colombian Technology Catalogue,3.a. Wind Onshore,direct,,Original,,,,,,2024,2024,0.043,Known datapoint
Onshore wind,2024,O&M,Induced,job/MW,0.0448,0.0448,I-JEDI,I-JEDI,,27.0,2024.0,1.5,2024.0,Colombian Technology Catalogue,3.a. Wind Onshore,direct,,Original,,,,,,2024,2024,0.0448,Known datapoint
Onshore wind,2025,Construction&Manufacturing,Direct,job-yr/MW,7.18543249676,7.18543249676,I-JEDI,I-JEDI,,27.0,2024.0,1.5,2024.0,Colombian Technology Catalogue,3.a. Wind Onshore,direct,,Linear interpolation,,,Wind Onshore,,CAPEX 2050/2030=0.9469531187817524,2030,2025,7.18543249676,Linear interpolation between known datapoints
Onshore wind,2025,Construction&Manufacturing,Indirect,job-yr/MW,5.17565304721,5.17565304721,I-JEDI,I-JEDI,,27.0,2024.0,1.5,2024.0,Colombian Technology Catalogue,3.a. Wind Onshore,direct,,Linear interpolation,,,Wind Onshore,,CAPEX 2050/2030=0.9469531187817524,2030,2025,5.17565304721,Linear interpolation between known datapoints
Onshore wind,2025,Construction&Manufacturing,Induced,job-yr/MW,4.00964385496,4.00964385496,I-JEDI,I-JEDI,,27.0,2024.0,1.5,2024.0,Colombian Technology Catalogue,3.a. Wind Onshore,direct,,Linear interpolation,,,Wind Onshore,,CAPEX 2050/2030=0.9469531187817524,2030,2025,4.00964385496,Linear interpolation between known datapoints
Onshore wind,2025,O&M,Direct,job/MW,0.0297445255474,0.0297445255474,I-JEDI,I-JEDI,,27.0,2024.0,1.5,2024.0,Colombian Technology Catalogue,3.a. Wind Onshore,direct,,Linear interpolation,,,Wind Onshore,,OPEX 2050/2030=0.946153846153846,2030,2025,0.0297445255474,Linear interpolation between known datapoints
Onshore wind,2025,O&M,Indirect,job/MW,0.0426338199513,0.0426338199513,I-JEDI,I-JEDI,,27.0,2024.0,1.5,2024.0,Colombian Technology Catalogue,3.a. Wind Onshore,direct,,Linear interpolation,,,Wind Onshore,,OPEX 2050/2030=0.946153846153846,2030,2025,0.0426338199513,Linear interpolation between known datapoints
Onshore wind,2025,O&M,Induced,job/MW,0.0444184914842,0.0444184914842,I-JEDI,I-JEDI,,27.0,2024.0,1.5,2024.0,Colombian Technology Catalogue,3.a. Wind Onshore,direct,,Linear interpolation,,,Wind Onshore,,OPEX 2050/2030=0.946153846153846,2030,2025,0.0444184914842,Linear interpolation between known datapoints
Onshore wind,2026,Construction&Manufacturing,Direct,job-yr/MW,7.12386499353,7.12386499353,I-JEDI,I-JEDI,,27.0,2024.0,1.5,2024.0,Colombian Technology Catalogue,3.a. Wind Onshore,direct,,Linear interpolation,,,Wind Onshore,,CAPEX 2050/2030=0.9469531187817524,2030,2026,7.12386499353,Linear interpolation between known datapoints
Onshore wind,2026,Construction&Manufacturing,Indirect,job-yr/MW,5.13130609441,5.13130609441,I-JEDI,I-JEDI,,27.0,2024.0,1.5,2024.0,Colombian Technology Catalogue,3.a. Wind Onshore,direct,,Linear interpolation,,,Wind Onshore,,CAPEX 2050/2030=0.9469531187817524,2030,2026,5.13130609441,Linear interpolation between known datapoints
Onshore wind,2026,Construction&Manufacturing,Induced,job-yr/MW,3.97528770993,3.97528770993,I-JEDI,I-JEDI,,27.0,2024.0,1.5,2024.0,Colombian Technology Catalogue,3.a. Wind Onshore,direct,,Linear interpolation,,,Wind Onshore,,CAPEX 2050/2030=0.9469531187817524,2030,2026,3.97528770993,Linear interpolation between known datapoints
Onshore wind,2026,O&M,Direct,job/MW,0.0294890510949,0.0294890510949,I-JEDI,I-JEDI,,27.0,2024.0,1.5,2024.0,Colombian Technology Catalogue,3.a. Wind Onshore,direct,,Linear interpolation,,,Wind Onshore,,OPEX 2050/2030=0.946153846153846,2030,2026,0.0294890510949,Linear interpolation between known datapoints
Onshore wind,2026,O&M,Indirect,job/MW,0.0422676399027,0.0422676399027,I-JEDI,I-JEDI,,27.0,2024.0,1.5,2024.0,Colombian Technology Catalogue,3.a. Wind Onshore,direct,,Linear interpolation,,,Wind Onshore,,OPEX 2050/2030=0.946153846153846,2030,2026,0.0422676399027,Linear interpolation between known datapoints
Onshore wind,2026,O&M,Induced,job/MW,0.0440369829684,0.0440369829684,I-JEDI,I-JEDI,,27.0,2024.0,1.5,2024.0,Colombian Technology Catalogue,3.a. Wind Onshore,direct,,Linear interpolation,,,Wind Onshore,,OPEX 2050/2030=0.946153846153846,2030,2026,0.0440369829684,Linear interpolation between known datapoints
Onshore wind,2027,Construction&Manufacturing,Direct,job-yr/MW,7.06229749029,7.06229749029,I-JEDI,I-JEDI,,27.0,2024.0,1.5,2024.0,Colombian Technology Catalogue,3.a. Wind Onshore,direct,,Linear interpolation,,,Wind Onshore,,CAPEX 2050/2030=0.9469531187817524,2030,2027,7.06229749029,Linear interpolation between known datapoints
Onshore wind,2027,Construction&Manufacturing,Indirect,job-yr/MW,5.08695914162,5.08695914162,I-JEDI,I-JEDI,,27.0,2024.0,1.5,2024.0,Colombian Technology Catalogue,3.a. Wind Onshore,direct,,Linear interpolation,,,Wind Onshore,,CAPEX 2050/2030=0.9469531187817524,2030,2027,5.08695914162,Linear interpolation between known datapoints
Onshore wind,2027,Construction&Manufacturing,Induced,job-yr/MW,3.94093156489,3.94093156489,I-JEDI,I-JEDI,,27.0,2024.0,1.5,2024.0,Colombian Technology Catalogue,3.a. Wind Onshore,direct,,Linear interpolation,,,Wind Onshore,,CAPEX 2050/2030=0.9469531187817524,2030,2027,3.94093156489,Linear interpolation between known datapoints
Onshore wind,2027,O&M,Direct,job/MW,0.0292335766423,0.0292335766423,I-JEDI,I-JEDI,,27.0,2024.0,1.5,2024.0,Colombian Technology Catalogue,3.a. Wind Onshore,direct,,Linear interpolation,,,Wind Onshore,,OPEX 2050/2030=0.946153846153846,2030,2027,0.0292335766423,Linear interpolation between known datapoints
Onshore wind,2027,O&M,Indirect,job/MW,0.041901459854,0.041901459854,I-JEDI,I-JEDI,,27.0,2024.0,1.5,2024.0,Colombian Technology Catalogue,3.a. Wind Onshore,direct,,Linear interpolation,,,Wind Onshore,,OPEX 2050/2030=0.946153846153846,2030,2027,0.041901459854,Linear interpolation between known datapoints
Onshore wind,2027,O&M,Induced,job/MW,0.0436554744526,0.0436554744526,I-JEDI,I-JEDI,,27.0,2024.0,1.5,2024.0,Colombian Technology Catalogue,3.a. Wind Onshore,direct,,Linear interpolation,,,Wind Onshore,,OPEX 2050/2030=0.946153846153846,2030,2027,0.0436554744526,Linear interpolation between known datapoints
Onshore wind,2028,Construction&Manufacturing,Direct,job-yr/MW,7.00072998706,7.00072998706,I-JEDI,I-JEDI,,27.0,2024.0,1.5,2024.0,Colombian Technology Catalogue,3.a. Wind Onshore,direct,,Linear interpolation,,,Wind Onshore,,CAPEX 2050/2030=0.9469531187817524,2030,2028,7.00072998706,Linear interpolation between known datapoints
Onshore wind,2028,Construction&Manufacturing,Indirect,job-yr/MW,5.04261218883,5.04261218883,I-JEDI,I-JEDI,,27.0,2024.0,1.5,2024.0,Colombian Technology Catalogue,3.a. Wind Onshore,direct,,Linear interpolation,,,Wind Onshore,,CAPEX 2050/2030=0.9469531187817524,2030,2028,5.04261218883,Linear interpolation between known datapoints
Onshore wind,2028,Construction&Manufacturing,Induced,job-yr/MW,3.90657541985,3.90657541985,I-JEDI,I-JEDI,,27.0,2024.0,1.5,2024.0,Colombian Technology Catalogue,3.a. Wind Onshore,direct,,Linear interpolation,,,Wind Onshore,,CAPEX 2050/2030=0.9469531187817524,2030,2028,3.90657541985,Linear interpolation between known datapoints
Onshore wind,2028,O&M,Direct,job/MW,0.0289781021898,0.0289781021898,I-JEDI,I-JEDI,,27.0,2024.0,1.5,2024.0,Colombian Technology Catalogue,3.a. Wind Onshore,direct,,Linear interpolation,,,Wind Onshore,,OPEX 2050/2030=0.946153846153846,2030,2028,0.0289781021898,Linear interpolation between known datapoints
Onshore wind,2028,O&M,Indirect,job/MW,0.0415352798054,0.0415352798054,I-JEDI,I-JEDI,,27.0,2024.0,1.5,2024.0,Colombian Technology Catalogue,3.a. Wind Onshore,direct,,Linear interpolation,,,Wind Onshore,,OPEX 2050/2030=0.946153846153846,2030,2028,0.0415352798054,Linear interpolation between known datapoints
Onshore wind,2028,O&M,Induced,job/MW,0.0432739659367,0.0432739659367,I-JEDI,I-JEDI,,27.0,2024.0,1.5,2024.0,Colombian Technology Catalogue,3.a. Wind Onshore,direct,,Linear interpolation,,,Wind Onshore,,OPEX 2050/2030=0.946153846153846,2030,2028,0.0432739659367,Linear interpolation between known datapoints
Onshore wind,2029,Construction&Manufacturing,Direct,job-yr/MW,6.93916248382,6.93916248382,I-JEDI,I-JEDI,,27.0,2024.0,1.5,2024.0,Colombian Technology Catalogue,3.a. Wind Onshore,direct,,Linear interpolation,,,Wind Onshore,,CAPEX 2050/2030=0.9469531187817524,2030,2029,6.93916248382,Linear interpolation between known datapoints
Onshore wind,2029,Construction&Manufacturing,Indirect,job-yr/MW,4.99826523603,4.99826523603,I-JEDI,I-JEDI,,27.0,2024.0,1.5,2024.0,Colombian Technology Catalogue,3.a. Wind Onshore,direct,,Linear interpolation,,,Wind Onshore,,CAPEX 2050/2030=0.9469531187817524,2030,2029,4.99826523603,Linear interpolation between known datapoints
Onshore wind,2029,Construction&Manufacturing,Induced,job-yr/MW,3.87221927481,3.87221927481,I-JEDI,I-JEDI,,27.0,2024.0,1.5,2024.0,Colombian Technology Catalogue,3.a. Wind Onshore,direct,,Linear interpolation,,,Wind Onshore,,CAPEX 2050/2030=0.9469531187817524,2030,2029,3.87221927481,Linear interpolation between known datapoints
Onshore wind,2029,O&M,Direct,job/MW,0.0287226277372,0.0287226277372,I-JEDI,I-JEDI,,27.0,2024.0,1.5,2024.0,Colombian Technology Catalogue,3.a. Wind Onshore,direct,,Linear interpolation,,,Wind Onshore,,OPEX 2050/2030=0.946153846153846,2030,2029,0.0287226277372,Linear interpolation between known datapoints
Onshore wind,2029,O&M,Indirect,job/MW,0.0411690997567,0.0411690997567,I-JEDI,I-JEDI,,27.0,2024.0,1.5,2024.0,Colombian Technology Catalogue,3.a. Wind Onshore,direct,,Linear interpolation,,,Wind Onshore,,OPEX 2050/2030=0.946153846153846,2030,2029,0.0411690997567,Linear interpolation between known datapoints
Onshore wind,2029,O&M,Induced,job/MW,0.0428924574209,0.0428924574209,I-JEDI,I-JEDI,,27.0,2024.0,1.5,2024.0,Colombian Technology Catalogue,3.a. Wind Onshore,direct,,Linear interpolation,,,Wind Onshore,,OPEX 2050/2030=0.946153846153846,2030,2029,0.0428924574209,Linear interpolation between known datapoints
Onshore wind,2030,Construction&Manufacturing,Direct,job-yr/MW,6.87759498058,6.87759498058,I-JEDI,I-JEDI,,27.0,2024.0,1.5,2024.0,Colombian Technology Catalogue,3.a. Wind Onshore,direct,,CAPEX/OPEX ratio projection,,,Wind Onshore,,CAPEX 2030/2024=0.94902649104247,2024,2030,6.87759498058,Known datapoint
Onshore wind,2030,Construction&Manufacturing,Indirect,job-yr/MW,4.95391828324,4.95391828324,I-JEDI,I-JEDI,,27.0,2024.0,1.5,2024.0,Colombian Technology Catalogue,3.a. Wind Onshore,direct,,CAPEX/OPEX ratio projection,,,Wind Onshore,,CAPEX 2030/2024=0.94902649104247,2024,2030,4.95391828324,Known datapoint
Onshore wind,2030,Construction&Manufacturing,Induced,job-yr/MW,3.83786312978,3.83786312978,I-JEDI,I-JEDI,,27.0,2024.0,1.5,2024.0,Colombian Technology Catalogue,3.a. Wind Onshore,direct,,CAPEX/OPEX ratio projection,,,Wind Onshore,,CAPEX 2030/2024=0.94902649104247,2024,2030,3.83786312978,Known datapoint
Onshore wind,2030,O&M,Direct,job/MW,0.0284671532847,0.0284671532847,I-JEDI,I-JEDI,,27.0,2024.0,1.5,2024.0,Colombian Technology Catalogue,3.a. Wind Onshore,direct,,CAPEX/OPEX ratio projection,,,Wind Onshore,,OPEX 2030/2024=0.9489051094890508,2024,2030,0.0284671532847,Known datapoint
Onshore wind,2030,O&M,Indirect,job/MW,0.040802919708,0.040802919708,I-JEDI,I-JEDI,,27.0,2024.0,1.5,2024.0,Colombian Technology Catalogue,3.a. Wind Onshore,direct,,CAPEX/OPEX ratio projection,,,Wind Onshore,,OPEX 2030/2024=0.9489051094890508,2024,2030,0.040802919708,Known datapoint
Onshore wind,2030,O&M,Induced,job/MW,0.0425109489051,0.0425109489051,I-JEDI,I-JEDI,,27.0,2024.0,1.5,2024.0,Colombian Technology Catalogue,3.a. Wind Onshore,direct,,CAPEX/OPEX ratio projection,,,Wind Onshore,,OPEX 2030/2024=0.9489051094890508,2024,2030,0.0425109489051,Known datapoint
Onshore wind,2031,Construction&Manufacturing,Direct,job-yr/MW,6.85935323238,6.85935323238,I-JEDI,I-JEDI,,27.0,2024.0,1.5,2024.0,Colombian Technology Catalogue,3.a. Wind Onshore,direct,,Linear interpolation,,,Wind Onshore,,CAPEX 2050/2030=0.9469531187817524,2030,2031,6.85935323238,Linear interpolation between known datapoints
Onshore wind,2031,Construction&Manufacturing,Indirect,job-yr/MW,4.9407787875,4.9407787875,I-JEDI,I-JEDI,,27.0,2024.0,1.5,2024.0,Colombian Technology Catalogue,3.a. Wind Onshore,direct,,Linear interpolation,,,Wind Onshore,,CAPEX 2050/2030=0.9469531187817524,2030,2031,4.9407787875,Linear interpolation between known datapoints
Onshore wind,2031,Construction&Manufacturing,Induced,job-yr/MW,3.8276837963,3.8276837963,I-JEDI,I-JEDI,,27.0,2024.0,1.5,2024.0,Colombian Technology Catalogue,3.a. Wind Onshore,direct,,Linear interpolation,,,Wind Onshore,,CAPEX 2050/2030=0.9469531187817524,2030,2031,3.8276837963,Linear interpolation between known datapoints
Onshore wind,2031,O&M,Direct,job/MW,0.0283905109489,0.0283905109489,I-JEDI,I-JEDI,,27.0,2024.0,1.5,2024.0,Colombian Technology Catalogue,3.a. Wind Onshore,direct,,Linear interpolation,,,Wind Onshore,,OPEX 2050/2030=0.946153846153846,2030,2031,0.0283905109489,Linear interpolation between known datapoints
Onshore wind,2031,O&M,Indirect,job/MW,0.0406930656934,0.0406930656934,I-JEDI,I-JEDI,,27.0,2024.0,1.5,2024.0,Colombian Technology Catalogue,3.a. Wind Onshore,direct,,Linear interpolation,,,Wind Onshore,,OPEX 2050/2030=0.946153846153846,2030,2031,0.0406930656934,Linear interpolation between known datapoints
Onshore wind,2031,O&M,Induced,job/MW,0.0423964963504,0.0423964963504,I-JEDI,I-JEDI,,27.0,2024.0,1.5,2024.0,Colombian Technology Catalogue,3.a. Wind Onshore,direct,,Linear interpolation,,,Wind Onshore,,OPEX 2050/2030=0.946153846153846,2030,2031,0.0423964963504,Linear interpolation between known datapoints
Onshore wind,2032,Construction&Manufacturing,Direct,job-yr/MW,6.84111148418,6.84111148418,I-JEDI,I-JEDI,,27.0,2024.0,1.5,2024.0,Colombian Technology Catalogue,3.a. Wind Onshore,direct,,Linear interpolation,,,Wind Onshore,,CAPEX 2050/2030=0.9469531187817524,2030,2032,6.84111148418,Linear interpolation between known datapoints
Onshore wind,2032,Construction&Manufacturing,Indirect,job-yr/MW,4.92763929177,4.92763929177,I-JEDI,I-JEDI,,27.0,2024.0,1.5,2024.0,Colombian Technology Catalogue,3.a. Wind Onshore,direct,,Linear interpolation,,,Wind Onshore,,CAPEX 2050/2030=0.9469531187817524,2030,2032,4.92763929177,Linear interpolation between known datapoints
Onshore wind,2032,Construction&Manufacturing,Induced,job-yr/MW,3.81750446282,3.81750446282,I-JEDI,I-JEDI,,27.0,2024.0,1.5,2024.0,Colombian Technology Catalogue,3.a. Wind Onshore,direct,,Linear interpolation,,,Wind Onshore,,CAPEX 2050/2030=0.9469531187817524,2030,2032,3.81750446282,Linear interpolation between known datapoints
Onshore wind,2032,O&M,Direct,job/MW,0.0283138686131,0.0283138686131,I-JEDI,I-JEDI,,27.0,2024.0,1.5,2024.0,Colombian Technology Catalogue,3.a. Wind Onshore,direct,,Linear interpolation,,,Wind Onshore,,OPEX 2050/2030=0.946153846153846,2030,2032,0.0283138686131,Linear interpolation between known datapoints
Onshore wind,2032,O&M,Indirect,job/MW,0.0405832116788,0.0405832116788,I-JEDI,I-JEDI,,27.0,2024.0,1.5,2024.0,Colombian Technology Catalogue,3.a. Wind Onshore,direct,,Linear interpolation,,,Wind Onshore,,OPEX 2050/2030=0.946153846153846,2030,2032,0.0405832116788,Linear interpolation between known datapoints
Onshore wind,2032,O&M,Induced,job/MW,0.0422820437956,0.0422820437956,I-JEDI,I-JEDI,,27.0,2024.0,1.5,2024.0,Colombian Technology Catalogue,3.a. Wind Onshore,direct,,Linear interpolation,,,Wind Onshore,,OPEX 2050/2030=0.946153846153846,2030,2032,0.0422820437956,Linear interpolation between known datapoints
Onshore wind,2033,Construction&Manufacturing,Direct,job-yr/MW,6.82286973598,6.82286973598,I-JEDI,I-JEDI,,27.0,2024.0,1.5,2024.0,Colombian Technology Catalogue,3.a. Wind Onshore,direct,,Linear interpolation,,,Wind Onshore,,CAPEX 2050/2030=0.9469531187817524,2030,2033,6.82286973598,Linear interpolation between known datapoints
Onshore wind,2033,Construction&Manufacturing,Indirect,job-yr/MW,4.91449979603,4.91449979603,I-JEDI,I-JEDI,,27.0,2024.0,1.5,2024.0,Colombian Technology Catalogue,3.a. Wind Onshore,direct,,Linear interpolation,,,Wind Onshore,,CAPEX 2050/2030=0.9469531187817524,2030,2033,4.91449979603,Linear interpolation between known datapoints
Onshore wind,2033,Construction&Manufacturing,Induced,job-yr/MW,3.80732512934,3.80732512934,I-JEDI,I-JEDI,,27.0,2024.0,1.5,2024.0,Colombian Technology Catalogue,3.a. Wind Onshore,direct,,Linear interpolation,,,Wind Onshore,,CAPEX 2050/2030=0.9469531187817524,2030,2033,3.80732512934,Linear interpolation between known datapoints
Onshore wind,2033,O&M,Direct,job/MW,0.0282372262774,0.0282372262774,I-JEDI,I-JEDI,,27.0,2024.0,1.5,2024.0,Colombian Technology Catalogue,3.a. Wind Onshore,direct,,Linear interpolation,,,Wind Onshore,,OPEX 2050/2030=0.946153846153846,2030,2033,0.0282372262774,Linear interpolation between known datapoints
Onshore wind,2033,O&M,Indirect,job/MW,0.0404733576642,0.0404733576642,I-JEDI,I-JEDI,,27.0,2024.0,1.5,2024.0,Colombian Technology Catalogue,3.a. Wind Onshore,direct,,Linear interpolation,,,Wind Onshore,,OPEX 2050/2030=0.946153846153846,2030,2033,0.0404733576642,Linear interpolation between known datapoints
Onshore wind,2033,O&M,Induced,job/MW,0.0421675912409,0.0421675912409,I-JEDI,I-JEDI,,27.0,2024.0,1.5,2024.0,Colombian Technology Catalogue,3.a. Wind Onshore,direct,,Linear interpolation,,,Wind Onshore,,OPEX 2050/2030=0.946153846153846,2030,2033,0.0421675912409,Linear interpolation between known datapoints
Onshore wind,2034,Construction&Manufacturing,Direct,job-yr/MW,6.80462798778,6.80462798778,I-JEDI,I-JEDI,,27.0,2024.0,1.5,2024.0,Colombian Technology Catalogue,3.a. Wind Onshore,direct,,Linear interpolation,,,Wind Onshore,,CAPEX 2050/2030=0.9469531187817524,2030,2034,6.80462798778,Linear interpolation between known datapoints
Onshore wind,2034,Construction&Manufacturing,Indirect,job-yr/MW,4.90136030029,4.90136030029,I-JEDI,I-JEDI,,27.0,2024.0,1.5,2024.0,Colombian Technology Catalogue,3.a. Wind Onshore,direct,,Linear interpolation,,,Wind Onshore,,CAPEX 2050/2030=0.9469531187817524,2030,2034,4.90136030029,Linear interpolation between known datapoints
Onshore wind,2034,Construction&Manufacturing,Induced,job-yr/MW,3.79714579586,3.79714579586,I-JEDI,I-JEDI,,27.0,2024.0,1.5,2024.0,Colombian Technology Catalogue,3.a. Wind Onshore,direct,,Linear interpolation,,,Wind Onshore,,CAPEX 2050/2030=0.9469531187817524,2030,2034,3.79714579586,Linear interpolation between known datapoints
Onshore wind,2034,O&M,Direct,job/MW,0.0281605839416,0.0281605839416,I-JEDI,I-JEDI,,27.0,2024.0,1.5,2024.0,Colombian Technology Catalogue,3.a. Wind Onshore,direct,,Linear interpolation,,,Wind Onshore,,OPEX 2050/2030=0.946153846153846,2030,2034,0.0281605839416,Linear interpolation between known datapoints
Onshore wind,2034,O&M,Indirect,job/MW,0.0403635036496,0.0403635036496,I-JEDI,I-JEDI,,27.0,2024.0,1.5,2024.0,Colombian Technology Catalogue,3.a. Wind Onshore,direct,,Linear interpolation,,,Wind Onshore,,OPEX 2050/2030=0.946153846153846,2030,2034,0.0403635036496,Linear interpolation between known datapoints
Onshore wind,2034,O&M,Induced,job/MW,0.0420531386861,0.0420531386861,I-JEDI,I-JEDI,,27.0,2024.0,1.5,2024.0,Colombian Technology Catalogue,3.a. Wind Onshore,direct,,Linear interpolation,,,Wind Onshore,,OPEX 2050/2030=0.946153846153846,2030,2034,0.0420531386861,Linear interpolation between known datapoints
Onshore wind,2035,Construction&Manufacturing,Direct,job-yr/MW,6.78638623958,6.78638623958,I-JEDI,I-JEDI,,27.0,2024.0,1.5,2024.0,Colombian Technology Catalogue,3.a. Wind Onshore,direct,,Linear interpolation,,,Wind Onshore,,CAPEX 2050/2030=0.9469531187817524,2030,2035,6.78638623958,Linear interpolation between known datapoints
Onshore wind,2035,Construction&Manufacturing,Indirect,job-yr/MW,4.88822080456,4.88822080456,I-JEDI,I-JEDI,,27.0,2024.0,1.5,2024.0,Colombian Technology Catalogue,3.a. Wind Onshore,direct,,Linear interpolation,,,Wind Onshore,,CAPEX 2050/2030=0.9469531187817524,2030,2035,4.88822080456,Linear interpolation between known datapoints
Onshore wind,2035,Construction&Manufacturing,Induced,job-yr/MW,3.78696646238,3.78696646238,I-JEDI,I-JEDI,,27.0,2024.0,1.5,2024.0,Colombian Technology Catalogue,3.a. Wind Onshore,direct,,Linear interpolation,,,Wind Onshore,,CAPEX 2050/2030=0.9469531187817524,2030,2035,3.78696646238,Linear interpolation between known datapoints
Onshore wind,2035,O&M,Direct,job/MW,0.0280839416058,0.0280839416058,I-JEDI,I-JEDI,,27.0,2024.0,1.5,2024.0,Colombian Technology Catalogue,3.a. Wind Onshore,direct,,Linear interpolation,,,Wind Onshore,,OPEX 2050/2030=0.946153846153846,2030,2035,0.0280839416058,Linear interpolation between known datapoints
Onshore wind,2035,O&M,Indirect,job/MW,0.040253649635,0.040253649635,I-JEDI,I-JEDI,,27.0,2024.0,1.5,2024.0,Colombian Technology Catalogue,3.a. Wind Onshore,direct,,Linear interpolation,,,Wind Onshore,,OPEX 2050/2030=0.946153846153846,2030,2035,0.040253649635,Linear interpolation between known datapoints
Onshore wind,2035,O&M,Induced,job/MW,0.0419386861314,0.0419386861314,I-JEDI,I-JEDI,,27.0,2024.0,1.5,2024.0,Colombian Technology Catalogue,3.a. Wind Onshore,direct,,Linear interpolation,,,Wind Onshore,,OPEX 2050/2030=0.946153846153846,2030,2035,0.0419386861314,Linear interpolation between known datapoints
Onshore wind,2036,Construction&Manufacturing,Direct,job-yr/MW,6.76814449138,6.76814449138,I-JEDI,I-JEDI,,27.0,2024.0,1.5,2024.0,Colombian Technology Catalogue,3.a. Wind Onshore,direct,,Linear interpolation,,,Wind Onshore,,CAPEX 2050/2030=0.9469531187817524,2030,2036,6.76814449138,Linear interpolation between known datapoints
Onshore wind,2036,Construction&Manufacturing,Indirect,job-yr/MW,4.87508130882,4.87508130882,I-JEDI,I-JEDI,,27.0,2024.0,1.5,2024.0,Colombian Technology Catalogue,3.a. Wind Onshore,direct,,Linear interpolation,,,Wind Onshore,,CAPEX 2050/2030=0.9469531187817524,2030,2036,4.87508130882,Linear interpolation between known datapoints
Onshore wind,2036,Construction&Manufacturing,Induced,job-yr/MW,3.7767871289,3.7767871289,I-JEDI,I-JEDI,,27.0,2024.0,1.5,2024.0,Colombian Technology Catalogue,3.a. Wind Onshore,direct,,Linear interpolation,,,Wind Onshore,,CAPEX 2050/2030=0.9469531187817524,2030,2036,3.7767871289,Linear interpolation between known datapoints
Onshore wind,2036,O&M,Direct,job/MW,0.0280072992701,0.0280072992701,I-JEDI,I-JEDI,,27.0,2024.0,1.5,2024.0,Colombian Technology Catalogue,3.a. Wind Onshore,direct,,Linear interpolation,,,Wind Onshore,,OPEX 2050/2030=0.946153846153846,2030,2036,0.0280072992701,Linear interpolation between known datapoints
Onshore wind,2036,O&M,Indirect,job/MW,0.0401437956204,0.0401437956204,I-JEDI,I-JEDI,,27.0,2024.0,1.5,2024.0,Colombian Technology Catalogue,3.a. Wind Onshore,direct,,Linear interpolation,,,Wind Onshore,,OPEX 2050/2030=0.946153846153846,2030,2036,0.0401437956204,Linear interpolation between known datapoints
Onshore wind,2036,O&M,Induced,job/MW,0.0418242335766,0.0418242335766,I-JEDI,I-JEDI,,27.0,2024.0,1.5,2024.0,Colombian Technology Catalogue,3.a. Wind Onshore,direct,,Linear interpolation,,,Wind Onshore,,OPEX 2050/2030=0.946153846153846,2030,2036,0.0418242335766,Linear interpolation between known datapoints
Onshore wind,2037,Construction&Manufacturing,Direct,job-yr/MW,6.74990274318,6.74990274318,I-JEDI,I-JEDI,,27.0,2024.0,1.5,2024.0,Colombian Technology Catalogue,3.a. Wind Onshore,direct,,Linear interpolation,,,Wind Onshore,,CAPEX 2050/2030=0.9469531187817524,2030,2037,6.74990274318,Linear interpolation between known datapoints
Onshore wind,2037,Construction&Manufacturing,Indirect,job-yr/MW,4.86194181308,4.86194181308,I-JEDI,I-JEDI,,27.0,2024.0,1.5,2024.0,Colombian Technology Catalogue,3.a. Wind Onshore,direct,,Linear interpolation,,,Wind Onshore,,CAPEX 2050/2030=0.9469531187817524,2030,2037,4.86194181308,Linear interpolation between known datapoints
Onshore wind,2037,Construction&Manufacturing,Induced,job-yr/MW,3.76660779542,3.76660779542,I-JEDI,I-JEDI,,27.0,2024.0,1.5,2024.0,Colombian Technology Catalogue,3.a. Wind Onshore,direct,,Linear interpolation,,,Wind Onshore,,CAPEX 2050/2030=0.9469531187817524,2030,2037,3.76660779542,Linear interpolation between known datapoints
Onshore wind,2037,O&M,Direct,job/MW,0.0279306569343,0.0279306569343,I-JEDI,I-JEDI,,27.0,2024.0,1.5,2024.0,Colombian Technology Catalogue,3.a. Wind Onshore,direct,,Linear interpolation,,,Wind Onshore,,OPEX 2050/2030=0.946153846153846,2030,2037,0.0279306569343,Linear interpolation between known datapoints
Onshore wind,2037,O&M,Indirect,job/MW,0.0400339416058,0.0400339416058,I-JEDI,I-JEDI,,27.0,2024.0,1.5,2024.0,Colombian Technology Catalogue,3.a. Wind Onshore,direct,,Linear interpolation,,,Wind Onshore,,OPEX 2050/2030=0.946153846153846,2030,2037,0.0400339416058,Linear interpolation between known datapoints
Onshore wind,2037,O&M,Induced,job/MW,0.0417097810219,0.0417097810219,I-JEDI,I-JEDI,,27.0,2024.0,1.5,2024.0,Colombian Technology Catalogue,3.a. Wind Onshore,direct,,Linear interpolation,,,Wind Onshore,,OPEX 2050/2030=0.946153846153846,2030,2037,0.0417097810219,Linear interpolation between known datapoints
Onshore wind,2038,Construction&Manufacturing,Direct,job-yr/MW,6.73166099498,6.73166099498,I-JEDI,I-JEDI,,27.0,2024.0,1.5,2024.0,Colombian Technology Catalogue,3.a. Wind Onshore,direct,,Linear interpolation,,,Wind Onshore,,CAPEX 2050/2030=0.9469531187817524,2030,2038,6.73166099498,Linear interpolation between known datapoints
Onshore wind,2038,Construction&Manufacturing,Indirect,job-yr/MW,4.84880231735,4.84880231735,I-JEDI,I-JEDI,,27.0,2024.0,1.5,2024.0,Colombian Technology Catalogue,3.a. Wind Onshore,direct,,Linear interpolation,,,Wind Onshore,,CAPEX 2050/2030=0.9469531187817524,2030,2038,4.84880231735,Linear interpolation between known datapoints
Onshore wind,2038,Construction&Manufacturing,Induced,job-yr/MW,3.75642846194,3.75642846194,I-JEDI,I-JEDI,,27.0,2024.0,1.5,2024.0,Colombian Technology Catalogue,3.a. Wind Onshore,direct,,Linear interpolation,,,Wind Onshore,,CAPEX 2050/2030=0.9469531187817524,2030,2038,3.75642846194,Linear interpolation between known datapoints
Onshore wind,2038,O&M,Direct,job/MW,0.0278540145985,0.0278540145985,I-JEDI,I-JEDI,,27.0,2024.0,1.5,2024.0,Colombian Technology Catalogue,3.a. Wind Onshore,direct,,Linear interpolation,,,Wind Onshore,,OPEX 2050/2030=0.946153846153846,2030,2038,0.0278540145985,Linear interpolation between known datapoints
Onshore wind,2038,O&M,Indirect,job/MW,0.0399240875912,0.0399240875912,I-JEDI,I-JEDI,,27.0,2024.0,1.5,2024.0,Colombian Technology Catalogue,3.a. Wind Onshore,direct,,Linear interpolation,,,Wind Onshore,,OPEX 2050/2030=0.946153846153846,2030,2038,0.0399240875912,Linear interpolation between known datapoints
Onshore wind,2038,O&M,Induced,job/MW,0.0415953284672,0.0415953284672,I-JEDI,I-JEDI,,27.0,2024.0,1.5,2024.0,Colombian Technology Catalogue,3.a. Wind Onshore,direct,,Linear interpolation,,,Wind Onshore,,OPEX 2050/2030=0.946153846153846,2030,2038,0.0415953284672,Linear interpolation between known datapoints
Onshore wind,2039,Construction&Manufacturing,Direct,job-yr/MW,6.71341924678,6.71341924678,I-JEDI,I-JEDI,,27.0,2024.0,1.5,2024.0,Colombian Technology Catalogue,3.a. Wind Onshore,direct,,Linear interpolation,,,Wind Onshore,,CAPEX 2050/2030=0.9469531187817524,2030,2039,6.71341924678,Linear interpolation between known datapoints
Onshore wind,2039,Construction&Manufacturing,Indirect,job-yr/MW,4.83566282161,4.83566282161,I-JEDI,I-JEDI,,27.0,2024.0,1.5,2024.0,Colombian Technology Catalogue,3.a. Wind Onshore,direct,,Linear interpolation,,,Wind Onshore,,CAPEX 2050/2030=0.9469531187817524,2030,2039,4.83566282161,Linear interpolation between known datapoints
Onshore wind,2039,Construction&Manufacturing,Induced,job-yr/MW,3.74624912847,3.74624912847,I-JEDI,I-JEDI,,27.0,2024.0,1.5,2024.0,Colombian Technology Catalogue,3.a. Wind Onshore,direct,,Linear interpolation,,,Wind Onshore,,CAPEX 2050/2030=0.9469531187817524,2030,2039,3.74624912847,Linear interpolation between known datapoints
Onshore wind,2039,O&M,Direct,job/MW,0.0277773722628,0.0277773722628,I-JEDI,I-JEDI,,27.0,2024.0,1.5,2024.0,Colombian Technology Catalogue,3.a. Wind Onshore,direct,,Linear interpolation,,,Wind Onshore,,OPEX 2050/2030=0.946153846153846,2030,2039,0.0277773722628,Linear interpolation between known datapoints
Onshore wind,2039,O&M,Indirect,job/MW,0.0398142335766,0.0398142335766,I-JEDI,I-JEDI,,27.0,2024.0,1.5,2024.0,Colombian Technology Catalogue,3.a. Wind Onshore,direct,,Linear interpolation,,,Wind Onshore,,OPEX 2050/2030=0.946153846153846,2030,2039,0.0398142335766,Linear interpolation between known datapoints
Onshore wind,2039,O&M,Induced,job/MW,0.0414808759124,0.0414808759124,I-JEDI,I-JEDI,,27.0,2024.0,1.5,2024.0,Colombian Technology Catalogue,3.a. Wind Onshore,direct,,Linear interpolation,,,Wind Onshore,,OPEX 2050/2030=0.946153846153846,2030,2039,0.0414808759124,Linear interpolation between known datapoints
Onshore wind,2040,Construction&Manufacturing,Direct,job-yr/MW,6.69517749858,6.69517749858,I-JEDI,I-JEDI,,27.0,2024.0,1.5,2024.0,Colombian Technology Catalogue,3.a. Wind Onshore,direct,,Linear interpolation,,,Wind Onshore,,CAPEX 2050/2030=0.9469531187817524,2030,2040,6.69517749858,Linear interpolation between known datapoints
Onshore wind,2040,Construction&Manufacturing,Indirect,job-yr/MW,4.82252332587,4.82252332587,I-JEDI,I-JEDI,,27.0,2024.0,1.5,2024.0,Colombian Technology Catalogue,3.a. Wind Onshore,direct,,Linear interpolation,,,Wind Onshore,,CAPEX 2050/2030=0.9469531187817524,2030,2040,4.82252332587,Linear interpolation between known datapoints
Onshore wind,2040,Construction&Manufacturing,Induced,job-yr/MW,3.73606979499,3.73606979499,I-JEDI,I-JEDI,,27.0,2024.0,1.5,2024.0,Colombian Technology Catalogue,3.a. Wind Onshore,direct,,Linear interpolation,,,Wind Onshore,,CAPEX 2050/2030=0.9469531187817524,2030,2040,3.73606979499,Linear interpolation between known datapoints
Onshore wind,2040,O&M,Direct,job/MW,0.027700729927,0.027700729927,I-JEDI,I-JEDI,,27.0,2024.0,1.5,2024.0,Colombian Technology Catalogue,3.a. Wind Onshore,direct,,Linear interpolation,,,Wind Onshore,,OPEX 2050/2030=0.946153846153846,2030,2040,0.027700729927,Linear interpolation between known datapoints
Onshore wind,2040,O&M,Indirect,job/MW,0.039704379562,0.039704379562,I-JEDI,I-JEDI,,27.0,2024.0,1.5,2024.0,Colombian Technology Catalogue,3.a. Wind Onshore,direct,,Linear interpolation,,,Wind Onshore,,OPEX 2050/2030=0.946153846153846,2030,2040,0.039704379562,Linear interpolation between known datapoints
Onshore wind,2040,O&M,Induced,job/MW,0.0413664233577,0.0413664233577,I-JEDI,I-JEDI,,27.0,2024.0,1.5,2024.0,Colombian Technology Catalogue,3.a. Wind Onshore,direct,,Linear interpolation,,,Wind Onshore,,OPEX 2050/2030=0.946153846153846,2030,2040,0.0413664233577,Linear interpolation between known datapoints
Onshore wind,2041,Construction&Manufacturing,Direct,job-yr/MW,6.67693575038,6.67693575038,I-JEDI,I-JEDI,,27.0,2024.0,1.5,2024.0,Colombian Technology Catalogue,3.a. Wind Onshore,direct,,Linear interpolation,,,Wind Onshore,,CAPEX 2050/2030=0.9469531187817524,2030,2041,6.67693575038,Linear interpolation between known datapoints
Onshore wind,2041,Construction&Manufacturing,Indirect,job-yr/MW,4.80938383014,4.80938383014,I-JEDI,I-JEDI,,27.0,2024.0,1.5,2024.0,Colombian Technology Catalogue,3.a. Wind Onshore,direct,,Linear interpolation,,,Wind Onshore,,CAPEX 2050/2030=0.9469531187817524,2030,2041,4.80938383014,Linear interpolation between known datapoints
Onshore wind,2041,Construction&Manufacturing,Induced,job-yr/MW,3.72589046151,3.72589046151,I-JEDI,I-JEDI,,27.0,2024.0,1.5,2024.0,Colombian Technology Catalogue,3.a. Wind Onshore,direct,,Linear interpolation,,,Wind Onshore,,CAPEX 2050/2030=0.9469531187817524,2030,2041,3.72589046151,Linear interpolation between known datapoints
Onshore wind,2041,O&M,Direct,job/MW,0.0276240875912,0.0276240875912,I-JEDI,I-JEDI,,27.0,2024.0,1.5,2024.0,Colombian Technology Catalogue,3.a. Wind Onshore,direct,,Linear interpolation,,,Wind Onshore,,OPEX 2050/2030=0.946153846153846,2030,2041,0.0276240875912,Linear interpolation between known datapoints
Onshore wind,2041,O&M,Indirect,job/MW,0.0395945255474,0.0395945255474,I-JEDI,I-JEDI,,27.0,2024.0,1.5,2024.0,Colombian Technology Catalogue,3.a. Wind Onshore,direct,,Linear interpolation,,,Wind Onshore,,OPEX 2050/2030=0.946153846153846,2030,2041,0.0395945255474,Linear interpolation between known datapoints
Onshore wind,2041,O&M,Induced,job/MW,0.0412519708029,0.0412519708029,I-JEDI,I-JEDI,,27.0,2024.0,1.5,2024.0,Colombian Technology Catalogue,3.a. Wind Onshore,direct,,Linear interpolation,,,Wind Onshore,,OPEX 2050/2030=0.946153846153846,2030,2041,0.0412519708029,Linear interpolation between known datapoints
Onshore wind,2042,Construction&Manufacturing,Direct,job-yr/MW,6.65869400218,6.65869400218,I-JEDI,I-JEDI,,27.0,2024.0,1.5,2024.0,Colombian Technology Catalogue,3.a. Wind Onshore,direct,,Linear interpolation,,,Wind Onshore,,CAPEX 2050/2030=0.9469531187817524,2030,2042,6.65869400218,Linear interpolation between known datapoints
Onshore wind,2042,Construction&Manufacturing,Indirect,job-yr/MW,4.7962443344,4.7962443344,I-JEDI,I-JEDI,,27.0,2024.0,1.5,2024.0,Colombian Technology Catalogue,3.a. Wind Onshore,direct,,Linear interpolation,,,Wind Onshore,,CAPEX 2050/2030=0.9469531187817524,2030,2042,4.7962443344,Linear interpolation between known datapoints
Onshore wind,2042,Construction&Manufacturing,Induced,job-yr/MW,3.71571112803,3.71571112803,I-JEDI,I-JEDI,,27.0,2024.0,1.5,2024.0,Colombian Technology Catalogue,3.a. Wind Onshore,direct,,Linear interpolation,,,Wind Onshore,,CAPEX 2050/2030=0.9469531187817524,2030,2042,3.71571112803,Linear interpolation between known datapoints
Onshore wind,2042,O&M,Direct,job/MW,0.0275474452555,0.0275474452555,I-JEDI,I-JEDI,,27.0,2024.0,1.5,2024.0,Colombian Technology Catalogue,3.a. Wind Onshore,direct,,Linear interpolation,,,Wind Onshore,,OPEX 2050/2030=0.946153846153846,2030,2042,0.0275474452555,Linear interpolation between known datapoints
Onshore wind,2042,O&M,Indirect,job/MW,0.0394846715328,0.0394846715328,I-JEDI,I-JEDI,,27.0,2024.0,1.5,2024.0,Colombian Technology Catalogue,3.a. Wind Onshore,direct,,Linear interpolation,,,Wind Onshore,,OPEX 2050/2030=0.946153846153846,2030,2042,0.0394846715328,Linear interpolation between known datapoints
Onshore wind,2042,O&M,Induced,job/MW,0.0411375182482,0.0411375182482,I-JEDI,I-JEDI,,27.0,2024.0,1.5,2024.0,Colombian Technology Catalogue,3.a. Wind Onshore,direct,,Linear interpolation,,,Wind Onshore,,OPEX 2050/2030=0.946153846153846,2030,2042,0.0411375182482,Linear interpolation between known datapoints
Onshore wind,2043,Construction&Manufacturing,Direct,job-yr/MW,6.64045225398,6.64045225398,I-JEDI,I-JEDI,,27.0,2024.0,1.5,2024.0,Colombian Technology Catalogue,3.a. Wind Onshore,direct,,Linear interpolation,,,Wind Onshore,,CAPEX 2050/2030=0.9469531187817524,2030,2043,6.64045225398,Linear interpolation between known datapoints
Onshore wind,2043,Construction&Manufacturing,Indirect,job-yr/MW,4.78310483866,4.78310483866,I-JEDI,I-JEDI,,27.0,2024.0,1.5,2024.0,Colombian Technology Catalogue,3.a. Wind Onshore,direct,,Linear interpolation,,,Wind Onshore,,CAPEX 2050/2030=0.9469531187817524,2030,2043,4.78310483866,Linear interpolation between known datapoints
Onshore wind,2043,Construction&Manufacturing,Induced,job-yr/MW,3.70553179455,3.70553179455,I-JEDI,I-JEDI,,27.0,2024.0,1.5,2024.0,Colombian Technology Catalogue,3.a. Wind Onshore,direct,,Linear interpolation,,,Wind Onshore,,CAPEX 2050/2030=0.9469531187817524,2030,2043,3.70553179455,Linear interpolation between known datapoints
Onshore wind,2043,O&M,Direct,job/MW,0.0274708029197,0.0274708029197,I-JEDI,I-JEDI,,27.0,2024.0,1.5,2024.0,Colombian Technology Catalogue,3.a. Wind Onshore,direct,,Linear interpolation,,,Wind Onshore,,OPEX 2050/2030=0.946153846153846,2030,2043,0.0274708029197,Linear interpolation between known datapoints
Onshore wind,2043,O&M,Indirect,job/MW,0.0393748175182,0.0393748175182,I-JEDI,I-JEDI,,27.0,2024.0,1.5,2024.0,Colombian Technology Catalogue,3.a. Wind Onshore,direct,,Linear interpolation,,,Wind Onshore,,OPEX 2050/2030=0.946153846153846,2030,2043,0.0393748175182,Linear interpolation between known datapoints
Onshore wind,2043,O&M,Induced,job/MW,0.0410230656934,0.0410230656934,I-JEDI,I-JEDI,,27.0,2024.0,1.5,2024.0,Colombian Technology Catalogue,3.a. Wind Onshore,direct,,Linear interpolation,,,Wind Onshore,,OPEX 2050/2030=0.946153846153846,2030,2043,0.0410230656934,Linear interpolation between known datapoints
Onshore wind,2044,Construction&Manufacturing,Direct,job-yr/MW,6.62221050578,6.62221050578,I-JEDI,I-JEDI,,27.0,2024.0,1.5,2024.0,Colombian Technology Catalogue,3.a. Wind Onshore,direct,,Linear interpolation,,,Wind Onshore,,CAPEX 2050/2030=0.9469531187817524,2030,2044,6.62221050578,Linear interpolation between known datapoints
Onshore wind,2044,Construction&Manufacturing,Indirect,job-yr/MW,4.76996534293,4.76996534293,I-JEDI,I-JEDI,,27.0,2024.0,1.5,2024.0,Colombian Technology Catalogue,3.a. Wind Onshore,direct,,Linear interpolation,,,Wind Onshore,,CAPEX 2050/2030=0.9469531187817524,2030,2044,4.76996534293,Linear interpolation between known datapoints
Onshore wind,2044,Construction&Manufacturing,Induced,job-yr/MW,3.69535246107,3.69535246107,I-JEDI,I-JEDI,,27.0,2024.0,1.5,2024.0,Colombian Technology Catalogue,3.a. Wind Onshore,direct,,Linear interpolation,,,Wind Onshore,,CAPEX 2050/2030=0.9469531187817524,2030,2044,3.69535246107,Linear interpolation between known datapoints
Onshore wind,2044,O&M,Direct,job/MW,0.0273941605839,0.0273941605839,I-JEDI,I-JEDI,,27.0,2024.0,1.5,2024.0,Colombian Technology Catalogue,3.a. Wind Onshore,direct,,Linear interpolation,,,Wind Onshore,,OPEX 2050/2030=0.946153846153846,2030,2044,0.0273941605839,Linear interpolation between known datapoints
Onshore wind,2044,O&M,Indirect,job/MW,0.0392649635036,0.0392649635036,I-JEDI,I-JEDI,,27.0,2024.0,1.5,2024.0,Colombian Technology Catalogue,3.a. Wind Onshore,direct,,Linear interpolation,,,Wind Onshore,,OPEX 2050/2030=0.946153846153846,2030,2044,0.0392649635036,Linear interpolation between known datapoints
Onshore wind,2044,O&M,Induced,job/MW,0.0409086131387,0.0409086131387,I-JEDI,I-JEDI,,27.0,2024.0,1.5,2024.0,Colombian Technology Catalogue,3.a. Wind Onshore,direct,,Linear interpolation,,,Wind Onshore,,OPEX 2050/2030=0.946153846153846,2030,2044,0.0409086131387,Linear interpolation between known datapoints
Onshore wind,2045,Construction&Manufacturing,Direct,job-yr/MW,6.60396875758,6.60396875758,I-JEDI,I-JEDI,,27.0,2024.0,1.5,2024.0,Colombian Technology Catalogue,3.a. Wind Onshore,direct,,Linear interpolation,,,Wind Onshore,,CAPEX 2050/2030=0.9469531187817524,2030,2045,6.60396875758,Linear interpolation between known datapoints
Onshore wind,2045,Construction&Manufacturing,Indirect,job-yr/MW,4.75682584719,4.75682584719,I-JEDI,I-JEDI,,27.0,2024.0,1.5,2024.0,Colombian Technology Catalogue,3.a. Wind Onshore,direct,,Linear interpolation,,,Wind Onshore,,CAPEX 2050/2030=0.9469531187817524,2030,2045,4.75682584719,Linear interpolation between known datapoints
Onshore wind,2045,Construction&Manufacturing,Induced,job-yr/MW,3.68517312759,3.68517312759,I-JEDI,I-JEDI,,27.0,2024.0,1.5,2024.0,Colombian Technology Catalogue,3.a. Wind Onshore,direct,,Linear interpolation,,,Wind Onshore,,CAPEX 2050/2030=0.9469531187817524,2030,2045,3.68517312759,Linear interpolation between known datapoints
Onshore wind,2045,O&M,Direct,job/MW,0.0273175182482,0.0273175182482,I-JEDI,I-JEDI,,27.0,2024.0,1.5,2024.0,Colombian Technology Catalogue,3.a. Wind Onshore,direct,,Linear interpolation,,,Wind Onshore,,OPEX 2050/2030=0.946153846153846,2030,2045,0.0273175182482,Linear interpolation between known datapoints
Onshore wind,2045,O&M,Indirect,job/MW,0.0391551094891,0.0391551094891,I-JEDI,I-JEDI,,27.0,2024.0,1.5,2024.0,Colombian Technology Catalogue,3.a. Wind Onshore,direct,,Linear interpolation,,,Wind Onshore,,OPEX 2050/2030=0.946153846153846,2030,2045,0.0391551094891,Linear interpolation between known datapoints
Onshore wind,2045,O&M,Induced,job/MW,0.0407941605839,0.0407941605839,I-JEDI,I-JEDI,,27.0,2024.0,1.5,2024.0,Colombian Technology Catalogue,3.a. Wind Onshore,direct,,Linear interpolation,,,Wind Onshore,,OPEX 2050/2030=0.946153846153846,2030,2045,0.0407941605839,Linear interpolation between known datapoints
Onshore wind,2046,Construction&Manufacturing,Direct,job-yr/MW,6.58572700938,6.58572700938,I-JEDI,I-JEDI,,27.0,2024.0,1.5,2024.0,Colombian Technology Catalogue,3.a. Wind Onshore,direct,,Linear interpolation,,,Wind Onshore,,CAPEX 2050/2030=0.9469531187817524,2030,2046,6.58572700938,Linear interpolation between known datapoints
Onshore wind,2046,Construction&Manufacturing,Indirect,job-yr/MW,4.74368635145,4.74368635145,I-JEDI,I-JEDI,,27.0,2024.0,1.5,2024.0,Colombian Technology Catalogue,3.a. Wind Onshore,direct,,Linear interpolation,,,Wind Onshore,,CAPEX 2050/2030=0.9469531187817524,2030,2046,4.74368635145,Linear interpolation between known datapoints
Onshore wind,2046,Construction&Manufacturing,Induced,job-yr/MW,3.67499379411,3.67499379411,I-JEDI,I-JEDI,,27.0,2024.0,1.5,2024.0,Colombian Technology Catalogue,3.a. Wind Onshore,direct,,Linear interpolation,,,Wind Onshore,,CAPEX 2050/2030=0.9469531187817524,2030,2046,3.67499379411,Linear interpolation between known datapoints
Onshore wind,2046,O&M,Direct,job/MW,0.0272408759124,0.0272408759124,I-JEDI,I-JEDI,,27.0,2024.0,1.5,2024.0,Colombian Technology Catalogue,3.a. Wind Onshore,direct,,Linear interpolation,,,Wind Onshore,,OPEX 2050/2030=0.946153846153846,2030,2046,0.0272408759124,Linear interpolation between known datapoints
Onshore wind,2046,O&M,Indirect,job/MW,0.0390452554745,0.0390452554745,I-JEDI,I-JEDI,,27.0,2024.0,1.5,2024.0,Colombian Technology Catalogue,3.a. Wind Onshore,direct,,Linear interpolation,,,Wind Onshore,,OPEX 2050/2030=0.946153846153846,2030,2046,0.0390452554745,Linear interpolation between known datapoints
Onshore wind,2046,O&M,Induced,job/MW,0.0406797080292,0.0406797080292,I-JEDI,I-JEDI,,27.0,2024.0,1.5,2024.0,Colombian Technology Catalogue,3.a. Wind Onshore,direct,,Linear interpolation,,,Wind Onshore,,OPEX 2050/2030=0.946153846153846,2030,2046,0.0406797080292,Linear interpolation between known datapoints
Onshore wind,2047,Construction&Manufacturing,Direct,job-yr/MW,6.56748526118,6.56748526118,I-JEDI,I-JEDI,,27.0,2024.0,1.5,2024.0,Colombian Technology Catalogue,3.a. Wind Onshore,direct,,Linear interpolation,,,Wind Onshore,,CAPEX 2050/2030=0.9469531187817524,2030,2047,6.56748526118,Linear interpolation between known datapoints
Onshore wind,2047,Construction&Manufacturing,Indirect,job-yr/MW,4.73054685572,4.73054685572,I-JEDI,I-JEDI,,27.0,2024.0,1.5,2024.0,Colombian Technology Catalogue,3.a. Wind Onshore,direct,,Linear interpolation,,,Wind Onshore,,CAPEX 2050/2030=0.9469531187817524,2030,2047,4.73054685572,Linear interpolation between known datapoints
Onshore wind,2047,Construction&Manufacturing,Induced,job-yr/MW,3.66481446064,3.66481446064,I-JEDI,I-JEDI,,27.0,2024.0,1.5,2024.0,Colombian Technology Catalogue,3.a. Wind Onshore,direct,,Linear interpolation,,,Wind Onshore,,CAPEX 2050/2030=0.9469531187817524,2030,2047,3.66481446064,Linear interpolation between known datapoints
Onshore wind,2047,O&M,Direct,job/MW,0.0271642335766,0.0271642335766,I-JEDI,I-JEDI,,27.0,2024.0,1.5,2024.0,Colombian Technology Catalogue,3.a. Wind Onshore,direct,,Linear interpolation,,,Wind Onshore,,OPEX 2050/2030=0.946153846153846,2030,2047,0.0271642335766,Linear interpolation between known datapoints
Onshore wind,2047,O&M,Indirect,job/MW,0.0389354014599,0.0389354014599,I-JEDI,I-JEDI,,27.0,2024.0,1.5,2024.0,Colombian Technology Catalogue,3.a. Wind Onshore,direct,,Linear interpolation,,,Wind Onshore,,OPEX 2050/2030=0.946153846153846,2030,2047,0.0389354014599,Linear interpolation between known datapoints
Onshore wind,2047,O&M,Induced,job/MW,0.0405652554745,0.0405652554745,I-JEDI,I-JEDI,,27.0,2024.0,1.5,2024.0,Colombian Technology Catalogue,3.a. Wind Onshore,direct,,Linear interpolation,,,Wind Onshore,,OPEX 2050/2030=0.946153846153846,2030,2047,0.0405652554745,Linear interpolation between known datapoints
Onshore wind,2048,Construction&Manufacturing,Direct,job-yr/MW,6.54924351298,6.54924351298,I-JEDI,I-JEDI,,27.0,2024.0,1.5,2024.0,Colombian Technology Catalogue,3.a. Wind Onshore,direct,,Linear interpolation,,,Wind Onshore,,CAPEX 2050/2030=0.9469531187817524,2030,2048,6.54924351298,Linear interpolation between known datapoints
Onshore wind,2048,Construction&Manufacturing,Indirect,job-yr/MW,4.71740735998,4.71740735998,I-JEDI,I-JEDI,,27.0,2024.0,1.5,2024.0,Colombian Technology Catalogue,3.a. Wind Onshore,direct,,Linear interpolation,,,Wind Onshore,,CAPEX 2050/2030=0.9469531187817524,2030,2048,4.71740735998,Linear interpolation between known datapoints
Onshore wind,2048,Construction&Manufacturing,Induced,job-yr/MW,3.65463512716,3.65463512716,I-JEDI,I-JEDI,,27.0,2024.0,1.5,2024.0,Colombian Technology Catalogue,3.a. Wind Onshore,direct,,Linear interpolation,,,Wind Onshore,,CAPEX 2050/2030=0.9469531187817524,2030,2048,3.65463512716,Linear interpolation between known datapoints
Onshore wind,2048,O&M,Direct,job/MW,0.0270875912409,0.0270875912409,I-JEDI,I-JEDI,,27.0,2024.0,1.5,2024.0,Colombian Technology Catalogue,3.a. Wind Onshore,direct,,Linear interpolation,,,Wind Onshore,,OPEX 2050/2030=0.946153846153846,2030,2048,0.0270875912409,Linear interpolation between known datapoints
Onshore wind,2048,O&M,Indirect,job/MW,0.0388255474453,0.0388255474453,I-JEDI,I-JEDI,,27.0,2024.0,1.5,2024.0,Colombian Technology Catalogue,3.a. Wind Onshore,direct,,Linear interpolation,,,Wind Onshore,,OPEX 2050/2030=0.946153846153846,2030,2048,0.0388255474453,Linear interpolation between known datapoints
Onshore wind,2048,O&M,Induced,job/MW,0.0404508029197,0.0404508029197,I-JEDI,I-JEDI,,27.0,2024.0,1.5,2024.0,Colombian Technology Catalogue,3.a. Wind Onshore,direct,,Linear interpolation,,,Wind Onshore,,OPEX 2050/2030=0.946153846153846,2030,2048,0.0404508029197,Linear interpolation between known datapoints
Onshore wind,2049,Construction&Manufacturing,Direct,job-yr/MW,6.53100176478,6.53100176478,I-JEDI,I-JEDI,,27.0,2024.0,1.5,2024.0,Colombian Technology Catalogue,3.a. Wind Onshore,direct,,Linear interpolation,,,Wind Onshore,,CAPEX 2050/2030=0.9469531187817524,2030,2049,6.53100176478,Linear interpolation between known datapoints
Onshore wind,2049,Construction&Manufacturing,Indirect,job-yr/MW,4.70426786424,4.70426786424,I-JEDI,I-JEDI,,27.0,2024.0,1.5,2024.0,Colombian Technology Catalogue,3.a. Wind Onshore,direct,,Linear interpolation,,,Wind Onshore,,CAPEX 2050/2030=0.9469531187817524,2030,2049,4.70426786424,Linear interpolation between known datapoints
Onshore wind,2049,Construction&Manufacturing,Induced,job-yr/MW,3.64445579368,3.64445579368,I-JEDI,I-JEDI,,27.0,2024.0,1.5,2024.0,Colombian Technology Catalogue,3.a. Wind Onshore,direct,,Linear interpolation,,,Wind Onshore,,CAPEX 2050/2030=0.9469531187817524,2030,2049,3.64445579368,Linear interpolation between known datapoints
Onshore wind,2049,O&M,Direct,job/MW,0.0270109489051,0.0270109489051,I-JEDI,I-JEDI,,27.0,2024.0,1.5,2024.0,Colombian Technology Catalogue,3.a. Wind Onshore,direct,,Linear interpolation,,,Wind Onshore,,OPEX 2050/2030=0.946153846153846,2030,2049,0.0270109489051,Linear interpolation between known datapoints
Onshore wind,2049,O&M,Indirect,job/MW,0.0387156934307,0.0387156934307,I-JEDI,I-JEDI,,27.0,2024.0,1.5,2024.0,Colombian Technology Catalogue,3.a. Wind Onshore,direct,,Linear interpolation,,,Wind Onshore,,OPEX 2050/2030=0.946153846153846,2030,2049,0.0387156934307,Linear interpolation between known datapoints
Onshore wind,2049,O&M,Induced,job/MW,0.040336350365,0.040336350365,I-JEDI,I-JEDI,,27.0,2024.0,1.5,2024.0,Colombian Technology Catalogue,3.a. Wind Onshore,direct,,Linear interpolation,,,Wind Onshore,,OPEX 2050/2030=0.946153846153846,2030,2049,0.040336350365,Linear interpolation between known datapoints
Onshore wind,2050,Construction&Manufacturing,Direct,job-yr/MW,6.51276001658,6.51276001658,I-JEDI,I-JEDI,,27.0,2024.0,1.5,2024.0,Colombian Technology Catalogue,3.a. Wind Onshore,direct,,CAPEX/OPEX ratio projection,,,Wind Onshore,,CAPEX 2050/2030=0.9469531187817524,2030,2050,6.51276001658,Known datapoint
Onshore wind,2050,Construction&Manufacturing,Indirect,job-yr/MW,4.69112836851,4.69112836851,I-JEDI,I-JEDI,,27.0,2024.0,1.5,2024.0,Colombian Technology Catalogue,3.a. Wind Onshore,direct,,CAPEX/OPEX ratio projection,,,Wind Onshore,,CAPEX 2050/2030=0.9469531187817524,2030,2050,4.69112836851,Known datapoint
Onshore wind,2050,Construction&Manufacturing,Induced,job-yr/MW,3.6342764602,3.6342764602,I-JEDI,I-JEDI,,27.0,2024.0,1.5,2024.0,Colombian Technology Catalogue,3.a. Wind Onshore,direct,,CAPEX/OPEX ratio projection,,,Wind Onshore,,CAPEX 2050/2030=0.9469531187817524,2030,2050,3.6342764602,Known datapoint
Onshore wind,2050,O&M,Direct,job/MW,0.0269343065693,0.0269343065693,I-JEDI,I-JEDI,,27.0,2024.0,1.5,2024.0,Colombian Technology Catalogue,3.a. Wind Onshore,direct,,CAPEX/OPEX ratio projection,,,Wind Onshore,,OPEX 2050/2030=0.946153846153846,2030,2050,0.0269343065693,Known datapoint
Onshore wind,2050,O&M,Indirect,job/MW,0.0386058394161,0.0386058394161,I-JEDI,I-JEDI,,27.0,2024.0,1.5,2024.0,Colombian Technology Catalogue,3.a. Wind Onshore,direct,,CAPEX/OPEX ratio projection,,,Wind Onshore,,OPEX 2050/2030=0.946153846153846,2030,2050,0.0386058394161,Known datapoint
Onshore wind,2050,O&M,Induced,job/MW,0.0402218978102,0.0402218978102,I-JEDI,I-JEDI,,27.0,2024.0,1.5,2024.0,Colombian Technology Catalogue,3.a. Wind Onshore,direct,,CAPEX/OPEX ratio projection,,,Wind Onshore,,OPEX 2050/2030=0.946153846153846,2030,2050,0.0402218978102,Known datapoint
Onshore wind,2051,Construction&Manufacturing,Direct,job-yr/MW,6.51276001658,6.51276001658,I-JEDI,I-JEDI,,27.0,2024.0,1.5,2024.0,Colombian Technology Catalogue,3.a. Wind Onshore,direct,,Linear interpolation,,,Wind Onshore,,CAPEX 2050/2030=0.9469531187817524,2030,2051,6.51276001658,Linear interpolation to 2050; held constant after 2050
Onshore wind,2051,Construction&Manufacturing,Indirect,job-yr/MW,4.69112836851,4.69112836851,I-JEDI,I-JEDI,,27.0,2024.0,1.5,2024.0,Colombian Technology Catalogue,3.a. Wind Onshore,direct,,Linear interpolation,,,Wind Onshore,,CAPEX 2050/2030=0.9469531187817524,2030,2051,4.69112836851,Linear interpolation to 2050; held constant after 2050
Onshore wind,2051,Construction&Manufacturing,Induced,job-yr/MW,3.6342764602,3.6342764602,I-JEDI,I-JEDI,,27.0,2024.0,1.5,2024.0,Colombian Technology Catalogue,3.a. Wind Onshore,direct,,Linear interpolation,,,Wind Onshore,,CAPEX 2050/2030=0.9469531187817524,2030,2051,3.6342764602,Linear interpolation to 2050; held constant after 2050
Onshore wind,2051,O&M,Direct,job/MW,0.0269343065693,0.0269343065693,I-JEDI,I-JEDI,,27.0,2024.0,1.5,2024.0,Colombian Technology Catalogue,3.a. Wind Onshore,direct,,Linear interpolation,,,Wind Onshore,,OPEX 2050/2030=0.946153846153846,2030,2051,0.0269343065693,Linear interpolation to 2050; held constant after 2050
Onshore wind,2051,O&M,Indirect,job/MW,0.0386058394161,0.0386058394161,I-JEDI,I-JEDI,,27.0,2024.0,1.5,2024.0,Colombian Technology Catalogue,3.a. Wind Onshore,direct,,Linear interpolation,,,Wind Onshore,,OPEX 2050/2030=0.946153846153846,2030,2051,0.0386058394161,Linear interpolation to 2050; held constant after 2050
Onshore wind,2051,O&M,Induced,job/MW,0.0402218978102,0.0402218978102,I-JEDI,I-JEDI,,27.0,2024.0,1.5,2024.0,Colombian Technology Catalogue,3.a. Wind Onshore,direct,,Linear interpolation,,,Wind Onshore,,OPEX 2050/2030=0.946153846153846,2030,2051,0.0402218978102,Linear interpolation to 2050; held constant after 2050
Onshore wind,2052,Construction&Manufacturing,Direct,job-yr/MW,6.51276001658,6.51276001658,I-JEDI,I-JEDI,,27.0,2024.0,1.5,2024.0,Colombian Technology Catalogue,3.a. Wind Onshore,direct,,Linear interpolation,,,Wind Onshore,,CAPEX 2050/2030=0.9469531187817524,2030,2052,6.51276001658,Linear interpolation to 2050; held constant after 2050
Onshore wind,2052,Construction&Manufacturing,Indirect,job-yr/MW,4.69112836851,4.69112836851,I-JEDI,I-JEDI,,27.0,2024.0,1.5,2024.0,Colombian Technology Catalogue,3.a. Wind Onshore,direct,,Linear interpolation,,,Wind Onshore,,CAPEX 2050/2030=0.9469531187817524,2030,2052,4.69112836851,Linear interpolation to 2050; held constant after 2050
Onshore wind,2052,Construction&Manufacturing,Induced,job-yr/MW,3.6342764602,3.6342764602,I-JEDI,I-JEDI,,27.0,2024.0,1.5,2024.0,Colombian Technology Catalogue,3.a. Wind Onshore,direct,,Linear interpolation,,,Wind Onshore,,CAPEX 2050/2030=0.9469531187817524,2030,2052,3.6342764602,Linear interpolation to 2050; held constant after 2050
Onshore wind,2052,O&M,Direct,job/MW,0.0269343065693,0.0269343065693,I-JEDI,I-JEDI,,27.0,2024.0,1.5,2024.0,Colombian Technology Catalogue,3.a. Wind Onshore,direct,,Linear interpolation,,,Wind Onshore,,OPEX 2050/2030=0.946153846153846,2030,2052,0.0269343065693,Linear interpolation to 2050; held constant after 2050
Onshore wind,2052,O&M,Indirect,job/MW,0.0386058394161,0.0386058394161,I-JEDI,I-JEDI,,27.0,2024.0,1.5,2024.0,Colombian Technology Catalogue,3.a. Wind Onshore,direct,,Linear interpolation,,,Wind Onshore,,OPEX 2050/2030=0.946153846153846,2030,2052,0.0386058394161,Linear interpolation to 2050; held constant after 2050
Onshore wind,2052,O&M,Induced,job/MW,0.0402218978102,0.0402218978102,I-JEDI,I-JEDI,,27.0,2024.0,1.5,2024.0,Colombian Technology Catalogue,3.a. Wind Onshore,direct,,Linear interpolation,,,Wind Onshore,,OPEX 2050/2030=0.946153846153846,2030,2052,0.0402218978102,Linear interpolation to 2050; held constant after 2050
Onshore wind,2053,Construction&Manufacturing,Direct,job-yr/MW,6.51276001658,6.51276001658,I-JEDI,I-JEDI,,27.0,2024.0,1.5,2024.0,Colombian Technology Catalogue,3.a. Wind Onshore,direct,,Linear interpolation,,,Wind Onshore,,CAPEX 2050/2030=0.9469531187817524,2030,2053,6.51276001658,Linear interpolation to 2050; held constant after 2050
Onshore wind,2053,Construction&Manufacturing,Indirect,job-yr/MW,4.69112836851,4.69112836851,I-JEDI,I-JEDI,,27.0,2024.0,1.5,2024.0,Colombian Technology Catalogue,3.a. Wind Onshore,direct,,Linear interpolation,,,Wind Onshore,,CAPEX 2050/2030=0.9469531187817524,2030,2053,4.69112836851,Linear interpolation to 2050; held constant after 2050
Onshore wind,2053,Construction&Manufacturing,Induced,job-yr/MW,3.6342764602,3.6342764602,I-JEDI,I-JEDI,,27.0,2024.0,1.5,2024.0,Colombian Technology Catalogue,3.a. Wind Onshore,direct,,Linear interpolation,,,Wind Onshore,,CAPEX 2050/2030=0.9469531187817524,2030,2053,3.6342764602,Linear interpolation to 2050; held constant after 2050
Onshore wind,2053,O&M,Direct,job/MW,0.0269343065693,0.0269343065693,I-JEDI,I-JEDI,,27.0,2024.0,1.5,2024.0,Colombian Technology Catalogue,3.a. Wind Onshore,direct,,Linear interpolation,,,Wind Onshore,,OPEX 2050/2030=0.946153846153846,2030,2053,0.0269343065693,Linear interpolation to 2050; held constant after 2050
Onshore wind,2053,O&M,Indirect,job/MW,0.0386058394161,0.0386058394161,I-JEDI,I-JEDI,,27.0,2024.0,1.5,2024.0,Colombian Technology Catalogue,3.a. Wind Onshore,direct,,Linear interpolation,,,Wind Onshore,,OPEX 2050/2030=0.946153846153846,2030,2053,0.0386058394161,Linear interpolation to 2050; held constant after 2050
Onshore wind,2053,O&M,Induced,job/MW,0.0402218978102,0.0402218978102,I-JEDI,I-JEDI,,27.0,2024.0,1.5,2024.0,Colombian Technology Catalogue,3.a. Wind Onshore,direct,,Linear interpolation,,,Wind Onshore,,OPEX 2050/2030=0.946153846153846,2030,2053,0.0402218978102,Linear interpolation to 2050; held constant after 2050
Onshore wind,2054,Construction&Manufacturing,Direct,job-yr/MW,6.51276001658,6.51276001658,I-JEDI,I-JEDI,,27.0,2024.0,1.5,2024.0,Colombian Technology Catalogue,3.a. Wind Onshore,direct,,Linear interpolation,,,Wind Onshore,,CAPEX 2050/2030=0.9469531187817524,2030,2054,6.51276001658,Linear interpolation to 2050; held constant after 2050
Onshore wind,2054,Construction&Manufacturing,Indirect,job-yr/MW,4.69112836851,4.69112836851,I-JEDI,I-JEDI,,27.0,2024.0,1.5,2024.0,Colombian Technology Catalogue,3.a. Wind Onshore,direct,,Linear interpolation,,,Wind Onshore,,CAPEX 2050/2030=0.9469531187817524,2030,2054,4.69112836851,Linear interpolation to 2050; held constant after 2050
Onshore wind,2054,Construction&Manufacturing,Induced,job-yr/MW,3.6342764602,3.6342764602,I-JEDI,I-JEDI,,27.0,2024.0,1.5,2024.0,Colombian Technology Catalogue,3.a. Wind Onshore,direct,,Linear interpolation,,,Wind Onshore,,CAPEX 2050/2030=0.9469531187817524,2030,2054,3.6342764602,Linear interpolation to 2050; held constant after 2050
Onshore wind,2054,O&M,Direct,job/MW,0.0269343065693,0.0269343065693,I-JEDI,I-JEDI,,27.0,2024.0,1.5,2024.0,Colombian Technology Catalogue,3.a. Wind Onshore,direct,,Linear interpolation,,,Wind Onshore,,OPEX 2050/2030=0.946153846153846,2030,2054,0.0269343065693,Linear interpolation to 2050; held constant after 2050
Onshore wind,2054,O&M,Indirect,job/MW,0.0386058394161,0.0386058394161,I-JEDI,I-JEDI,,27.0,2024.0,1.5,2024.0,Colombian Technology Catalogue,3.a. Wind Onshore,direct,,Linear interpolation,,,Wind Onshore,,OPEX 2050/2030=0.946153846153846,2030,2054,0.0386058394161,Linear interpolation to 2050; held constant after 2050
Onshore wind,2054,O&M,Induced,job/MW,0.0402218978102,0.0402218978102,I-JEDI,I-JEDI,,27.0,2024.0,1.5,2024.0,Colombian Technology Catalogue,3.a. Wind Onshore,direct,,Linear interpolation,,,Wind Onshore,,OPEX 2050/2030=0.946153846153846,2030,2054,0.0402218978102,Linear interpolation to 2050; held constant after 2050
Onshore wind,2055,Construction&Manufacturing,Direct,job-yr/MW,6.51276001658,6.51276001658,I-JEDI,I-JEDI,,27.0,2024.0,1.5,2024.0,Colombian Technology Catalogue,3.a. Wind Onshore,direct,,Linear interpolation,,,Wind Onshore,,CAPEX 2050/2030=0.9469531187817524,2030,2055,6.51276001658,Linear interpolation to 2050; held constant after 2050
Onshore wind,2055,Construction&Manufacturing,Indirect,job-yr/MW,4.69112836851,4.69112836851,I-JEDI,I-JEDI,,27.0,2024.0,1.5,2024.0,Colombian Technology Catalogue,3.a. Wind Onshore,direct,,Linear interpolation,,,Wind Onshore,,CAPEX 2050/2030=0.9469531187817524,2030,2055,4.69112836851,Linear interpolation to 2050; held constant after 2050
Onshore wind,2055,Construction&Manufacturing,Induced,job-yr/MW,3.6342764602,3.6342764602,I-JEDI,I-JEDI,,27.0,2024.0,1.5,2024.0,Colombian Technology Catalogue,3.a. Wind Onshore,direct,,Linear interpolation,,,Wind Onshore,,CAPEX 2050/2030=0.9469531187817524,2030,2055,3.6342764602,Linear interpolation to 2050; held constant after 2050
Onshore wind,2055,O&M,Direct,job/MW,0.0269343065693,0.0269343065693,I-JEDI,I-JEDI,,27.0,2024.0,1.5,2024.0,Colombian Technology Catalogue,3.a. Wind Onshore,direct,,Linear interpolation,,,Wind Onshore,,OPEX 2050/2030=0.946153846153846,2030,2055,0.0269343065693,Linear interpolation to 2050; held constant after 2050
Onshore wind,2055,O&M,Indirect,job/MW,0.0386058394161,0.0386058394161,I-JEDI,I-JEDI,,27.0,2024.0,1.5,2024.0,Colombian Technology Catalogue,3.a. Wind Onshore,direct,,Linear interpolation,,,Wind Onshore,,OPEX 2050/2030=0.946153846153846,2030,2055,0.0386058394161,Linear interpolation to 2050; held constant after 2050
Onshore wind,2055,O&M,Induced,job/MW,0.0402218978102,0.0402218978102,I-JEDI,I-JEDI,,27.0,2024.0,1.5,2024.0,Colombian Technology Catalogue,3.a. Wind Onshore,direct,,Linear interpolation,,,Wind Onshore,,OPEX 2050/2030=0.946153846153846,2030,2055,0.0402218978102,Linear interpolation to 2050; held constant after 2050
Pumped hydro storage,2024,Construction,Direct,job-yr/MW,7.18,7.18,Rutovitz 2025,Rutovitz 2025,,50.0,2024.0,5.0,2024.0,Colombian Technology Catalogue,15. Hydro pumped storage,direct,,Original,,,,,,2024,2024,7.18,Known datapoint
Pumped hydro storage,2024,Construction&Manufacturing,Direct,job-yr/MW,13.58,13.58,Rutovitz 2025,Rutovitz 2025,,50.0,2024.0,5.0,2024.0,Colombian Technology Catalogue,15. Hydro pumped storage,direct,,Derived Construction&Manufacturing,,,,,Construction + Manufacturing; Rutovitz 2025 total manufacturing factor used without local-share scaling,2024,2024,13.58,Known datapoint
Pumped hydro storage,2024,Manufacturing,Direct,job-yr/MW,6.4,6.4,Rutovitz 2025,Rutovitz 2025,,50.0,2024.0,5.0,2024.0,Colombian Technology Catalogue,15. Hydro pumped storage,direct,,Original,,,,,,2024,2024,6.4,Known datapoint
Pumped hydro storage,2024,O&M,Direct,job/MW,0.08,0.08,Rutovitz 2025,Rutovitz 2025,,50.0,2024.0,5.0,2024.0,Colombian Technology Catalogue,15. Hydro pumped storage,direct,,Original,,,,,,2024,2024,0.08,Known datapoint
Pumped hydro storage,2025,Construction,Direct,job-yr/MW,7.17785719464,7.17785719464,Rutovitz 2025,Rutovitz 2025,,50.0,2024.0,5.0,2024.0,Colombian Technology Catalogue,15. Hydro pumped storage,direct,,Linear interpolation,,,Hydro pumped storage,,CAPEX 2050/2030=0.994910686684318,2030,2025,7.17785719464,Linear interpolation between known datapoints
Pumped hydro storage,2025,Construction&Manufacturing,Direct,job-yr/MW,13.5759471731,13.5759471731,Rutovitz 2025,Rutovitz 2025,,50.0,2024.0,5.0,2024.0,Colombian Technology Catalogue,15. Hydro pumped storage,direct,,Linear interpolation,,,Hydro pumped storage,,Construction + Manufacturing; Rutovitz 2025 total manufacturing factor used without local-share scaling,2030,2025,13.5759471731,Linear interpolation between known datapoints
Pumped hydro storage,2025,Manufacturing,Direct,job-yr/MW,6.39808997851,6.39808997851,Rutovitz 2025,Rutovitz 2025,,50.0,2024.0,5.0,2024.0,Colombian Technology Catalogue,15. Hydro pumped storage,direct,,Linear interpolation,,,Hydro pumped storage,,CAPEX 2050/2030=0.994910686684318,2030,2025,6.39808997851,Linear interpolation between known datapoints
Pumped hydro storage,2025,O&M,Direct,job/MW,0.08,0.08,Rutovitz 2025,Rutovitz 2025,,50.0,2024.0,5.0,2024.0,Colombian Technology Catalogue,15. Hydro pumped storage,direct,,Linear interpolation,,,Hydro pumped storage,,OPEX 2050/2030=0.9916666666666668,2030,2025,0.08,Linear interpolation between known datapoints
Pumped hydro storage,2026,Construction,Direct,job-yr/MW,7.17571438928,7.17571438928,Rutovitz 2025,Rutovitz 2025,,50.0,2024.0,5.0,2024.0,Colombian Technology Catalogue,15. Hydro pumped storage,direct,,Linear interpolation,,,Hydro pumped storage,,CAPEX 2050/2030=0.994910686684318,2030,2026,7.17571438928,Linear interpolation between known datapoints
Pumped hydro storage,2026,Construction&Manufacturing,Direct,job-yr/MW,13.5718943463,13.5718943463,Rutovitz 2025,Rutovitz 2025,,50.0,2024.0,5.0,2024.0,Colombian Technology Catalogue,15. Hydro pumped storage,direct,,Linear interpolation,,,Hydro pumped storage,,Construction + Manufacturing; Rutovitz 2025 total manufacturing factor used without local-share scaling,2030,2026,13.5718943463,Linear interpolation between known datapoints
Pumped hydro storage,2026,Manufacturing,Direct,job-yr/MW,6.39617995702,6.39617995702,Rutovitz 2025,Rutovitz 2025,,50.0,2024.0,5.0,2024.0,Colombian Technology Catalogue,15. Hydro pumped storage,direct,,Linear interpolation,,,Hydro pumped storage,,CAPEX 2050/2030=0.994910686684318,2030,2026,6.39617995702,Linear interpolation between known datapoints
Pumped hydro storage,2026,O&M,Direct,job/MW,0.08,0.08,Rutovitz 2025,Rutovitz 2025,,50.0,2024.0,5.0,2024.0,Colombian Technology Catalogue,15. Hydro pumped storage,direct,,Linear interpolation,,,Hydro pumped storage,,OPEX 2050/2030=0.9916666666666668,2030,2026,0.08,Linear interpolation between known datapoints
Pumped hydro storage,2027,Construction,Direct,job-yr/MW,7.17357158392,7.17357158392,Rutovitz 2025,Rutovitz 2025,,50.0,2024.0,5.0,2024.0,Colombian Technology Catalogue,15. Hydro pumped storage,direct,,Linear interpolation,,,Hydro pumped storage,,CAPEX 2050/2030=0.994910686684318,2030,2027,7.17357158392,Linear interpolation between known datapoints
Pumped hydro storage,2027,Construction&Manufacturing,Direct,job-yr/MW,13.5678415194,13.5678415194,Rutovitz 2025,Rutovitz 2025,,50.0,2024.0,5.0,2024.0,Colombian Technology Catalogue,15. Hydro pumped storage,direct,,Linear interpolation,,,Hydro pumped storage,,Construction + Manufacturing; Rutovitz 2025 total manufacturing factor used without local-share scaling,2030,2027,13.5678415194,Linear interpolation between known datapoints
Pumped hydro storage,2027,Manufacturing,Direct,job-yr/MW,6.39426993552,6.39426993552,Rutovitz 2025,Rutovitz 2025,,50.0,2024.0,5.0,2024.0,Colombian Technology Catalogue,15. Hydro pumped storage,direct,,Linear interpolation,,,Hydro pumped storage,,CAPEX 2050/2030=0.994910686684318,2030,2027,6.39426993552,Linear interpolation between known datapoints
Pumped hydro storage,2027,O&M,Direct,job/MW,0.08,0.08,Rutovitz 2025,Rutovitz 2025,,50.0,2024.0,5.0,2024.0,Colombian Technology Catalogue,15. Hydro pumped storage,direct,,Linear interpolation,,,Hydro pumped storage,,OPEX 2050/2030=0.9916666666666668,2030,2027,0.08,Linear interpolation between known datapoints
Pumped hydro storage,2028,Construction,Direct,job-yr/MW,7.17142877855,7.17142877855,Rutovitz 2025,Rutovitz 2025,,50.0,2024.0,5.0,2024.0,Colombian Technology Catalogue,15. Hydro pumped storage,direct,,Linear interpolation,,,Hydro pumped storage,,CAPEX 2050/2030=0.994910686684318,2030,2028,7.17142877855,Linear interpolation between known datapoints
Pumped hydro storage,2028,Construction&Manufacturing,Direct,job-yr/MW,13.5637886926,13.5637886926,Rutovitz 2025,Rutovitz 2025,,50.0,2024.0,5.0,2024.0,Colombian Technology Catalogue,15. Hydro pumped storage,direct,,Linear interpolation,,,Hydro pumped storage,,Construction + Manufacturing; Rutovitz 2025 total manufacturing factor used without local-share scaling,2030,2028,13.5637886926,Linear interpolation between known datapoints
Pumped hydro storage,2028,Manufacturing,Direct,job-yr/MW,6.39235991403,6.39235991403,Rutovitz 2025,Rutovitz 2025,,50.0,2024.0,5.0,2024.0,Colombian Technology Catalogue,15. Hydro pumped storage,direct,,Linear interpolation,,,Hydro pumped storage,,CAPEX 2050/2030=0.994910686684318,2030,2028,6.39235991403,Linear interpolation between known datapoints
Pumped hydro storage,2028,O&M,Direct,job/MW,0.08,0.08,Rutovitz 2025,Rutovitz 2025,,50.0,2024.0,5.0,2024.0,Colombian Technology Catalogue,15. Hydro pumped storage,direct,,Linear interpolation,,,Hydro pumped storage,,OPEX 2050/2030=0.9916666666666668,2030,2028,0.08,Linear interpolation between known datapoints
Pumped hydro storage,2029,Construction,Direct,job-yr/MW,7.16928597319,7.16928597319,Rutovitz 2025,Rutovitz 2025,,50.0,2024.0,5.0,2024.0,Colombian Technology Catalogue,15. Hydro pumped storage,direct,,Linear interpolation,,,Hydro pumped storage,,CAPEX 2050/2030=0.994910686684318,2030,2029,7.16928597319,Linear interpolation between known datapoints
Pumped hydro storage,2029,Construction&Manufacturing,Direct,job-yr/MW,13.5597358657,13.5597358657,Rutovitz 2025,Rutovitz 2025,,50.0,2024.0,5.0,2024.0,Colombian Technology Catalogue,15. Hydro pumped storage,direct,,Linear interpolation,,,Hydro pumped storage,,Construction + Manufacturing; Rutovitz 2025 total manufacturing factor used without local-share scaling,2030,2029,13.5597358657,Linear interpolation between known datapoints
Pumped hydro storage,2029,Manufacturing,Direct,job-yr/MW,6.39044989254,6.39044989254,Rutovitz 2025,Rutovitz 2025,,50.0,2024.0,5.0,2024.0,Colombian Technology Catalogue,15. Hydro pumped storage,direct,,Linear interpolation,,,Hydro pumped storage,,CAPEX 2050/2030=0.994910686684318,2030,2029,6.39044989254,Linear interpolation between known datapoints
Pumped hydro storage,2029,O&M,Direct,job/MW,0.08,0.08,Rutovitz 2025,Rutovitz 2025,,50.0,2024.0,5.0,2024.0,Colombian Technology Catalogue,15. Hydro pumped storage,direct,,Linear interpolation,,,Hydro pumped storage,,OPEX 2050/2030=0.9916666666666668,2030,2029,0.08,Linear interpolation between known datapoints
Pumped hydro storage,2030,Construction,Direct,job-yr/MW,7.16714316783,7.16714316783,Rutovitz 2025,Rutovitz 2025,,50.0,2024.0,5.0,2024.0,Colombian Technology Catalogue,15. Hydro pumped storage,direct,,CAPEX/OPEX ratio projection,,,Hydro pumped storage,,CAPEX 2030/2024=0.998209354851183,2024,2030,7.16714316783,Known datapoint
Pumped hydro storage,2030,Construction&Manufacturing,Direct,job-yr/MW,13.5556830389,13.5556830389,Rutovitz 2025,Rutovitz 2025,,50.0,2024.0,5.0,2024.0,Colombian Technology Catalogue,15. Hydro pumped storage,direct,,Derived Construction&Manufacturing,,,Hydro pumped storage,,Construction + Manufacturing; Rutovitz 2025 total manufacturing factor used without local-share scaling,2024,2030,13.5556830389,Known datapoint
Pumped hydro storage,2030,Manufacturing,Direct,job-yr/MW,6.38853987105,6.38853987105,Rutovitz 2025,Rutovitz 2025,,50.0,2024.0,5.0,2024.0,Colombian Technology Catalogue,15. Hydro pumped storage,direct,,CAPEX/OPEX ratio projection,,,Hydro pumped storage,,CAPEX 2030/2024=0.998209354851183,2024,2030,6.38853987105,Known datapoint
Pumped hydro storage,2030,O&M,Direct,job/MW,0.08,0.08,Rutovitz 2025,Rutovitz 2025,,50.0,2024.0,5.0,2024.0,Colombian Technology Catalogue,15. Hydro pumped storage,direct,,CAPEX/OPEX ratio projection,,,Hydro pumped storage,,OPEX 2030/2024=1.0,2024,2030,0.08,Known datapoint
Pumped hydro storage,2031,Construction,Direct,job-yr/MW,7.16531937597,7.16531937597,Rutovitz 2025,Rutovitz 2025,,50.0,2024.0,5.0,2024.0,Colombian Technology Catalogue,15. Hydro pumped storage,direct,,Linear interpolation,,,Hydro pumped storage,,CAPEX 2050/2030=0.994910686684318,2030,2031,7.16531937597,Linear interpolation between known datapoints
Pumped hydro storage,2031,Construction&Manufacturing,Direct,job-yr/MW,13.552233583,13.552233583,Rutovitz 2025,Rutovitz 2025,,50.0,2024.0,5.0,2024.0,Colombian Technology Catalogue,15. Hydro pumped storage,direct,,Linear interpolation,,,Hydro pumped storage,,Construction + Manufacturing; Rutovitz 2025 total manufacturing factor used without local-share scaling,2030,2031,13.552233583,Linear interpolation between known datapoints
Pumped hydro storage,2031,Manufacturing,Direct,job-yr/MW,6.386914207,6.386914207,Rutovitz 2025,Rutovitz 2025,,50.0,2024.0,5.0,2024.0,Colombian Technology Catalogue,15. Hydro pumped storage,direct,,Linear interpolation,,,Hydro pumped storage,,CAPEX 2050/2030=0.994910686684318,2030,2031,6.386914207,Linear interpolation between known datapoints
Pumped hydro storage,2031,O&M,Direct,job/MW,0.0799666666667,0.0799666666667,Rutovitz 2025,Rutovitz 2025,,50.0,2024.0,5.0,2024.0,Colombian Technology Catalogue,15. Hydro pumped storage,direct,,Linear interpolation,,,Hydro pumped storage,,OPEX 2050/2030=0.9916666666666668,2030,2031,0.0799666666667,Linear interpolation between known datapoints
Pumped hydro storage,2032,Construction,Direct,job-yr/MW,7.16349558412,7.16349558412,Rutovitz 2025,Rutovitz 2025,,50.0,2024.0,5.0,2024.0,Colombian Technology Catalogue,15. Hydro pumped storage,direct,,Linear interpolation,,,Hydro pumped storage,,CAPEX 2050/2030=0.994910686684318,2030,2032,7.16349558412,Linear interpolation between known datapoints
Pumped hydro storage,2032,Construction&Manufacturing,Direct,job-yr/MW,13.5487841271,13.5487841271,Rutovitz 2025,Rutovitz 2025,,50.0,2024.0,5.0,2024.0,Colombian Technology Catalogue,15. Hydro pumped storage,direct,,Linear interpolation,,,Hydro pumped storage,,Construction + Manufacturing; Rutovitz 2025 total manufacturing factor used without local-share scaling,2030,2032,13.5487841271,Linear interpolation between known datapoints
Pumped hydro storage,2032,Manufacturing,Direct,job-yr/MW,6.38528854294,6.38528854294,Rutovitz 2025,Rutovitz 2025,,50.0,2024.0,5.0,2024.0,Colombian Technology Catalogue,15. Hydro pumped storage,direct,,Linear interpolation,,,Hydro pumped storage,,CAPEX 2050/2030=0.994910686684318,2030,2032,6.38528854294,Linear interpolation between known datapoints
Pumped hydro storage,2032,O&M,Direct,job/MW,0.0799333333333,0.0799333333333,Rutovitz 2025,Rutovitz 2025,,50.0,2024.0,5.0,2024.0,Colombian Technology Catalogue,15. Hydro pumped storage,direct,,Linear interpolation,,,Hydro pumped storage,,OPEX 2050/2030=0.9916666666666668,2030,2032,0.0799333333333,Linear interpolation between known datapoints
Pumped hydro storage,2033,Construction,Direct,job-yr/MW,7.16167179226,7.16167179226,Rutovitz 2025,Rutovitz 2025,,50.0,2024.0,5.0,2024.0,Colombian Technology Catalogue,15. Hydro pumped storage,direct,,Linear interpolation,,,Hydro pumped storage,,CAPEX 2050/2030=0.994910686684318,2030,2033,7.16167179226,Linear interpolation between known datapoints
Pumped hydro storage,2033,Construction&Manufacturing,Direct,job-yr/MW,13.5453346712,13.5453346712,Rutovitz 2025,Rutovitz 2025,,50.0,2024.0,5.0,2024.0,Colombian Technology Catalogue,15. Hydro pumped storage,direct,,Linear interpolation,,,Hydro pumped storage,,Construction + Manufacturing; Rutovitz 2025 total manufacturing factor used without local-share scaling,2030,2033,13.5453346712,Linear interpolation between known datapoints
Pumped hydro storage,2033,Manufacturing,Direct,job-yr/MW,6.38366287889,6.38366287889,Rutovitz 2025,Rutovitz 2025,,50.0,2024.0,5.0,2024.0,Colombian Technology Catalogue,15. Hydro pumped storage,direct,,Linear interpolation,,,Hydro pumped storage,,CAPEX 2050/2030=0.994910686684318,2030,2033,6.38366287889,Linear interpolation between known datapoints
Pumped hydro storage,2033,O&M,Direct,job/MW,0.0799,0.0799,Rutovitz 2025,Rutovitz 2025,,50.0,2024.0,5.0,2024.0,Colombian Technology Catalogue,15. Hydro pumped storage,direct,,Linear interpolation,,,Hydro pumped storage,,OPEX 2050/2030=0.9916666666666668,2030,2033,0.0799,Linear interpolation between known datapoints
Pumped hydro storage,2034,Construction,Direct,job-yr/MW,7.1598480004,7.1598480004,Rutovitz 2025,Rutovitz 2025,,50.0,2024.0,5.0,2024.0,Colombian Technology Catalogue,15. Hydro pumped storage,direct,,Linear interpolation,,,Hydro pumped storage,,CAPEX 2050/2030=0.994910686684318,2030,2034,7.1598480004,Linear interpolation between known datapoints
Pumped hydro storage,2034,Construction&Manufacturing,Direct,job-yr/MW,13.5418852152,13.5418852152,Rutovitz 2025,Rutovitz 2025,,50.0,2024.0,5.0,2024.0,Colombian Technology Catalogue,15. Hydro pumped storage,direct,,Linear interpolation,,,Hydro pumped storage,,Construction + Manufacturing; Rutovitz 2025 total manufacturing factor used without local-share scaling,2030,2034,13.5418852152,Linear interpolation between known datapoints
Pumped hydro storage,2034,Manufacturing,Direct,job-yr/MW,6.38203721484,6.38203721484,Rutovitz 2025,Rutovitz 2025,,50.0,2024.0,5.0,2024.0,Colombian Technology Catalogue,15. Hydro pumped storage,direct,,Linear interpolation,,,Hydro pumped storage,,CAPEX 2050/2030=0.994910686684318,2030,2034,6.38203721484,Linear interpolation between known datapoints
Pumped hydro storage,2034,O&M,Direct,job/MW,0.0798666666667,0.0798666666667,Rutovitz 2025,Rutovitz 2025,,50.0,2024.0,5.0,2024.0,Colombian Technology Catalogue,15. Hydro pumped storage,direct,,Linear interpolation,,,Hydro pumped storage,,OPEX 2050/2030=0.9916666666666668,2030,2034,0.0798666666667,Linear interpolation between known datapoints
Pumped hydro storage,2035,Construction,Direct,job-yr/MW,7.15802420854,7.15802420854,Rutovitz 2025,Rutovitz 2025,,50.0,2024.0,5.0,2024.0,Colombian Technology Catalogue,15. Hydro pumped storage,direct,,Linear interpolation,,,Hydro pumped storage,,CAPEX 2050/2030=0.994910686684318,2030,2035,7.15802420854,Linear interpolation between known datapoints
Pumped hydro storage,2035,Construction&Manufacturing,Direct,job-yr/MW,13.5384357593,13.5384357593,Rutovitz 2025,Rutovitz 2025,,50.0,2024.0,5.0,2024.0,Colombian Technology Catalogue,15. Hydro pumped storage,direct,,Linear interpolation,,,Hydro pumped storage,,Construction + Manufacturing; Rutovitz 2025 total manufacturing factor used without local-share scaling,2030,2035,13.5384357593,Linear interpolation between known datapoints
Pumped hydro storage,2035,Manufacturing,Direct,job-yr/MW,6.38041155079,6.38041155079,Rutovitz 2025,Rutovitz 2025,,50.0,2024.0,5.0,2024.0,Colombian Technology Catalogue,15. Hydro pumped storage,direct,,Linear interpolation,,,Hydro pumped storage,,CAPEX 2050/2030=0.994910686684318,2030,2035,6.38041155079,Linear interpolation between known datapoints
Pumped hydro storage,2035,O&M,Direct,job/MW,0.0798333333333,0.0798333333333,Rutovitz 2025,Rutovitz 2025,,50.0,2024.0,5.0,2024.0,Colombian Technology Catalogue,15. Hydro pumped storage,direct,,Linear interpolation,,,Hydro pumped storage,,OPEX 2050/2030=0.9916666666666668,2030,2035,0.0798333333333,Linear interpolation between known datapoints
Pumped hydro storage,2036,Construction,Direct,job-yr/MW,7.15620041668,7.15620041668,Rutovitz 2025,Rutovitz 2025,,50.0,2024.0,5.0,2024.0,Colombian Technology Catalogue,15. Hydro pumped storage,direct,,Linear interpolation,,,Hydro pumped storage,,CAPEX 2050/2030=0.994910686684318,2030,2036,7.15620041668,Linear interpolation between known datapoints
Pumped hydro storage,2036,Construction&Manufacturing,Direct,job-yr/MW,13.5349863034,13.5349863034,Rutovitz 2025,Rutovitz 2025,,50.0,2024.0,5.0,2024.0,Colombian Technology Catalogue,15. Hydro pumped storage,direct,,Linear interpolation,,,Hydro pumped storage,,Construction + Manufacturing; Rutovitz 2025 total manufacturing factor used without local-share scaling,2030,2036,13.5349863034,Linear interpolation between known datapoints
Pumped hydro storage,2036,Manufacturing,Direct,job-yr/MW,6.37878588674,6.37878588674,Rutovitz 2025,Rutovitz 2025,,50.0,2024.0,5.0,2024.0,Colombian Technology Catalogue,15. Hydro pumped storage,direct,,Linear interpolation,,,Hydro pumped storage,,CAPEX 2050/2030=0.994910686684318,2030,2036,6.37878588674,Linear interpolation between known datapoints
Pumped hydro storage,2036,O&M,Direct,job/MW,0.0798,0.0798,Rutovitz 2025,Rutovitz 2025,,50.0,2024.0,5.0,2024.0,Colombian Technology Catalogue,15. Hydro pumped storage,direct,,Linear interpolation,,,Hydro pumped storage,,OPEX 2050/2030=0.9916666666666668,2030,2036,0.0798,Linear interpolation between known datapoints
Pumped hydro storage,2037,Construction,Direct,job-yr/MW,7.15437662483,7.15437662483,Rutovitz 2025,Rutovitz 2025,,50.0,2024.0,5.0,2024.0,Colombian Technology Catalogue,15. Hydro pumped storage,direct,,Linear interpolation,,,Hydro pumped storage,,CAPEX 2050/2030=0.994910686684318,2030,2037,7.15437662483,Linear interpolation between known datapoints
Pumped hydro storage,2037,Construction&Manufacturing,Direct,job-yr/MW,13.5315368475,13.5315368475,Rutovitz 2025,Rutovitz 2025,,50.0,2024.0,5.0,2024.0,Colombian Technology Catalogue,15. Hydro pumped storage,direct,,Linear interpolation,,,Hydro pumped storage,,Construction + Manufacturing; Rutovitz 2025 total manufacturing factor used without local-share scaling,2030,2037,13.5315368475,Linear interpolation between known datapoints
Pumped hydro storage,2037,Manufacturing,Direct,job-yr/MW,6.37716022269,6.37716022269,Rutovitz 2025,Rutovitz 2025,,50.0,2024.0,5.0,2024.0,Colombian Technology Catalogue,15. Hydro pumped storage,direct,,Linear interpolation,,,Hydro pumped storage,,CAPEX 2050/2030=0.994910686684318,2030,2037,6.37716022269,Linear interpolation between known datapoints
Pumped hydro storage,2037,O&M,Direct,job/MW,0.0797666666667,0.0797666666667,Rutovitz 2025,Rutovitz 2025,,50.0,2024.0,5.0,2024.0,Colombian Technology Catalogue,15. Hydro pumped storage,direct,,Linear interpolation,,,Hydro pumped storage,,OPEX 2050/2030=0.9916666666666668,2030,2037,0.0797666666667,Linear interpolation between known datapoints
Pumped hydro storage,2038,Construction,Direct,job-yr/MW,7.15255283297,7.15255283297,Rutovitz 2025,Rutovitz 2025,,50.0,2024.0,5.0,2024.0,Colombian Technology Catalogue,15. Hydro pumped storage,direct,,Linear interpolation,,,Hydro pumped storage,,CAPEX 2050/2030=0.994910686684318,2030,2038,7.15255283297,Linear interpolation between known datapoints
Pumped hydro storage,2038,Construction&Manufacturing,Direct,job-yr/MW,13.5280873916,13.5280873916,Rutovitz 2025,Rutovitz 2025,,50.0,2024.0,5.0,2024.0,Colombian Technology Catalogue,15. Hydro pumped storage,direct,,Linear interpolation,,,Hydro pumped storage,,Construction + Manufacturing; Rutovitz 2025 total manufacturing factor used without local-share scaling,2030,2038,13.5280873916,Linear interpolation between known datapoints
Pumped hydro storage,2038,Manufacturing,Direct,job-yr/MW,6.37553455863,6.37553455863,Rutovitz 2025,Rutovitz 2025,,50.0,2024.0,5.0,2024.0,Colombian Technology Catalogue,15. Hydro pumped storage,direct,,Linear interpolation,,,Hydro pumped storage,,CAPEX 2050/2030=0.994910686684318,2030,2038,6.37553455863,Linear interpolation between known datapoints
Pumped hydro storage,2038,O&M,Direct,job/MW,0.0797333333333,0.0797333333333,Rutovitz 2025,Rutovitz 2025,,50.0,2024.0,5.0,2024.0,Colombian Technology Catalogue,15. Hydro pumped storage,direct,,Linear interpolation,,,Hydro pumped storage,,OPEX 2050/2030=0.9916666666666668,2030,2038,0.0797333333333,Linear interpolation between known datapoints
Pumped hydro storage,2039,Construction,Direct,job-yr/MW,7.15072904111,7.15072904111,Rutovitz 2025,Rutovitz 2025,,50.0,2024.0,5.0,2024.0,Colombian Technology Catalogue,15. Hydro pumped storage,direct,,Linear interpolation,,,Hydro pumped storage,,CAPEX 2050/2030=0.994910686684318,2030,2039,7.15072904111,Linear interpolation between known datapoints
Pumped hydro storage,2039,Construction&Manufacturing,Direct,job-yr/MW,13.5246379357,13.5246379357,Rutovitz 2025,Rutovitz 2025,,50.0,2024.0,5.0,2024.0,Colombian Technology Catalogue,15. Hydro pumped storage,direct,,Linear interpolation,,,Hydro pumped storage,,Construction + Manufacturing; Rutovitz 2025 total manufacturing factor used without local-share scaling,2030,2039,13.5246379357,Linear interpolation between known datapoints
Pumped hydro storage,2039,Manufacturing,Direct,job-yr/MW,6.37390889458,6.37390889458,Rutovitz 2025,Rutovitz 2025,,50.0,2024.0,5.0,2024.0,Colombian Technology Catalogue,15. Hydro pumped storage,direct,,Linear interpolation,,,Hydro pumped storage,,CAPEX 2050/2030=0.994910686684318,2030,2039,6.37390889458,Linear interpolation between known datapoints
Pumped hydro storage,2039,O&M,Direct,job/MW,0.0797,0.0797,Rutovitz 2025,Rutovitz 2025,,50.0,2024.0,5.0,2024.0,Colombian Technology Catalogue,15. Hydro pumped storage,direct,,Linear interpolation,,,Hydro pumped storage,,OPEX 2050/2030=0.9916666666666668,2030,2039,0.0797,Linear interpolation between known datapoints
Pumped hydro storage,2040,Construction,Direct,job-yr/MW,7.14890524925,7.14890524925,Rutovitz 2025,Rutovitz 2025,,50.0,2024.0,5.0,2024.0,Colombian Technology Catalogue,15. Hydro pumped storage,direct,,Linear interpolation,,,Hydro pumped storage,,CAPEX 2050/2030=0.994910686684318,2030,2040,7.14890524925,Linear interpolation between known datapoints
Pumped hydro storage,2040,Construction&Manufacturing,Direct,job-yr/MW,13.5211884798,13.5211884798,Rutovitz 2025,Rutovitz 2025,,50.0,2024.0,5.0,2024.0,Colombian Technology Catalogue,15. Hydro pumped storage,direct,,Linear interpolation,,,Hydro pumped storage,,Construction + Manufacturing; Rutovitz 2025 total manufacturing factor used without local-share scaling,2030,2040,13.5211884798,Linear interpolation between known datapoints
Pumped hydro storage,2040,Manufacturing,Direct,job-yr/MW,6.37228323053,6.37228323053,Rutovitz 2025,Rutovitz 2025,,50.0,2024.0,5.0,2024.0,Colombian Technology Catalogue,15. Hydro pumped storage,direct,,Linear interpolation,,,Hydro pumped storage,,CAPEX 2050/2030=0.994910686684318,2030,2040,6.37228323053,Linear interpolation between known datapoints
Pumped hydro storage,2040,O&M,Direct,job/MW,0.0796666666667,0.0796666666667,Rutovitz 2025,Rutovitz 2025,,50.0,2024.0,5.0,2024.0,Colombian Technology Catalogue,15. Hydro pumped storage,direct,,Linear interpolation,,,Hydro pumped storage,,OPEX 2050/2030=0.9916666666666668,2030,2040,0.0796666666667,Linear interpolation between known datapoints
Pumped hydro storage,2041,Construction,Direct,job-yr/MW,7.14708145739,7.14708145739,Rutovitz 2025,Rutovitz 2025,,50.0,2024.0,5.0,2024.0,Colombian Technology Catalogue,15. Hydro pumped storage,direct,,Linear interpolation,,,Hydro pumped storage,,CAPEX 2050/2030=0.994910686684318,2030,2041,7.14708145739,Linear interpolation between known datapoints
Pumped hydro storage,2041,Construction&Manufacturing,Direct,job-yr/MW,13.5177390239,13.5177390239,Rutovitz 2025,Rutovitz 2025,,50.0,2024.0,5.0,2024.0,Colombian Technology Catalogue,15. Hydro pumped storage,direct,,Linear interpolation,,,Hydro pumped storage,,Construction + Manufacturing; Rutovitz 2025 total manufacturing factor used without local-share scaling,2030,2041,13.5177390239,Linear interpolation between known datapoints
Pumped hydro storage,2041,Manufacturing,Direct,job-yr/MW,6.37065756648,6.37065756648,Rutovitz 2025,Rutovitz 2025,,50.0,2024.0,5.0,2024.0,Colombian Technology Catalogue,15. Hydro pumped storage,direct,,Linear interpolation,,,Hydro pumped storage,,CAPEX 2050/2030=0.994910686684318,2030,2041,6.37065756648,Linear interpolation between known datapoints
Pumped hydro storage,2041,O&M,Direct,job/MW,0.0796333333333,0.0796333333333,Rutovitz 2025,Rutovitz 2025,,50.0,2024.0,5.0,2024.0,Colombian Technology Catalogue,15. Hydro pumped storage,direct,,Linear interpolation,,,Hydro pumped storage,,OPEX 2050/2030=0.9916666666666668,2030,2041,0.0796333333333,Linear interpolation between known datapoints
Pumped hydro storage,2042,Construction,Direct,job-yr/MW,7.14525766554,7.14525766554,Rutovitz 2025,Rutovitz 2025,,50.0,2024.0,5.0,2024.0,Colombian Technology Catalogue,15. Hydro pumped storage,direct,,Linear interpolation,,,Hydro pumped storage,,CAPEX 2050/2030=0.994910686684318,2030,2042,7.14525766554,Linear interpolation between known datapoints
Pumped hydro storage,2042,Construction&Manufacturing,Direct,job-yr/MW,13.514289568,13.514289568,Rutovitz 2025,Rutovitz 2025,,50.0,2024.0,5.0,2024.0,Colombian Technology Catalogue,15. Hydro pumped storage,direct,,Linear interpolation,,,Hydro pumped storage,,Construction + Manufacturing; Rutovitz 2025 total manufacturing factor used without local-share scaling,2030,2042,13.514289568,Linear interpolation between known datapoints
Pumped hydro storage,2042,Manufacturing,Direct,job-yr/MW,6.36903190243,6.36903190243,Rutovitz 2025,Rutovitz 2025,,50.0,2024.0,5.0,2024.0,Colombian Technology Catalogue,15. Hydro pumped storage,direct,,Linear interpolation,,,Hydro pumped storage,,CAPEX 2050/2030=0.994910686684318,2030,2042,6.36903190243,Linear interpolation between known datapoints
Pumped hydro storage,2042,O&M,Direct,job/MW,0.0796,0.0796,Rutovitz 2025,Rutovitz 2025,,50.0,2024.0,5.0,2024.0,Colombian Technology Catalogue,15. Hydro pumped storage,direct,,Linear interpolation,,,Hydro pumped storage,,OPEX 2050/2030=0.9916666666666668,2030,2042,0.0796,Linear interpolation between known datapoints
Pumped hydro storage,2043,Construction,Direct,job-yr/MW,7.14343387368,7.14343387368,Rutovitz 2025,Rutovitz 2025,,50.0,2024.0,5.0,2024.0,Colombian Technology Catalogue,15. Hydro pumped storage,direct,,Linear interpolation,,,Hydro pumped storage,,CAPEX 2050/2030=0.994910686684318,2030,2043,7.14343387368,Linear interpolation between known datapoints
Pumped hydro storage,2043,Construction&Manufacturing,Direct,job-yr/MW,13.5108401121,13.5108401121,Rutovitz 2025,Rutovitz 2025,,50.0,2024.0,5.0,2024.0,Colombian Technology Catalogue,15. Hydro pumped storage,direct,,Linear interpolation,,,Hydro pumped storage,,Construction + Manufacturing; Rutovitz 2025 total manufacturing factor used without local-share scaling,2030,2043,13.5108401121,Linear interpolation between known datapoints
Pumped hydro storage,2043,Manufacturing,Direct,job-yr/MW,6.36740623838,6.36740623838,Rutovitz 2025,Rutovitz 2025,,50.0,2024.0,5.0,2024.0,Colombian Technology Catalogue,15. Hydro pumped storage,direct,,Linear interpolation,,,Hydro pumped storage,,CAPEX 2050/2030=0.994910686684318,2030,2043,6.36740623838,Linear interpolation between known datapoints
Pumped hydro storage,2043,O&M,Direct,job/MW,0.0795666666667,0.0795666666667,Rutovitz 2025,Rutovitz 2025,,50.0,2024.0,5.0,2024.0,Colombian Technology Catalogue,15. Hydro pumped storage,direct,,Linear interpolation,,,Hydro pumped storage,,OPEX 2050/2030=0.9916666666666668,2030,2043,0.0795666666667,Linear interpolation between known datapoints
Pumped hydro storage,2044,Construction,Direct,job-yr/MW,7.14161008182,7.14161008182,Rutovitz 2025,Rutovitz 2025,,50.0,2024.0,5.0,2024.0,Colombian Technology Catalogue,15. Hydro pumped storage,direct,,Linear interpolation,,,Hydro pumped storage,,CAPEX 2050/2030=0.994910686684318,2030,2044,7.14161008182,Linear interpolation between known datapoints
Pumped hydro storage,2044,Construction&Manufacturing,Direct,job-yr/MW,13.5073906561,13.5073906561,Rutovitz 2025,Rutovitz 2025,,50.0,2024.0,5.0,2024.0,Colombian Technology Catalogue,15. Hydro pumped storage,direct,,Linear interpolation,,,Hydro pumped storage,,Construction + Manufacturing; Rutovitz 2025 total manufacturing factor used without local-share scaling,2030,2044,13.5073906561,Linear interpolation between known datapoints
Pumped hydro storage,2044,Manufacturing,Direct,job-yr/MW,6.36578057432,6.36578057432,Rutovitz 2025,Rutovitz 2025,,50.0,2024.0,5.0,2024.0,Colombian Technology Catalogue,15. Hydro pumped storage,direct,,Linear interpolation,,,Hydro pumped storage,,CAPEX 2050/2030=0.994910686684318,2030,2044,6.36578057432,Linear interpolation between known datapoints
Pumped hydro storage,2044,O&M,Direct,job/MW,0.0795333333333,0.0795333333333,Rutovitz 2025,Rutovitz 2025,,50.0,2024.0,5.0,2024.0,Colombian Technology Catalogue,15. Hydro pumped storage,direct,,Linear interpolation,,,Hydro pumped storage,,OPEX 2050/2030=0.9916666666666668,2030,2044,0.0795333333333,Linear interpolation between known datapoints
Pumped hydro storage,2045,Construction,Direct,job-yr/MW,7.13978628996,7.13978628996,Rutovitz 2025,Rutovitz 2025,,50.0,2024.0,5.0,2024.0,Colombian Technology Catalogue,15. Hydro pumped storage,direct,,Linear interpolation,,,Hydro pumped storage,,CAPEX 2050/2030=0.994910686684318,2030,2045,7.13978628996,Linear interpolation between known datapoints
Pumped hydro storage,2045,Construction&Manufacturing,Direct,job-yr/MW,13.5039412002,13.5039412002,Rutovitz 2025,Rutovitz 2025,,50.0,2024.0,5.0,2024.0,Colombian Technology Catalogue,15. Hydro pumped storage,direct,,Linear interpolation,,,Hydro pumped storage,,Construction + Manufacturing; Rutovitz 2025 total manufacturing factor used without local-share scaling,2030,2045,13.5039412002,Linear interpolation between known datapoints
Pumped hydro storage,2045,Manufacturing,Direct,job-yr/MW,6.36415491027,6.36415491027,Rutovitz 2025,Rutovitz 2025,,50.0,2024.0,5.0,2024.0,Colombian Technology Catalogue,15. Hydro pumped storage,direct,,Linear interpolation,,,Hydro pumped storage,,CAPEX 2050/2030=0.994910686684318,2030,2045,6.36415491027,Linear interpolation between known datapoints
Pumped hydro storage,2045,O&M,Direct,job/MW,0.0795,0.0795,Rutovitz 2025,Rutovitz 2025,,50.0,2024.0,5.0,2024.0,Colombian Technology Catalogue,15. Hydro pumped storage,direct,,Linear interpolation,,,Hydro pumped storage,,OPEX 2050/2030=0.9916666666666668,2030,2045,0.0795,Linear interpolation between known datapoints
Pumped hydro storage,2046,Construction,Direct,job-yr/MW,7.1379624981,7.1379624981,Rutovitz 2025,Rutovitz 2025,,50.0,2024.0,5.0,2024.0,Colombian Technology Catalogue,15. Hydro pumped storage,direct,,Linear interpolation,,,Hydro pumped storage,,CAPEX 2050/2030=0.994910686684318,2030,2046,7.1379624981,Linear interpolation between known datapoints
Pumped hydro storage,2046,Construction&Manufacturing,Direct,job-yr/MW,13.5004917443,13.5004917443,Rutovitz 2025,Rutovitz 2025,,50.0,2024.0,5.0,2024.0,Colombian Technology Catalogue,15. Hydro pumped storage,direct,,Linear interpolation,,,Hydro pumped storage,,Construction + Manufacturing; Rutovitz 2025 total manufacturing factor used without local-share scaling,2030,2046,13.5004917443,Linear interpolation between known datapoints
Pumped hydro storage,2046,Manufacturing,Direct,job-yr/MW,6.36252924622,6.36252924622,Rutovitz 2025,Rutovitz 2025,,50.0,2024.0,5.0,2024.0,Colombian Technology Catalogue,15. Hydro pumped storage,direct,,Linear interpolation,,,Hydro pumped storage,,CAPEX 2050/2030=0.994910686684318,2030,2046,6.36252924622,Linear interpolation between known datapoints
Pumped hydro storage,2046,O&M,Direct,job/MW,0.0794666666667,0.0794666666667,Rutovitz 2025,Rutovitz 2025,,50.0,2024.0,5.0,2024.0,Colombian Technology Catalogue,15. Hydro pumped storage,direct,,Linear interpolation,,,Hydro pumped storage,,OPEX 2050/2030=0.9916666666666668,2030,2046,0.0794666666667,Linear interpolation between known datapoints
Pumped hydro storage,2047,Construction,Direct,job-yr/MW,7.13613870625,7.13613870625,Rutovitz 2025,Rutovitz 2025,,50.0,2024.0,5.0,2024.0,Colombian Technology Catalogue,15. Hydro pumped storage,direct,,Linear interpolation,,,Hydro pumped storage,,CAPEX 2050/2030=0.994910686684318,2030,2047,7.13613870625,Linear interpolation between known datapoints
Pumped hydro storage,2047,Construction&Manufacturing,Direct,job-yr/MW,13.4970422884,13.4970422884,Rutovitz 2025,Rutovitz 2025,,50.0,2024.0,5.0,2024.0,Colombian Technology Catalogue,15. Hydro pumped storage,direct,,Linear interpolation,,,Hydro pumped storage,,Construction + Manufacturing; Rutovitz 2025 total manufacturing factor used without local-share scaling,2030,2047,13.4970422884,Linear interpolation between known datapoints
Pumped hydro storage,2047,Manufacturing,Direct,job-yr/MW,6.36090358217,6.36090358217,Rutovitz 2025,Rutovitz 2025,,50.0,2024.0,5.0,2024.0,Colombian Technology Catalogue,15. Hydro pumped storage,direct,,Linear interpolation,,,Hydro pumped storage,,CAPEX 2050/2030=0.994910686684318,2030,2047,6.36090358217,Linear interpolation between known datapoints
Pumped hydro storage,2047,O&M,Direct,job/MW,0.0794333333333,0.0794333333333,Rutovitz 2025,Rutovitz 2025,,50.0,2024.0,5.0,2024.0,Colombian Technology Catalogue,15. Hydro pumped storage,direct,,Linear interpolation,,,Hydro pumped storage,,OPEX 2050/2030=0.9916666666666668,2030,2047,0.0794333333333,Linear interpolation between known datapoints
Pumped hydro storage,2048,Construction,Direct,job-yr/MW,7.13431491439,7.13431491439,Rutovitz 2025,Rutovitz 2025,,50.0,2024.0,5.0,2024.0,Colombian Technology Catalogue,15. Hydro pumped storage,direct,,Linear interpolation,,,Hydro pumped storage,,CAPEX 2050/2030=0.994910686684318,2030,2048,7.13431491439,Linear interpolation between known datapoints
Pumped hydro storage,2048,Construction&Manufacturing,Direct,job-yr/MW,13.4935928325,13.4935928325,Rutovitz 2025,Rutovitz 2025,,50.0,2024.0,5.0,2024.0,Colombian Technology Catalogue,15. Hydro pumped storage,direct,,Linear interpolation,,,Hydro pumped storage,,Construction + Manufacturing; Rutovitz 2025 total manufacturing factor used without local-share scaling,2030,2048,13.4935928325,Linear interpolation between known datapoints
Pumped hydro storage,2048,Manufacturing,Direct,job-yr/MW,6.35927791812,6.35927791812,Rutovitz 2025,Rutovitz 2025,,50.0,2024.0,5.0,2024.0,Colombian Technology Catalogue,15. Hydro pumped storage,direct,,Linear interpolation,,,Hydro pumped storage,,CAPEX 2050/2030=0.994910686684318,2030,2048,6.35927791812,Linear interpolation between known datapoints
Pumped hydro storage,2048,O&M,Direct,job/MW,0.0794,0.0794,Rutovitz 2025,Rutovitz 2025,,50.0,2024.0,5.0,2024.0,Colombian Technology Catalogue,15. Hydro pumped storage,direct,,Linear interpolation,,,Hydro pumped storage,,OPEX 2050/2030=0.9916666666666668,2030,2048,0.0794,Linear interpolation between known datapoints
Pumped hydro storage,2049,Construction,Direct,job-yr/MW,7.13249112253,7.13249112253,Rutovitz 2025,Rutovitz 2025,,50.0,2024.0,5.0,2024.0,Colombian Technology Catalogue,15. Hydro pumped storage,direct,,Linear interpolation,,,Hydro pumped storage,,CAPEX 2050/2030=0.994910686684318,2030,2049,7.13249112253,Linear interpolation between known datapoints
Pumped hydro storage,2049,Construction&Manufacturing,Direct,job-yr/MW,13.4901433766,13.4901433766,Rutovitz 2025,Rutovitz 2025,,50.0,2024.0,5.0,2024.0,Colombian Technology Catalogue,15. Hydro pumped storage,direct,,Linear interpolation,,,Hydro pumped storage,,Construction + Manufacturing; Rutovitz 2025 total manufacturing factor used without local-share scaling,2030,2049,13.4901433766,Linear interpolation between known datapoints
Pumped hydro storage,2049,Manufacturing,Direct,job-yr/MW,6.35765225407,6.35765225407,Rutovitz 2025,Rutovitz 2025,,50.0,2024.0,5.0,2024.0,Colombian Technology Catalogue,15. Hydro pumped storage,direct,,Linear interpolation,,,Hydro pumped storage,,CAPEX 2050/2030=0.994910686684318,2030,2049,6.35765225407,Linear interpolation between known datapoints
Pumped hydro storage,2049,O&M,Direct,job/MW,0.0793666666667,0.0793666666667,Rutovitz 2025,Rutovitz 2025,,50.0,2024.0,5.0,2024.0,Colombian Technology Catalogue,15. Hydro pumped storage,direct,,Linear interpolation,,,Hydro pumped storage,,OPEX 2050/2030=0.9916666666666668,2030,2049,0.0793666666667,Linear interpolation between known datapoints
Pumped hydro storage,2050,Construction,Direct,job-yr/MW,7.13066733067,7.13066733067,Rutovitz 2025,Rutovitz 2025,,50.0,2024.0,5.0,2024.0,Colombian Technology Catalogue,15. Hydro pumped storage,direct,,CAPEX/OPEX ratio projection,,,Hydro pumped storage,,CAPEX 2050/2030=0.994910686684318,2030,2050,7.13066733067,Known datapoint
Pumped hydro storage,2050,Construction&Manufacturing,Direct,job-yr/MW,13.4866939207,13.4866939207,Rutovitz 2025,Rutovitz 2025,,50.0,2024.0,5.0,2024.0,Colombian Technology Catalogue,15. Hydro pumped storage,direct,,Derived Construction&Manufacturing,,,Hydro pumped storage,,Construction + Manufacturing; Rutovitz 2025 total manufacturing factor used without local-share scaling,2030,2050,13.4866939207,Known datapoint
Pumped hydro storage,2050,Manufacturing,Direct,job-yr/MW,6.35602659001,6.35602659001,Rutovitz 2025,Rutovitz 2025,,50.0,2024.0,5.0,2024.0,Colombian Technology Catalogue,15. Hydro pumped storage,direct,,CAPEX/OPEX ratio projection,,,Hydro pumped storage,,CAPEX 2050/2030=0.994910686684318,2030,2050,6.35602659001,Known datapoint
Pumped hydro storage,2050,O&M,Direct,job/MW,0.0793333333333,0.0793333333333,Rutovitz 2025,Rutovitz 2025,,50.0,2024.0,5.0,2024.0,Colombian Technology Catalogue,15. Hydro pumped storage,direct,,CAPEX/OPEX ratio projection,,,Hydro pumped storage,,OPEX 2050/2030=0.9916666666666668,2030,2050,0.0793333333333,Known datapoint
Pumped hydro storage,2051,Construction,Direct,job-yr/MW,7.13066733067,7.13066733067,Rutovitz 2025,Rutovitz 2025,,50.0,2024.0,5.0,2024.0,Colombian Technology Catalogue,15. Hydro pumped storage,direct,,Linear interpolation,,,Hydro pumped storage,,CAPEX 2050/2030=0.994910686684318,2030,2051,7.13066733067,Linear interpolation to 2050; held constant after 2050
Pumped hydro storage,2051,Construction&Manufacturing,Direct,job-yr/MW,13.4866939207,13.4866939207,Rutovitz 2025,Rutovitz 2025,,50.0,2024.0,5.0,2024.0,Colombian Technology Catalogue,15. Hydro pumped storage,direct,,Linear interpolation,,,Hydro pumped storage,,Construction + Manufacturing; Rutovitz 2025 total manufacturing factor used without local-share scaling,2030,2051,13.4866939207,Linear interpolation to 2050; held constant after 2050
Pumped hydro storage,2051,Manufacturing,Direct,job-yr/MW,6.35602659001,6.35602659001,Rutovitz 2025,Rutovitz 2025,,50.0,2024.0,5.0,2024.0,Colombian Technology Catalogue,15. Hydro pumped storage,direct,,Linear interpolation,,,Hydro pumped storage,,CAPEX 2050/2030=0.994910686684318,2030,2051,6.35602659001,Linear interpolation to 2050; held constant after 2050
Pumped hydro storage,2051,O&M,Direct,job/MW,0.0793333333333,0.0793333333333,Rutovitz 2025,Rutovitz 2025,,50.0,2024.0,5.0,2024.0,Colombian Technology Catalogue,15. Hydro pumped storage,direct,,Linear interpolation,,,Hydro pumped storage,,OPEX 2050/2030=0.9916666666666668,2030,2051,0.0793333333333,Linear interpolation to 2050; held constant after 2050
Pumped hydro storage,2052,Construction,Direct,job-yr/MW,7.13066733067,7.13066733067,Rutovitz 2025,Rutovitz 2025,,50.0,2024.0,5.0,2024.0,Colombian Technology Catalogue,15. Hydro pumped storage,direct,,Linear interpolation,,,Hydro pumped storage,,CAPEX 2050/2030=0.994910686684318,2030,2052,7.13066733067,Linear interpolation to 2050; held constant after 2050
Pumped hydro storage,2052,Construction&Manufacturing,Direct,job-yr/MW,13.4866939207,13.4866939207,Rutovitz 2025,Rutovitz 2025,,50.0,2024.0,5.0,2024.0,Colombian Technology Catalogue,15. Hydro pumped storage,direct,,Linear interpolation,,,Hydro pumped storage,,Construction + Manufacturing; Rutovitz 2025 total manufacturing factor used without local-share scaling,2030,2052,13.4866939207,Linear interpolation to 2050; held constant after 2050
Pumped hydro storage,2052,Manufacturing,Direct,job-yr/MW,6.35602659001,6.35602659001,Rutovitz 2025,Rutovitz 2025,,50.0,2024.0,5.0,2024.0,Colombian Technology Catalogue,15. Hydro pumped storage,direct,,Linear interpolation,,,Hydro pumped storage,,CAPEX 2050/2030=0.994910686684318,2030,2052,6.35602659001,Linear interpolation to 2050; held constant after 2050
Pumped hydro storage,2052,O&M,Direct,job/MW,0.0793333333333,0.0793333333333,Rutovitz 2025,Rutovitz 2025,,50.0,2024.0,5.0,2024.0,Colombian Technology Catalogue,15. Hydro pumped storage,direct,,Linear interpolation,,,Hydro pumped storage,,OPEX 2050/2030=0.9916666666666668,2030,2052,0.0793333333333,Linear interpolation to 2050; held constant after 2050
Pumped hydro storage,2053,Construction,Direct,job-yr/MW,7.13066733067,7.13066733067,Rutovitz 2025,Rutovitz 2025,,50.0,2024.0,5.0,2024.0,Colombian Technology Catalogue,15. Hydro pumped storage,direct,,Linear interpolation,,,Hydro pumped storage,,CAPEX 2050/2030=0.994910686684318,2030,2053,7.13066733067,Linear interpolation to 2050; held constant after 2050
Pumped hydro storage,2053,Construction&Manufacturing,Direct,job-yr/MW,13.4866939207,13.4866939207,Rutovitz 2025,Rutovitz 2025,,50.0,2024.0,5.0,2024.0,Colombian Technology Catalogue,15. Hydro pumped storage,direct,,Linear interpolation,,,Hydro pumped storage,,Construction + Manufacturing; Rutovitz 2025 total manufacturing factor used without local-share scaling,2030,2053,13.4866939207,Linear interpolation to 2050; held constant after 2050
Pumped hydro storage,2053,Manufacturing,Direct,job-yr/MW,6.35602659001,6.35602659001,Rutovitz 2025,Rutovitz 2025,,50.0,2024.0,5.0,2024.0,Colombian Technology Catalogue,15. Hydro pumped storage,direct,,Linear interpolation,,,Hydro pumped storage,,CAPEX 2050/2030=0.994910686684318,2030,2053,6.35602659001,Linear interpolation to 2050; held constant after 2050
Pumped hydro storage,2053,O&M,Direct,job/MW,0.0793333333333,0.0793333333333,Rutovitz 2025,Rutovitz 2025,,50.0,2024.0,5.0,2024.0,Colombian Technology Catalogue,15. Hydro pumped storage,direct,,Linear interpolation,,,Hydro pumped storage,,OPEX 2050/2030=0.9916666666666668,2030,2053,0.0793333333333,Linear interpolation to 2050; held constant after 2050
Pumped hydro storage,2054,Construction,Direct,job-yr/MW,7.13066733067,7.13066733067,Rutovitz 2025,Rutovitz 2025,,50.0,2024.0,5.0,2024.0,Colombian Technology Catalogue,15. Hydro pumped storage,direct,,Linear interpolation,,,Hydro pumped storage,,CAPEX 2050/2030=0.994910686684318,2030,2054,7.13066733067,Linear interpolation to 2050; held constant after 2050
Pumped hydro storage,2054,Construction&Manufacturing,Direct,job-yr/MW,13.4866939207,13.4866939207,Rutovitz 2025,Rutovitz 2025,,50.0,2024.0,5.0,2024.0,Colombian Technology Catalogue,15. Hydro pumped storage,direct,,Linear interpolation,,,Hydro pumped storage,,Construction + Manufacturing; Rutovitz 2025 total manufacturing factor used without local-share scaling,2030,2054,13.4866939207,Linear interpolation to 2050; held constant after 2050
Pumped hydro storage,2054,Manufacturing,Direct,job-yr/MW,6.35602659001,6.35602659001,Rutovitz 2025,Rutovitz 2025,,50.0,2024.0,5.0,2024.0,Colombian Technology Catalogue,15. Hydro pumped storage,direct,,Linear interpolation,,,Hydro pumped storage,,CAPEX 2050/2030=0.994910686684318,2030,2054,6.35602659001,Linear interpolation to 2050; held constant after 2050
Pumped hydro storage,2054,O&M,Direct,job/MW,0.0793333333333,0.0793333333333,Rutovitz 2025,Rutovitz 2025,,50.0,2024.0,5.0,2024.0,Colombian Technology Catalogue,15. Hydro pumped storage,direct,,Linear interpolation,,,Hydro pumped storage,,OPEX 2050/2030=0.9916666666666668,2030,2054,0.0793333333333,Linear interpolation to 2050; held constant after 2050
Pumped hydro storage,2055,Construction,Direct,job-yr/MW,7.13066733067,7.13066733067,Rutovitz 2025,Rutovitz 2025,,50.0,2024.0,5.0,2024.0,Colombian Technology Catalogue,15. Hydro pumped storage,direct,,Linear interpolation,,,Hydro pumped storage,,CAPEX 2050/2030=0.994910686684318,2030,2055,7.13066733067,Linear interpolation to 2050; held constant after 2050
Pumped hydro storage,2055,Construction&Manufacturing,Direct,job-yr/MW,13.4866939207,13.4866939207,Rutovitz 2025,Rutovitz 2025,,50.0,2024.0,5.0,2024.0,Colombian Technology Catalogue,15. Hydro pumped storage,direct,,Linear interpolation,,,Hydro pumped storage,,Construction + Manufacturing; Rutovitz 2025 total manufacturing factor used without local-share scaling,2030,2055,13.4866939207,Linear interpolation to 2050; held constant after 2050
Pumped hydro storage,2055,Manufacturing,Direct,job-yr/MW,6.35602659001,6.35602659001,Rutovitz 2025,Rutovitz 2025,,50.0,2024.0,5.0,2024.0,Colombian Technology Catalogue,15. Hydro pumped storage,direct,,Linear interpolation,,,Hydro pumped storage,,CAPEX 2050/2030=0.994910686684318,2030,2055,6.35602659001,Linear interpolation to 2050; held constant after 2050
Pumped hydro storage,2055,O&M,Direct,job/MW,0.0793333333333,0.0793333333333,Rutovitz 2025,Rutovitz 2025,,50.0,2024.0,5.0,2024.0,Colombian Technology Catalogue,15. Hydro pumped storage,direct,,Linear interpolation,,,Hydro pumped storage,,OPEX 2050/2030=0.9916666666666668,2030,2055,0.0793333333333,Linear interpolation to 2050; held constant after 2050
Rooftop solar PV,2024,Construction&Manufacturing,Direct,job-yr/MW,9.328,9.328,JEDI-US,JEDI-US,,27.0,2024.0,0.1,2024.0,Colombian Technology Catalogue,2.a. Residential PV (rooftop),direct,,Original,,,,,,2024,2024,9.328,Known datapoint
Rooftop solar PV,2024,Construction&Manufacturing,Indirect,job-yr/MW,10.8,10.8,JEDI-US,JEDI-US,,27.0,2024.0,0.1,2024.0,Colombian Technology Catalogue,2.a. Residential PV (rooftop),direct,,Original,,,,,,2024,2024,10.8,Known datapoint
Rooftop solar PV,2024,Construction&Manufacturing,Induced,job-yr/MW,10.0,10.0,JEDI-US,JEDI-US,,27.0,2024.0,0.1,2024.0,Colombian Technology Catalogue,2.a. Residential PV (rooftop),direct,,Original,,,,,,2024,2024,10.0,Known datapoint
Rooftop solar PV,2024,O&M,Direct,job/MW,0.3,0.3,JEDI-US,JEDI-US,,27.0,2024.0,0.1,2024.0,Colombian Technology Catalogue,2.a. Residential PV (rooftop),direct,,Original,,,,,,2024,2024,0.3,Known datapoint
Rooftop solar PV,2024,O&M,Indirect,job/MW,0.105,0.105,JEDI-US,JEDI-US,,27.0,2024.0,0.1,2024.0,Colombian Technology Catalogue,2.a. Residential PV (rooftop),direct,,Original,,,,,,2024,2024,0.105,Known datapoint
Rooftop solar PV,2024,O&M,Induced,job/MW,0.101,0.101,JEDI-US,JEDI-US,,27.0,2024.0,0.1,2024.0,Colombian Technology Catalogue,2.a. Residential PV (rooftop),direct,,Original,,,,,,2024,2024,0.101,Known datapoint
Rooftop solar PV,2025,Construction&Manufacturing,Direct,job-yr/MW,8.84570334605,8.84570334605,JEDI-US,JEDI-US,,27.0,2024.0,0.1,2024.0,Colombian Technology Catalogue,2.a. Residential PV (rooftop),direct,,Linear interpolation,,,Residential PV (rooftop),,CAPEX 2050/2030=0.6714972458666703,2030,2025,8.84570334605,Linear interpolation between known datapoints
Rooftop solar PV,2025,Construction&Manufacturing,Indirect,job-yr/MW,10.2415947832,10.2415947832,JEDI-US,JEDI-US,,27.0,2024.0,0.1,2024.0,Colombian Technology Catalogue,2.a. Residential PV (rooftop),direct,,Linear interpolation,,,Residential PV (rooftop),,CAPEX 2050/2030=0.6714972458666703,2030,2025,10.2415947832,Linear interpolation between known datapoints
Rooftop solar PV,2025,Construction&Manufacturing,Induced,job-yr/MW,9.48295813256,9.48295813256,JEDI-US,JEDI-US,,27.0,2024.0,0.1,2024.0,Colombian Technology Catalogue,2.a. Residential PV (rooftop),direct,,Linear interpolation,,,Residential PV (rooftop),,CAPEX 2050/2030=0.6714972458666703,2030,2025,9.48295813256,Linear interpolation between known datapoints
Rooftop solar PV,2025,O&M,Direct,job/MW,0.292941176471,0.292941176471,JEDI-US,JEDI-US,,27.0,2024.0,0.1,2024.0,Colombian Technology Catalogue,2.a. Residential PV (rooftop),direct,,Linear interpolation,,,Residential PV (rooftop),,OPEX 2050/2030=0.8424657534246576,2030,2025,0.292941176471,Linear interpolation between known datapoints
Rooftop solar PV,2025,O&M,Indirect,job/MW,0.102529411765,0.102529411765,JEDI-US,JEDI-US,,27.0,2024.0,0.1,2024.0,Colombian Technology Catalogue,2.a. Residential PV (rooftop),direct,,Linear interpolation,,,Residential PV (rooftop),,OPEX 2050/2030=0.8424657534246576,2030,2025,0.102529411765,Linear interpolation between known datapoints
Rooftop solar PV,2025,O&M,Induced,job/MW,0.0986235294118,0.0986235294118,JEDI-US,JEDI-US,,27.0,2024.0,0.1,2024.0,Colombian Technology Catalogue,2.a. Residential PV (rooftop),direct,,Linear interpolation,,,Residential PV (rooftop),,OPEX 2050/2030=0.8424657534246576,2030,2025,0.0986235294118,Linear interpolation between known datapoints
Rooftop solar PV,2026,Construction&Manufacturing,Direct,job-yr/MW,8.3634066921,8.3634066921,JEDI-US,JEDI-US,,27.0,2024.0,0.1,2024.0,Colombian Technology Catalogue,2.a. Residential PV (rooftop),direct,,Linear interpolation,,,Residential PV (rooftop),,CAPEX 2050/2030=0.6714972458666703,2030,2026,8.3634066921,Linear interpolation between known datapoints
Rooftop solar PV,2026,Construction&Manufacturing,Indirect,job-yr/MW,9.68318956633,9.68318956633,JEDI-US,JEDI-US,,27.0,2024.0,0.1,2024.0,Colombian Technology Catalogue,2.a. Residential PV (rooftop),direct,,Linear interpolation,,,Residential PV (rooftop),,CAPEX 2050/2030=0.6714972458666703,2030,2026,9.68318956633,Linear interpolation between known datapoints
Rooftop solar PV,2026,Construction&Manufacturing,Induced,job-yr/MW,8.96591626512,8.96591626512,JEDI-US,JEDI-US,,27.0,2024.0,0.1,2024.0,Colombian Technology Catalogue,2.a. Residential PV (rooftop),direct,,Linear interpolation,,,Residential PV (rooftop),,CAPEX 2050/2030=0.6714972458666703,2030,2026,8.96591626512,Linear interpolation between known datapoints
Rooftop solar PV,2026,O&M,Direct,job/MW,0.285882352941,0.285882352941,JEDI-US,JEDI-US,,27.0,2024.0,0.1,2024.0,Colombian Technology Catalogue,2.a. Residential PV (rooftop),direct,,Linear interpolation,,,Residential PV (rooftop),,OPEX 2050/2030=0.8424657534246576,2030,2026,0.285882352941,Linear interpolation between known datapoints
Rooftop solar PV,2026,O&M,Indirect,job/MW,0.100058823529,0.100058823529,JEDI-US,JEDI-US,,27.0,2024.0,0.1,2024.0,Colombian Technology Catalogue,2.a. Residential PV (rooftop),direct,,Linear interpolation,,,Residential PV (rooftop),,OPEX 2050/2030=0.8424657534246576,2030,2026,0.100058823529,Linear interpolation between known datapoints
Rooftop solar PV,2026,O&M,Induced,job/MW,0.0962470588235,0.0962470588235,JEDI-US,JEDI-US,,27.0,2024.0,0.1,2024.0,Colombian Technology Catalogue,2.a. Residential PV (rooftop),direct,,Linear interpolation,,,Residential PV (rooftop),,OPEX 2050/2030=0.8424657534246576,2030,2026,0.0962470588235,Linear interpolation between known datapoints
Rooftop solar PV,2027,Construction&Manufacturing,Direct,job-yr/MW,7.88111003816,7.88111003816,JEDI-US,JEDI-US,,27.0,2024.0,0.1,2024.0,Colombian Technology Catalogue,2.a. Residential PV (rooftop),direct,,Linear interpolation,,,Residential PV (rooftop),,CAPEX 2050/2030=0.6714972458666703,2030,2027,7.88111003816,Linear interpolation between known datapoints
Rooftop solar PV,2027,Construction&Manufacturing,Indirect,job-yr/MW,9.1247843495,9.1247843495,JEDI-US,JEDI-US,,27.0,2024.0,0.1,2024.0,Colombian Technology Catalogue,2.a. Residential PV (rooftop),direct,,Linear interpolation,,,Residential PV (rooftop),,CAPEX 2050/2030=0.6714972458666703,2030,2027,9.1247843495,Linear interpolation between known datapoints
Rooftop solar PV,2027,Construction&Manufacturing,Induced,job-yr/MW,8.44887439768,8.44887439768,JEDI-US,JEDI-US,,27.0,2024.0,0.1,2024.0,Colombian Technology Catalogue,2.a. Residential PV (rooftop),direct,,Linear interpolation,,,Residential PV (rooftop),,CAPEX 2050/2030=0.6714972458666703,2030,2027,8.44887439768,Linear interpolation between known datapoints
Rooftop solar PV,2027,O&M,Direct,job/MW,0.278823529412,0.278823529412,JEDI-US,JEDI-US,,27.0,2024.0,0.1,2024.0,Colombian Technology Catalogue,2.a. Residential PV (rooftop),direct,,Linear interpolation,,,Residential PV (rooftop),,OPEX 2050/2030=0.8424657534246576,2030,2027,0.278823529412,Linear interpolation between known datapoints
Rooftop solar PV,2027,O&M,Indirect,job/MW,0.0975882352941,0.0975882352941,JEDI-US,JEDI-US,,27.0,2024.0,0.1,2024.0,Colombian Technology Catalogue,2.a. Residential PV (rooftop),direct,,Linear interpolation,,,Residential PV (rooftop),,OPEX 2050/2030=0.8424657534246576,2030,2027,0.0975882352941,Linear interpolation between known datapoints
Rooftop solar PV,2027,O&M,Induced,job/MW,0.0938705882353,0.0938705882353,JEDI-US,JEDI-US,,27.0,2024.0,0.1,2024.0,Colombian Technology Catalogue,2.a. Residential PV (rooftop),direct,,Linear interpolation,,,Residential PV (rooftop),,OPEX 2050/2030=0.8424657534246576,2030,2027,0.0938705882353,Linear interpolation between known datapoints
Rooftop solar PV,2028,Construction&Manufacturing,Direct,job-yr/MW,7.39881338421,7.39881338421,JEDI-US,JEDI-US,,27.0,2024.0,0.1,2024.0,Colombian Technology Catalogue,2.a. Residential PV (rooftop),direct,,Linear interpolation,,,Residential PV (rooftop),,CAPEX 2050/2030=0.6714972458666703,2030,2028,7.39881338421,Linear interpolation between known datapoints
Rooftop solar PV,2028,Construction&Manufacturing,Indirect,job-yr/MW,8.56637913266,8.56637913266,JEDI-US,JEDI-US,,27.0,2024.0,0.1,2024.0,Colombian Technology Catalogue,2.a. Residential PV (rooftop),direct,,Linear interpolation,,,Residential PV (rooftop),,CAPEX 2050/2030=0.6714972458666703,2030,2028,8.56637913266,Linear interpolation between known datapoints
Rooftop solar PV,2028,Construction&Manufacturing,Induced,job-yr/MW,7.93183253024,7.93183253024,JEDI-US,JEDI-US,,27.0,2024.0,0.1,2024.0,Colombian Technology Catalogue,2.a. Residential PV (rooftop),direct,,Linear interpolation,,,Residential PV (rooftop),,CAPEX 2050/2030=0.6714972458666703,2030,2028,7.93183253024,Linear interpolation between known datapoints
Rooftop solar PV,2028,O&M,Direct,job/MW,0.271764705882,0.271764705882,JEDI-US,JEDI-US,,27.0,2024.0,0.1,2024.0,Colombian Technology Catalogue,2.a. Residential PV (rooftop),direct,,Linear interpolation,,,Residential PV (rooftop),,OPEX 2050/2030=0.8424657534246576,2030,2028,0.271764705882,Linear interpolation between known datapoints
Rooftop solar PV,2028,O&M,Indirect,job/MW,0.0951176470588,0.0951176470588,JEDI-US,JEDI-US,,27.0,2024.0,0.1,2024.0,Colombian Technology Catalogue,2.a. Residential PV (rooftop),direct,,Linear interpolation,,,Residential PV (rooftop),,OPEX 2050/2030=0.8424657534246576,2030,2028,0.0951176470588,Linear interpolation between known datapoints
Rooftop solar PV,2028,O&M,Induced,job/MW,0.0914941176471,0.0914941176471,JEDI-US,JEDI-US,,27.0,2024.0,0.1,2024.0,Colombian Technology Catalogue,2.a. Residential PV (rooftop),direct,,Linear interpolation,,,Residential PV (rooftop),,OPEX 2050/2030=0.8424657534246576,2030,2028,0.0914941176471,Linear interpolation between known datapoints
Rooftop solar PV,2029,Construction&Manufacturing,Direct,job-yr/MW,6.91651673026,6.91651673026,JEDI-US,JEDI-US,,27.0,2024.0,0.1,2024.0,Colombian Technology Catalogue,2.a. Residential PV (rooftop),direct,,Linear interpolation,,,Residential PV (rooftop),,CAPEX 2050/2030=0.6714972458666703,2030,2029,6.91651673026,Linear interpolation between known datapoints
Rooftop solar PV,2029,Construction&Manufacturing,Indirect,job-yr/MW,8.00797391583,8.00797391583,JEDI-US,JEDI-US,,27.0,2024.0,0.1,2024.0,Colombian Technology Catalogue,2.a. Residential PV (rooftop),direct,,Linear interpolation,,,Residential PV (rooftop),,CAPEX 2050/2030=0.6714972458666703,2030,2029,8.00797391583,Linear interpolation between known datapoints
Rooftop solar PV,2029,Construction&Manufacturing,Induced,job-yr/MW,7.4147906628,7.4147906628,JEDI-US,JEDI-US,,27.0,2024.0,0.1,2024.0,Colombian Technology Catalogue,2.a. Residential PV (rooftop),direct,,Linear interpolation,,,Residential PV (rooftop),,CAPEX 2050/2030=0.6714972458666703,2030,2029,7.4147906628,Linear interpolation between known datapoints
Rooftop solar PV,2029,O&M,Direct,job/MW,0.264705882353,0.264705882353,JEDI-US,JEDI-US,,27.0,2024.0,0.1,2024.0,Colombian Technology Catalogue,2.a. Residential PV (rooftop),direct,,Linear interpolation,,,Residential PV (rooftop),,OPEX 2050/2030=0.8424657534246576,2030,2029,0.264705882353,Linear interpolation between known datapoints
Rooftop solar PV,2029,O&M,Indirect,job/MW,0.0926470588235,0.0926470588235,JEDI-US,JEDI-US,,27.0,2024.0,0.1,2024.0,Colombian Technology Catalogue,2.a. Residential PV (rooftop),direct,,Linear interpolation,,,Residential PV (rooftop),,OPEX 2050/2030=0.8424657534246576,2030,2029,0.0926470588235,Linear interpolation between known datapoints
Rooftop solar PV,2029,O&M,Induced,job/MW,0.0891176470588,0.0891176470588,JEDI-US,JEDI-US,,27.0,2024.0,0.1,2024.0,Colombian Technology Catalogue,2.a. Residential PV (rooftop),direct,,Linear interpolation,,,Residential PV (rooftop),,OPEX 2050/2030=0.8424657534246576,2030,2029,0.0891176470588,Linear interpolation between known datapoints
Rooftop solar PV,2030,Construction&Manufacturing,Direct,job-yr/MW,6.43422007631,6.43422007631,JEDI-US,JEDI-US,,27.0,2024.0,0.1,2024.0,Colombian Technology Catalogue,2.a. Residential PV (rooftop),direct,,CAPEX/OPEX ratio projection,,,Residential PV (rooftop),,CAPEX 2030/2024=0.6897748795362156,2024,2030,6.43422007631,Known datapoint
Rooftop solar PV,2030,Construction&Manufacturing,Indirect,job-yr/MW,7.44956869899,7.44956869899,JEDI-US,JEDI-US,,27.0,2024.0,0.1,2024.0,Colombian Technology Catalogue,2.a. Residential PV (rooftop),direct,,CAPEX/OPEX ratio projection,,,Residential PV (rooftop),,CAPEX 2030/2024=0.6897748795362156,2024,2030,7.44956869899,Known datapoint
Rooftop solar PV,2030,Construction&Manufacturing,Induced,job-yr/MW,6.89774879536,6.89774879536,JEDI-US,JEDI-US,,27.0,2024.0,0.1,2024.0,Colombian Technology Catalogue,2.a. Residential PV (rooftop),direct,,CAPEX/OPEX ratio projection,,,Residential PV (rooftop),,CAPEX 2030/2024=0.6897748795362156,2024,2030,6.89774879536,Known datapoint
Rooftop solar PV,2030,O&M,Direct,job/MW,0.257647058824,0.257647058824,JEDI-US,JEDI-US,,27.0,2024.0,0.1,2024.0,Colombian Technology Catalogue,2.a. Residential PV (rooftop),direct,,CAPEX/OPEX ratio projection,,,Residential PV (rooftop),,OPEX 2030/2024=0.8588235294117647,2024,2030,0.257647058824,Known datapoint
Rooftop solar PV,2030,O&M,Indirect,job/MW,0.0901764705882,0.0901764705882,JEDI-US,JEDI-US,,27.0,2024.0,0.1,2024.0,Colombian Technology Catalogue,2.a. Residential PV (rooftop),direct,,CAPEX/OPEX ratio projection,,,Residential PV (rooftop),,OPEX 2030/2024=0.8588235294117647,2024,2030,0.0901764705882,Known datapoint
Rooftop solar PV,2030,O&M,Induced,job/MW,0.0867411764706,0.0867411764706,JEDI-US,JEDI-US,,27.0,2024.0,0.1,2024.0,Colombian Technology Catalogue,2.a. Residential PV (rooftop),direct,,CAPEX/OPEX ratio projection,,,Residential PV (rooftop),,OPEX 2030/2024=0.8588235294117647,2024,2030,0.0867411764706,Known datapoint
Rooftop solar PV,2031,Construction&Manufacturing,Direct,job-yr/MW,6.32853712553,6.32853712553,JEDI-US,JEDI-US,,27.0,2024.0,0.1,2024.0,Colombian Technology Catalogue,2.a. Residential PV (rooftop),direct,,Linear interpolation,,,Residential PV (rooftop),,CAPEX 2050/2030=0.6714972458666703,2030,2031,6.32853712553,Linear interpolation between known datapoints
Rooftop solar PV,2031,Construction&Manufacturing,Indirect,job-yr/MW,7.32720850725,7.32720850725,JEDI-US,JEDI-US,,27.0,2024.0,0.1,2024.0,Colombian Technology Catalogue,2.a. Residential PV (rooftop),direct,,Linear interpolation,,,Residential PV (rooftop),,CAPEX 2050/2030=0.6714972458666703,2030,2031,7.32720850725,Linear interpolation between known datapoints
Rooftop solar PV,2031,Construction&Manufacturing,Induced,job-yr/MW,6.78445232153,6.78445232153,JEDI-US,JEDI-US,,27.0,2024.0,0.1,2024.0,Colombian Technology Catalogue,2.a. Residential PV (rooftop),direct,,Linear interpolation,,,Residential PV (rooftop),,CAPEX 2050/2030=0.6714972458666703,2030,2031,6.78445232153,Linear interpolation between known datapoints
Rooftop solar PV,2031,O&M,Direct,job/MW,0.255617647059,0.255617647059,JEDI-US,JEDI-US,,27.0,2024.0,0.1,2024.0,Colombian Technology Catalogue,2.a. Residential PV (rooftop),direct,,Linear interpolation,,,Residential PV (rooftop),,OPEX 2050/2030=0.8424657534246576,2030,2031,0.255617647059,Linear interpolation between known datapoints
Rooftop solar PV,2031,O&M,Indirect,job/MW,0.0894661764706,0.0894661764706,JEDI-US,JEDI-US,,27.0,2024.0,0.1,2024.0,Colombian Technology Catalogue,2.a. Residential PV (rooftop),direct,,Linear interpolation,,,Residential PV (rooftop),,OPEX 2050/2030=0.8424657534246576,2030,2031,0.0894661764706,Linear interpolation between known datapoints
Rooftop solar PV,2031,O&M,Induced,job/MW,0.0860579411765,0.0860579411765,JEDI-US,JEDI-US,,27.0,2024.0,0.1,2024.0,Colombian Technology Catalogue,2.a. Residential PV (rooftop),direct,,Linear interpolation,,,Residential PV (rooftop),,OPEX 2050/2030=0.8424657534246576,2030,2031,0.0860579411765,Linear interpolation between known datapoints
Rooftop solar PV,2032,Construction&Manufacturing,Direct,job-yr/MW,6.22285417474,6.22285417474,JEDI-US,JEDI-US,,27.0,2024.0,0.1,2024.0,Colombian Technology Catalogue,2.a. Residential PV (rooftop),direct,,Linear interpolation,,,Residential PV (rooftop),,CAPEX 2050/2030=0.6714972458666703,2030,2032,6.22285417474,Linear interpolation between known datapoints
Rooftop solar PV,2032,Construction&Manufacturing,Indirect,job-yr/MW,7.20484831552,7.20484831552,JEDI-US,JEDI-US,,27.0,2024.0,0.1,2024.0,Colombian Technology Catalogue,2.a. Residential PV (rooftop),direct,,Linear interpolation,,,Residential PV (rooftop),,CAPEX 2050/2030=0.6714972458666703,2030,2032,7.20484831552,Linear interpolation between known datapoints
Rooftop solar PV,2032,Construction&Manufacturing,Induced,job-yr/MW,6.6711558477,6.6711558477,JEDI-US,JEDI-US,,27.0,2024.0,0.1,2024.0,Colombian Technology Catalogue,2.a. Residential PV (rooftop),direct,,Linear interpolation,,,Residential PV (rooftop),,CAPEX 2050/2030=0.6714972458666703,2030,2032,6.6711558477,Linear interpolation between known datapoints
Rooftop solar PV,2032,O&M,Direct,job/MW,0.253588235294,0.253588235294,JEDI-US,JEDI-US,,27.0,2024.0,0.1,2024.0,Colombian Technology Catalogue,2.a. Residential PV (rooftop),direct,,Linear interpolation,,,Residential PV (rooftop),,OPEX 2050/2030=0.8424657534246576,2030,2032,0.253588235294,Linear interpolation between known datapoints
Rooftop solar PV,2032,O&M,Indirect,job/MW,0.0887558823529,0.0887558823529,JEDI-US,JEDI-US,,27.0,2024.0,0.1,2024.0,Colombian Technology Catalogue,2.a. Residential PV (rooftop),direct,,Linear interpolation,,,Residential PV (rooftop),,OPEX 2050/2030=0.8424657534246576,2030,2032,0.0887558823529,Linear interpolation between known datapoints
Rooftop solar PV,2032,O&M,Induced,job/MW,0.0853747058824,0.0853747058824,JEDI-US,JEDI-US,,27.0,2024.0,0.1,2024.0,Colombian Technology Catalogue,2.a. Residential PV (rooftop),direct,,Linear interpolation,,,Residential PV (rooftop),,OPEX 2050/2030=0.8424657534246576,2030,2032,0.0853747058824,Linear interpolation between known datapoints
Rooftop solar PV,2033,Construction&Manufacturing,Direct,job-yr/MW,6.11717122395,6.11717122395,JEDI-US,JEDI-US,,27.0,2024.0,0.1,2024.0,Colombian Technology Catalogue,2.a. Residential PV (rooftop),direct,,Linear interpolation,,,Residential PV (rooftop),,CAPEX 2050/2030=0.6714972458666703,2030,2033,6.11717122395,Linear interpolation between known datapoints
Rooftop solar PV,2033,Construction&Manufacturing,Indirect,job-yr/MW,7.08248812378,7.08248812378,JEDI-US,JEDI-US,,27.0,2024.0,0.1,2024.0,Colombian Technology Catalogue,2.a. Residential PV (rooftop),direct,,Linear interpolation,,,Residential PV (rooftop),,CAPEX 2050/2030=0.6714972458666703,2030,2033,7.08248812378,Linear interpolation between known datapoints
Rooftop solar PV,2033,Construction&Manufacturing,Induced,job-yr/MW,6.55785937387,6.55785937387,JEDI-US,JEDI-US,,27.0,2024.0,0.1,2024.0,Colombian Technology Catalogue,2.a. Residential PV (rooftop),direct,,Linear interpolation,,,Residential PV (rooftop),,CAPEX 2050/2030=0.6714972458666703,2030,2033,6.55785937387,Linear interpolation between known datapoints
Rooftop solar PV,2033,O&M,Direct,job/MW,0.251558823529,0.251558823529,JEDI-US,JEDI-US,,27.0,2024.0,0.1,2024.0,Colombian Technology Catalogue,2.a. Residential PV (rooftop),direct,,Linear interpolation,,,Residential PV (rooftop),,OPEX 2050/2030=0.8424657534246576,2030,2033,0.251558823529,Linear interpolation between known datapoints
Rooftop solar PV,2033,O&M,Indirect,job/MW,0.0880455882353,0.0880455882353,JEDI-US,JEDI-US,,27.0,2024.0,0.1,2024.0,Colombian Technology Catalogue,2.a. Residential PV (rooftop),direct,,Linear interpolation,,,Residential PV (rooftop),,OPEX 2050/2030=0.8424657534246576,2030,2033,0.0880455882353,Linear interpolation between known datapoints
Rooftop solar PV,2033,O&M,Induced,job/MW,0.0846914705882,0.0846914705882,JEDI-US,JEDI-US,,27.0,2024.0,0.1,2024.0,Colombian Technology Catalogue,2.a. Residential PV (rooftop),direct,,Linear interpolation,,,Residential PV (rooftop),,OPEX 2050/2030=0.8424657534246576,2030,2033,0.0846914705882,Linear interpolation between known datapoints
Rooftop solar PV,2034,Construction&Manufacturing,Direct,job-yr/MW,6.01148827316,6.01148827316,JEDI-US,JEDI-US,,27.0,2024.0,0.1,2024.0,Colombian Technology Catalogue,2.a. Residential PV (rooftop),direct,,Linear interpolation,,,Residential PV (rooftop),,CAPEX 2050/2030=0.6714972458666703,2030,2034,6.01148827316,Linear interpolation between known datapoints
Rooftop solar PV,2034,Construction&Manufacturing,Indirect,job-yr/MW,6.96012793205,6.96012793205,JEDI-US,JEDI-US,,27.0,2024.0,0.1,2024.0,Colombian Technology Catalogue,2.a. Residential PV (rooftop),direct,,Linear interpolation,,,Residential PV (rooftop),,CAPEX 2050/2030=0.6714972458666703,2030,2034,6.96012793205,Linear interpolation between known datapoints
Rooftop solar PV,2034,Construction&Manufacturing,Induced,job-yr/MW,6.44456290004,6.44456290004,JEDI-US,JEDI-US,,27.0,2024.0,0.1,2024.0,Colombian Technology Catalogue,2.a. Residential PV (rooftop),direct,,Linear interpolation,,,Residential PV (rooftop),,CAPEX 2050/2030=0.6714972458666703,2030,2034,6.44456290004,Linear interpolation between known datapoints
Rooftop solar PV,2034,O&M,Direct,job/MW,0.249529411765,0.249529411765,JEDI-US,JEDI-US,,27.0,2024.0,0.1,2024.0,Colombian Technology Catalogue,2.a. Residential PV (rooftop),direct,,Linear interpolation,,,Residential PV (rooftop),,OPEX 2050/2030=0.8424657534246576,2030,2034,0.249529411765,Linear interpolation between known datapoints
Rooftop solar PV,2034,O&M,Indirect,job/MW,0.0873352941176,0.0873352941176,JEDI-US,JEDI-US,,27.0,2024.0,0.1,2024.0,Colombian Technology Catalogue,2.a. Residential PV (rooftop),direct,,Linear interpolation,,,Residential PV (rooftop),,OPEX 2050/2030=0.8424657534246576,2030,2034,0.0873352941176,Linear interpolation between known datapoints
Rooftop solar PV,2034,O&M,Induced,job/MW,0.0840082352941,0.0840082352941,JEDI-US,JEDI-US,,27.0,2024.0,0.1,2024.0,Colombian Technology Catalogue,2.a. Residential PV (rooftop),direct,,Linear interpolation,,,Residential PV (rooftop),,OPEX 2050/2030=0.8424657534246576,2030,2034,0.0840082352941,Linear interpolation between known datapoints
Rooftop solar PV,2035,Construction&Manufacturing,Direct,job-yr/MW,5.90580532237,5.90580532237,JEDI-US,JEDI-US,,27.0,2024.0,0.1,2024.0,Colombian Technology Catalogue,2.a. Residential PV (rooftop),direct,,Linear interpolation,,,Residential PV (rooftop),,CAPEX 2050/2030=0.6714972458666703,2030,2035,5.90580532237,Linear interpolation between known datapoints
Rooftop solar PV,2035,Construction&Manufacturing,Indirect,job-yr/MW,6.83776774031,6.83776774031,JEDI-US,JEDI-US,,27.0,2024.0,0.1,2024.0,Colombian Technology Catalogue,2.a. Residential PV (rooftop),direct,,Linear interpolation,,,Residential PV (rooftop),,CAPEX 2050/2030=0.6714972458666703,2030,2035,6.83776774031,Linear interpolation between known datapoints
Rooftop solar PV,2035,Construction&Manufacturing,Induced,job-yr/MW,6.33126642621,6.33126642621,JEDI-US,JEDI-US,,27.0,2024.0,0.1,2024.0,Colombian Technology Catalogue,2.a. Residential PV (rooftop),direct,,Linear interpolation,,,Residential PV (rooftop),,CAPEX 2050/2030=0.6714972458666703,2030,2035,6.33126642621,Linear interpolation between known datapoints
Rooftop solar PV,2035,O&M,Direct,job/MW,0.2475,0.2475,JEDI-US,JEDI-US,,27.0,2024.0,0.1,2024.0,Colombian Technology Catalogue,2.a. Residential PV (rooftop),direct,,Linear interpolation,,,Residential PV (rooftop),,OPEX 2050/2030=0.8424657534246576,2030,2035,0.2475,Linear interpolation between known datapoints
Rooftop solar PV,2035,O&M,Indirect,job/MW,0.086625,0.086625,JEDI-US,JEDI-US,,27.0,2024.0,0.1,2024.0,Colombian Technology Catalogue,2.a. Residential PV (rooftop),direct,,Linear interpolation,,,Residential PV (rooftop),,OPEX 2050/2030=0.8424657534246576,2030,2035,0.086625,Linear interpolation between known datapoints
Rooftop solar PV,2035,O&M,Induced,job/MW,0.083325,0.083325,JEDI-US,JEDI-US,,27.0,2024.0,0.1,2024.0,Colombian Technology Catalogue,2.a. Residential PV (rooftop),direct,,Linear interpolation,,,Residential PV (rooftop),,OPEX 2050/2030=0.8424657534246576,2030,2035,0.083325,Linear interpolation between known datapoints
Rooftop solar PV,2036,Construction&Manufacturing,Direct,job-yr/MW,5.80012237158,5.80012237158,JEDI-US,JEDI-US,,27.0,2024.0,0.1,2024.0,Colombian Technology Catalogue,2.a. Residential PV (rooftop),direct,,Linear interpolation,,,Residential PV (rooftop),,CAPEX 2050/2030=0.6714972458666703,2030,2036,5.80012237158,Linear interpolation between known datapoints
Rooftop solar PV,2036,Construction&Manufacturing,Indirect,job-yr/MW,6.71540754857,6.71540754857,JEDI-US,JEDI-US,,27.0,2024.0,0.1,2024.0,Colombian Technology Catalogue,2.a. Residential PV (rooftop),direct,,Linear interpolation,,,Residential PV (rooftop),,CAPEX 2050/2030=0.6714972458666703,2030,2036,6.71540754857,Linear interpolation between known datapoints
Rooftop solar PV,2036,Construction&Manufacturing,Induced,job-yr/MW,6.21796995238,6.21796995238,JEDI-US,JEDI-US,,27.0,2024.0,0.1,2024.0,Colombian Technology Catalogue,2.a. Residential PV (rooftop),direct,,Linear interpolation,,,Residential PV (rooftop),,CAPEX 2050/2030=0.6714972458666703,2030,2036,6.21796995238,Linear interpolation between known datapoints
Rooftop solar PV,2036,O&M,Direct,job/MW,0.245470588235,0.245470588235,JEDI-US,JEDI-US,,27.0,2024.0,0.1,2024.0,Colombian Technology Catalogue,2.a. Residential PV (rooftop),direct,,Linear interpolation,,,Residential PV (rooftop),,OPEX 2050/2030=0.8424657534246576,2030,2036,0.245470588235,Linear interpolation between known datapoints
Rooftop solar PV,2036,O&M,Indirect,job/MW,0.0859147058824,0.0859147058824,JEDI-US,JEDI-US,,27.0,2024.0,0.1,2024.0,Colombian Technology Catalogue,2.a. Residential PV (rooftop),direct,,Linear interpolation,,,Residential PV (rooftop),,OPEX 2050/2030=0.8424657534246576,2030,2036,0.0859147058824,Linear interpolation between known datapoints
Rooftop solar PV,2036,O&M,Induced,job/MW,0.0826417647059,0.0826417647059,JEDI-US,JEDI-US,,27.0,2024.0,0.1,2024.0,Colombian Technology Catalogue,2.a. Residential PV (rooftop),direct,,Linear interpolation,,,Residential PV (rooftop),,OPEX 2050/2030=0.8424657534246576,2030,2036,0.0826417647059,Linear interpolation between known datapoints
Rooftop solar PV,2037,Construction&Manufacturing,Direct,job-yr/MW,5.69443942079,5.69443942079,JEDI-US,JEDI-US,,27.0,2024.0,0.1,2024.0,Colombian Technology Catalogue,2.a. Residential PV (rooftop),direct,,Linear interpolation,,,Residential PV (rooftop),,CAPEX 2050/2030=0.6714972458666703,2030,2037,5.69443942079,Linear interpolation between known datapoints
Rooftop solar PV,2037,Construction&Manufacturing,Indirect,job-yr/MW,6.59304735684,6.59304735684,JEDI-US,JEDI-US,,27.0,2024.0,0.1,2024.0,Colombian Technology Catalogue,2.a. Residential PV (rooftop),direct,,Linear interpolation,,,Residential PV (rooftop),,CAPEX 2050/2030=0.6714972458666703,2030,2037,6.59304735684,Linear interpolation between known datapoints
Rooftop solar PV,2037,Construction&Manufacturing,Induced,job-yr/MW,6.10467347855,6.10467347855,JEDI-US,JEDI-US,,27.0,2024.0,0.1,2024.0,Colombian Technology Catalogue,2.a. Residential PV (rooftop),direct,,Linear interpolation,,,Residential PV (rooftop),,CAPEX 2050/2030=0.6714972458666703,2030,2037,6.10467347855,Linear interpolation between known datapoints
Rooftop solar PV,2037,O&M,Direct,job/MW,0.243441176471,0.243441176471,JEDI-US,JEDI-US,,27.0,2024.0,0.1,2024.0,Colombian Technology Catalogue,2.a. Residential PV (rooftop),direct,,Linear interpolation,,,Residential PV (rooftop),,OPEX 2050/2030=0.8424657534246576,2030,2037,0.243441176471,Linear interpolation between known datapoints
Rooftop solar PV,2037,O&M,Indirect,job/MW,0.0852044117647,0.0852044117647,JEDI-US,JEDI-US,,27.0,2024.0,0.1,2024.0,Colombian Technology Catalogue,2.a. Residential PV (rooftop),direct,,Linear interpolation,,,Residential PV (rooftop),,OPEX 2050/2030=0.8424657534246576,2030,2037,0.0852044117647,Linear interpolation between known datapoints
Rooftop solar PV,2037,O&M,Induced,job/MW,0.0819585294118,0.0819585294118,JEDI-US,JEDI-US,,27.0,2024.0,0.1,2024.0,Colombian Technology Catalogue,2.a. Residential PV (rooftop),direct,,Linear interpolation,,,Residential PV (rooftop),,OPEX 2050/2030=0.8424657534246576,2030,2037,0.0819585294118,Linear interpolation between known datapoints
Rooftop solar PV,2038,Construction&Manufacturing,Direct,job-yr/MW,5.58875647001,5.58875647001,JEDI-US,JEDI-US,,27.0,2024.0,0.1,2024.0,Colombian Technology Catalogue,2.a. Residential PV (rooftop),direct,,Linear interpolation,,,Residential PV (rooftop),,CAPEX 2050/2030=0.6714972458666703,2030,2038,5.58875647001,Linear interpolation between known datapoints
Rooftop solar PV,2038,Construction&Manufacturing,Indirect,job-yr/MW,6.4706871651,6.4706871651,JEDI-US,JEDI-US,,27.0,2024.0,0.1,2024.0,Colombian Technology Catalogue,2.a. Residential PV (rooftop),direct,,Linear interpolation,,,Residential PV (rooftop),,CAPEX 2050/2030=0.6714972458666703,2030,2038,6.4706871651,Linear interpolation between known datapoints
Rooftop solar PV,2038,Construction&Manufacturing,Induced,job-yr/MW,5.99137700472,5.99137700472,JEDI-US,JEDI-US,,27.0,2024.0,0.1,2024.0,Colombian Technology Catalogue,2.a. Residential PV (rooftop),direct,,Linear interpolation,,,Residential PV (rooftop),,CAPEX 2050/2030=0.6714972458666703,2030,2038,5.99137700472,Linear interpolation between known datapoints
Rooftop solar PV,2038,O&M,Direct,job/MW,0.241411764706,0.241411764706,JEDI-US,JEDI-US,,27.0,2024.0,0.1,2024.0,Colombian Technology Catalogue,2.a. Residential PV (rooftop),direct,,Linear interpolation,,,Residential PV (rooftop),,OPEX 2050/2030=0.8424657534246576,2030,2038,0.241411764706,Linear interpolation between known datapoints
Rooftop solar PV,2038,O&M,Indirect,job/MW,0.0844941176471,0.0844941176471,JEDI-US,JEDI-US,,27.0,2024.0,0.1,2024.0,Colombian Technology Catalogue,2.a. Residential PV (rooftop),direct,,Linear interpolation,,,Residential PV (rooftop),,OPEX 2050/2030=0.8424657534246576,2030,2038,0.0844941176471,Linear interpolation between known datapoints
Rooftop solar PV,2038,O&M,Induced,job/MW,0.0812752941176,0.0812752941176,JEDI-US,JEDI-US,,27.0,2024.0,0.1,2024.0,Colombian Technology Catalogue,2.a. Residential PV (rooftop),direct,,Linear interpolation,,,Residential PV (rooftop),,OPEX 2050/2030=0.8424657534246576,2030,2038,0.0812752941176,Linear interpolation between known datapoints
Rooftop solar PV,2039,Construction&Manufacturing,Direct,job-yr/MW,5.48307351922,5.48307351922,JEDI-US,JEDI-US,,27.0,2024.0,0.1,2024.0,Colombian Technology Catalogue,2.a. Residential PV (rooftop),direct,,Linear interpolation,,,Residential PV (rooftop),,CAPEX 2050/2030=0.6714972458666703,2030,2039,5.48307351922,Linear interpolation between known datapoints
Rooftop solar PV,2039,Construction&Manufacturing,Indirect,job-yr/MW,6.34832697337,6.34832697337,JEDI-US,JEDI-US,,27.0,2024.0,0.1,2024.0,Colombian Technology Catalogue,2.a. Residential PV (rooftop),direct,,Linear interpolation,,,Residential PV (rooftop),,CAPEX 2050/2030=0.6714972458666703,2030,2039,6.34832697337,Linear interpolation between known datapoints
Rooftop solar PV,2039,Construction&Manufacturing,Induced,job-yr/MW,5.87808053089,5.87808053089,JEDI-US,JEDI-US,,27.0,2024.0,0.1,2024.0,Colombian Technology Catalogue,2.a. Residential PV (rooftop),direct,,Linear interpolation,,,Residential PV (rooftop),,CAPEX 2050/2030=0.6714972458666703,2030,2039,5.87808053089,Linear interpolation between known datapoints
Rooftop solar PV,2039,O&M,Direct,job/MW,0.239382352941,0.239382352941,JEDI-US,JEDI-US,,27.0,2024.0,0.1,2024.0,Colombian Technology Catalogue,2.a. Residential PV (rooftop),direct,,Linear interpolation,,,Residential PV (rooftop),,OPEX 2050/2030=0.8424657534246576,2030,2039,0.239382352941,Linear interpolation between known datapoints
Rooftop solar PV,2039,O&M,Indirect,job/MW,0.0837838235294,0.0837838235294,JEDI-US,JEDI-US,,27.0,2024.0,0.1,2024.0,Colombian Technology Catalogue,2.a. Residential PV (rooftop),direct,,Linear interpolation,,,Residential PV (rooftop),,OPEX 2050/2030=0.8424657534246576,2030,2039,0.0837838235294,Linear interpolation between known datapoints
Rooftop solar PV,2039,O&M,Induced,job/MW,0.0805920588235,0.0805920588235,JEDI-US,JEDI-US,,27.0,2024.0,0.1,2024.0,Colombian Technology Catalogue,2.a. Residential PV (rooftop),direct,,Linear interpolation,,,Residential PV (rooftop),,OPEX 2050/2030=0.8424657534246576,2030,2039,0.0805920588235,Linear interpolation between known datapoints
Rooftop solar PV,2040,Construction&Manufacturing,Direct,job-yr/MW,5.37739056843,5.37739056843,JEDI-US,JEDI-US,,27.0,2024.0,0.1,2024.0,Colombian Technology Catalogue,2.a. Residential PV (rooftop),direct,,Linear interpolation,,,Residential PV (rooftop),,CAPEX 2050/2030=0.6714972458666703,2030,2040,5.37739056843,Linear interpolation between known datapoints
Rooftop solar PV,2040,Construction&Manufacturing,Indirect,job-yr/MW,6.22596678163,6.22596678163,JEDI-US,JEDI-US,,27.0,2024.0,0.1,2024.0,Colombian Technology Catalogue,2.a. Residential PV (rooftop),direct,,Linear interpolation,,,Residential PV (rooftop),,CAPEX 2050/2030=0.6714972458666703,2030,2040,6.22596678163,Linear interpolation between known datapoints
Rooftop solar PV,2040,Construction&Manufacturing,Induced,job-yr/MW,5.76478405706,5.76478405706,JEDI-US,JEDI-US,,27.0,2024.0,0.1,2024.0,Colombian Technology Catalogue,2.a. Residential PV (rooftop),direct,,Linear interpolation,,,Residential PV (rooftop),,CAPEX 2050/2030=0.6714972458666703,2030,2040,5.76478405706,Linear interpolation between known datapoints
Rooftop solar PV,2040,O&M,Direct,job/MW,0.237352941176,0.237352941176,JEDI-US,JEDI-US,,27.0,2024.0,0.1,2024.0,Colombian Technology Catalogue,2.a. Residential PV (rooftop),direct,,Linear interpolation,,,Residential PV (rooftop),,OPEX 2050/2030=0.8424657534246576,2030,2040,0.237352941176,Linear interpolation between known datapoints
Rooftop solar PV,2040,O&M,Indirect,job/MW,0.0830735294118,0.0830735294118,JEDI-US,JEDI-US,,27.0,2024.0,0.1,2024.0,Colombian Technology Catalogue,2.a. Residential PV (rooftop),direct,,Linear interpolation,,,Residential PV (rooftop),,OPEX 2050/2030=0.8424657534246576,2030,2040,0.0830735294118,Linear interpolation between known datapoints
Rooftop solar PV,2040,O&M,Induced,job/MW,0.0799088235294,0.0799088235294,JEDI-US,JEDI-US,,27.0,2024.0,0.1,2024.0,Colombian Technology Catalogue,2.a. Residential PV (rooftop),direct,,Linear interpolation,,,Residential PV (rooftop),,OPEX 2050/2030=0.8424657534246576,2030,2040,0.0799088235294,Linear interpolation between known datapoints
Rooftop solar PV,2041,Construction&Manufacturing,Direct,job-yr/MW,5.27170761764,5.27170761764,JEDI-US,JEDI-US,,27.0,2024.0,0.1,2024.0,Colombian Technology Catalogue,2.a. Residential PV (rooftop),direct,,Linear interpolation,,,Residential PV (rooftop),,CAPEX 2050/2030=0.6714972458666703,2030,2041,5.27170761764,Linear interpolation between known datapoints
Rooftop solar PV,2041,Construction&Manufacturing,Indirect,job-yr/MW,6.10360658989,6.10360658989,JEDI-US,JEDI-US,,27.0,2024.0,0.1,2024.0,Colombian Technology Catalogue,2.a. Residential PV (rooftop),direct,,Linear interpolation,,,Residential PV (rooftop),,CAPEX 2050/2030=0.6714972458666703,2030,2041,6.10360658989,Linear interpolation between known datapoints
Rooftop solar PV,2041,Construction&Manufacturing,Induced,job-yr/MW,5.65148758323,5.65148758323,JEDI-US,JEDI-US,,27.0,2024.0,0.1,2024.0,Colombian Technology Catalogue,2.a. Residential PV (rooftop),direct,,Linear interpolation,,,Residential PV (rooftop),,CAPEX 2050/2030=0.6714972458666703,2030,2041,5.65148758323,Linear interpolation between known datapoints
Rooftop solar PV,2041,O&M,Direct,job/MW,0.235323529412,0.235323529412,JEDI-US,JEDI-US,,27.0,2024.0,0.1,2024.0,Colombian Technology Catalogue,2.a. Residential PV (rooftop),direct,,Linear interpolation,,,Residential PV (rooftop),,OPEX 2050/2030=0.8424657534246576,2030,2041,0.235323529412,Linear interpolation between known datapoints
Rooftop solar PV,2041,O&M,Indirect,job/MW,0.0823632352941,0.0823632352941,JEDI-US,JEDI-US,,27.0,2024.0,0.1,2024.0,Colombian Technology Catalogue,2.a. Residential PV (rooftop),direct,,Linear interpolation,,,Residential PV (rooftop),,OPEX 2050/2030=0.8424657534246576,2030,2041,0.0823632352941,Linear interpolation between known datapoints
Rooftop solar PV,2041,O&M,Induced,job/MW,0.0792255882353,0.0792255882353,JEDI-US,JEDI-US,,27.0,2024.0,0.1,2024.0,Colombian Technology Catalogue,2.a. Residential PV (rooftop),direct,,Linear interpolation,,,Residential PV (rooftop),,OPEX 2050/2030=0.8424657534246576,2030,2041,0.0792255882353,Linear interpolation between known datapoints
Rooftop solar PV,2042,Construction&Manufacturing,Direct,job-yr/MW,5.16602466685,5.16602466685,JEDI-US,JEDI-US,,27.0,2024.0,0.1,2024.0,Colombian Technology Catalogue,2.a. Residential PV (rooftop),direct,,Linear interpolation,,,Residential PV (rooftop),,CAPEX 2050/2030=0.6714972458666703,2030,2042,5.16602466685,Linear interpolation between known datapoints
Rooftop solar PV,2042,Construction&Manufacturing,Indirect,job-yr/MW,5.98124639816,5.98124639816,JEDI-US,JEDI-US,,27.0,2024.0,0.1,2024.0,Colombian Technology Catalogue,2.a. Residential PV (rooftop),direct,,Linear interpolation,,,Residential PV (rooftop),,CAPEX 2050/2030=0.6714972458666703,2030,2042,5.98124639816,Linear interpolation between known datapoints
Rooftop solar PV,2042,Construction&Manufacturing,Induced,job-yr/MW,5.5381911094,5.5381911094,JEDI-US,JEDI-US,,27.0,2024.0,0.1,2024.0,Colombian Technology Catalogue,2.a. Residential PV (rooftop),direct,,Linear interpolation,,,Residential PV (rooftop),,CAPEX 2050/2030=0.6714972458666703,2030,2042,5.5381911094,Linear interpolation between known datapoints
Rooftop solar PV,2042,O&M,Direct,job/MW,0.233294117647,0.233294117647,JEDI-US,JEDI-US,,27.0,2024.0,0.1,2024.0,Colombian Technology Catalogue,2.a. Residential PV (rooftop),direct,,Linear interpolation,,,Residential PV (rooftop),,OPEX 2050/2030=0.8424657534246576,2030,2042,0.233294117647,Linear interpolation between known datapoints
Rooftop solar PV,2042,O&M,Indirect,job/MW,0.0816529411765,0.0816529411765,JEDI-US,JEDI-US,,27.0,2024.0,0.1,2024.0,Colombian Technology Catalogue,2.a. Residential PV (rooftop),direct,,Linear interpolation,,,Residential PV (rooftop),,OPEX 2050/2030=0.8424657534246576,2030,2042,0.0816529411765,Linear interpolation between known datapoints
Rooftop solar PV,2042,O&M,Induced,job/MW,0.0785423529412,0.0785423529412,JEDI-US,JEDI-US,,27.0,2024.0,0.1,2024.0,Colombian Technology Catalogue,2.a. Residential PV (rooftop),direct,,Linear interpolation,,,Residential PV (rooftop),,OPEX 2050/2030=0.8424657534246576,2030,2042,0.0785423529412,Linear interpolation between known datapoints
Rooftop solar PV,2043,Construction&Manufacturing,Direct,job-yr/MW,5.06034171606,5.06034171606,JEDI-US,JEDI-US,,27.0,2024.0,0.1,2024.0,Colombian Technology Catalogue,2.a. Residential PV (rooftop),direct,,Linear interpolation,,,Residential PV (rooftop),,CAPEX 2050/2030=0.6714972458666703,2030,2043,5.06034171606,Linear interpolation between known datapoints
Rooftop solar PV,2043,Construction&Manufacturing,Indirect,job-yr/MW,5.85888620642,5.85888620642,JEDI-US,JEDI-US,,27.0,2024.0,0.1,2024.0,Colombian Technology Catalogue,2.a. Residential PV (rooftop),direct,,Linear interpolation,,,Residential PV (rooftop),,CAPEX 2050/2030=0.6714972458666703,2030,2043,5.85888620642,Linear interpolation between known datapoints
Rooftop solar PV,2043,Construction&Manufacturing,Induced,job-yr/MW,5.42489463557,5.42489463557,JEDI-US,JEDI-US,,27.0,2024.0,0.1,2024.0,Colombian Technology Catalogue,2.a. Residential PV (rooftop),direct,,Linear interpolation,,,Residential PV (rooftop),,CAPEX 2050/2030=0.6714972458666703,2030,2043,5.42489463557,Linear interpolation between known datapoints
Rooftop solar PV,2043,O&M,Direct,job/MW,0.231264705882,0.231264705882,JEDI-US,JEDI-US,,27.0,2024.0,0.1,2024.0,Colombian Technology Catalogue,2.a. Residential PV (rooftop),direct,,Linear interpolation,,,Residential PV (rooftop),,OPEX 2050/2030=0.8424657534246576,2030,2043,0.231264705882,Linear interpolation between known datapoints
Rooftop solar PV,2043,O&M,Indirect,job/MW,0.0809426470588,0.0809426470588,JEDI-US,JEDI-US,,27.0,2024.0,0.1,2024.0,Colombian Technology Catalogue,2.a. Residential PV (rooftop),direct,,Linear interpolation,,,Residential PV (rooftop),,OPEX 2050/2030=0.8424657534246576,2030,2043,0.0809426470588,Linear interpolation between known datapoints
Rooftop solar PV,2043,O&M,Induced,job/MW,0.0778591176471,0.0778591176471,JEDI-US,JEDI-US,,27.0,2024.0,0.1,2024.0,Colombian Technology Catalogue,2.a. Residential PV (rooftop),direct,,Linear interpolation,,,Residential PV (rooftop),,OPEX 2050/2030=0.8424657534246576,2030,2043,0.0778591176471,Linear interpolation between known datapoints
Rooftop solar PV,2044,Construction&Manufacturing,Direct,job-yr/MW,4.95465876528,4.95465876528,JEDI-US,JEDI-US,,27.0,2024.0,0.1,2024.0,Colombian Technology Catalogue,2.a. Residential PV (rooftop),direct,,Linear interpolation,,,Residential PV (rooftop),,CAPEX 2050/2030=0.6714972458666703,2030,2044,4.95465876528,Linear interpolation between known datapoints
Rooftop solar PV,2044,Construction&Manufacturing,Indirect,job-yr/MW,5.73652601468,5.73652601468,JEDI-US,JEDI-US,,27.0,2024.0,0.1,2024.0,Colombian Technology Catalogue,2.a. Residential PV (rooftop),direct,,Linear interpolation,,,Residential PV (rooftop),,CAPEX 2050/2030=0.6714972458666703,2030,2044,5.73652601468,Linear interpolation between known datapoints
Rooftop solar PV,2044,Construction&Manufacturing,Induced,job-yr/MW,5.31159816174,5.31159816174,JEDI-US,JEDI-US,,27.0,2024.0,0.1,2024.0,Colombian Technology Catalogue,2.a. Residential PV (rooftop),direct,,Linear interpolation,,,Residential PV (rooftop),,CAPEX 2050/2030=0.6714972458666703,2030,2044,5.31159816174,Linear interpolation between known datapoints
Rooftop solar PV,2044,O&M,Direct,job/MW,0.229235294118,0.229235294118,JEDI-US,JEDI-US,,27.0,2024.0,0.1,2024.0,Colombian Technology Catalogue,2.a. Residential PV (rooftop),direct,,Linear interpolation,,,Residential PV (rooftop),,OPEX 2050/2030=0.8424657534246576,2030,2044,0.229235294118,Linear interpolation between known datapoints
Rooftop solar PV,2044,O&M,Indirect,job/MW,0.0802323529412,0.0802323529412,JEDI-US,JEDI-US,,27.0,2024.0,0.1,2024.0,Colombian Technology Catalogue,2.a. Residential PV (rooftop),direct,,Linear interpolation,,,Residential PV (rooftop),,OPEX 2050/2030=0.8424657534246576,2030,2044,0.0802323529412,Linear interpolation between known datapoints
Rooftop solar PV,2044,O&M,Induced,job/MW,0.0771758823529,0.0771758823529,JEDI-US,JEDI-US,,27.0,2024.0,0.1,2024.0,Colombian Technology Catalogue,2.a. Residential PV (rooftop),direct,,Linear interpolation,,,Residential PV (rooftop),,OPEX 2050/2030=0.8424657534246576,2030,2044,0.0771758823529,Linear interpolation between known datapoints
Rooftop solar PV,2045,Construction&Manufacturing,Direct,job-yr/MW,4.84897581449,4.84897581449,JEDI-US,JEDI-US,,27.0,2024.0,0.1,2024.0,Colombian Technology Catalogue,2.a. Residential PV (rooftop),direct,,Linear interpolation,,,Residential PV (rooftop),,CAPEX 2050/2030=0.6714972458666703,2030,2045,4.84897581449,Linear interpolation between known datapoints
Rooftop solar PV,2045,Construction&Manufacturing,Indirect,job-yr/MW,5.61416582295,5.61416582295,JEDI-US,JEDI-US,,27.0,2024.0,0.1,2024.0,Colombian Technology Catalogue,2.a. Residential PV (rooftop),direct,,Linear interpolation,,,Residential PV (rooftop),,CAPEX 2050/2030=0.6714972458666703,2030,2045,5.61416582295,Linear interpolation between known datapoints
Rooftop solar PV,2045,Construction&Manufacturing,Induced,job-yr/MW,5.19830168791,5.19830168791,JEDI-US,JEDI-US,,27.0,2024.0,0.1,2024.0,Colombian Technology Catalogue,2.a. Residential PV (rooftop),direct,,Linear interpolation,,,Residential PV (rooftop),,CAPEX 2050/2030=0.6714972458666703,2030,2045,5.19830168791,Linear interpolation between known datapoints
Rooftop solar PV,2045,O&M,Direct,job/MW,0.227205882353,0.227205882353,JEDI-US,JEDI-US,,27.0,2024.0,0.1,2024.0,Colombian Technology Catalogue,2.a. Residential PV (rooftop),direct,,Linear interpolation,,,Residential PV (rooftop),,OPEX 2050/2030=0.8424657534246576,2030,2045,0.227205882353,Linear interpolation between known datapoints
Rooftop solar PV,2045,O&M,Indirect,job/MW,0.0795220588235,0.0795220588235,JEDI-US,JEDI-US,,27.0,2024.0,0.1,2024.0,Colombian Technology Catalogue,2.a. Residential PV (rooftop),direct,,Linear interpolation,,,Residential PV (rooftop),,OPEX 2050/2030=0.8424657534246576,2030,2045,0.0795220588235,Linear interpolation between known datapoints
Rooftop solar PV,2045,O&M,Induced,job/MW,0.0764926470588,0.0764926470588,JEDI-US,JEDI-US,,27.0,2024.0,0.1,2024.0,Colombian Technology Catalogue,2.a. Residential PV (rooftop),direct,,Linear interpolation,,,Residential PV (rooftop),,OPEX 2050/2030=0.8424657534246576,2030,2045,0.0764926470588,Linear interpolation between known datapoints
Rooftop solar PV,2046,Construction&Manufacturing,Direct,job-yr/MW,4.7432928637,4.7432928637,JEDI-US,JEDI-US,,27.0,2024.0,0.1,2024.0,Colombian Technology Catalogue,2.a. Residential PV (rooftop),direct,,Linear interpolation,,,Residential PV (rooftop),,CAPEX 2050/2030=0.6714972458666703,2030,2046,4.7432928637,Linear interpolation between known datapoints
Rooftop solar PV,2046,Construction&Manufacturing,Indirect,job-yr/MW,5.49180563121,5.49180563121,JEDI-US,JEDI-US,,27.0,2024.0,0.1,2024.0,Colombian Technology Catalogue,2.a. Residential PV (rooftop),direct,,Linear interpolation,,,Residential PV (rooftop),,CAPEX 2050/2030=0.6714972458666703,2030,2046,5.49180563121,Linear interpolation between known datapoints
Rooftop solar PV,2046,Construction&Manufacturing,Induced,job-yr/MW,5.08500521409,5.08500521409,JEDI-US,JEDI-US,,27.0,2024.0,0.1,2024.0,Colombian Technology Catalogue,2.a. Residential PV (rooftop),direct,,Linear interpolation,,,Residential PV (rooftop),,CAPEX 2050/2030=0.6714972458666703,2030,2046,5.08500521409,Linear interpolation between known datapoints
Rooftop solar PV,2046,O&M,Direct,job/MW,0.225176470588,0.225176470588,JEDI-US,JEDI-US,,27.0,2024.0,0.1,2024.0,Colombian Technology Catalogue,2.a. Residential PV (rooftop),direct,,Linear interpolation,,,Residential PV (rooftop),,OPEX 2050/2030=0.8424657534246576,2030,2046,0.225176470588,Linear interpolation between known datapoints
Rooftop solar PV,2046,O&M,Indirect,job/MW,0.0788117647059,0.0788117647059,JEDI-US,JEDI-US,,27.0,2024.0,0.1,2024.0,Colombian Technology Catalogue,2.a. Residential PV (rooftop),direct,,Linear interpolation,,,Residential PV (rooftop),,OPEX 2050/2030=0.8424657534246576,2030,2046,0.0788117647059,Linear interpolation between known datapoints
Rooftop solar PV,2046,O&M,Induced,job/MW,0.0758094117647,0.0758094117647,JEDI-US,JEDI-US,,27.0,2024.0,0.1,2024.0,Colombian Technology Catalogue,2.a. Residential PV (rooftop),direct,,Linear interpolation,,,Residential PV (rooftop),,OPEX 2050/2030=0.8424657534246576,2030,2046,0.0758094117647,Linear interpolation between known datapoints
Rooftop solar PV,2047,Construction&Manufacturing,Direct,job-yr/MW,4.63760991291,4.63760991291,JEDI-US,JEDI-US,,27.0,2024.0,0.1,2024.0,Colombian Technology Catalogue,2.a. Residential PV (rooftop),direct,,Linear interpolation,,,Residential PV (rooftop),,CAPEX 2050/2030=0.6714972458666703,2030,2047,4.63760991291,Linear interpolation between known datapoints
Rooftop solar PV,2047,Construction&Manufacturing,Indirect,job-yr/MW,5.36944543948,5.36944543948,JEDI-US,JEDI-US,,27.0,2024.0,0.1,2024.0,Colombian Technology Catalogue,2.a. Residential PV (rooftop),direct,,Linear interpolation,,,Residential PV (rooftop),,CAPEX 2050/2030=0.6714972458666703,2030,2047,5.36944543948,Linear interpolation between known datapoints
Rooftop solar PV,2047,Construction&Manufacturing,Induced,job-yr/MW,4.97170874026,4.97170874026,JEDI-US,JEDI-US,,27.0,2024.0,0.1,2024.0,Colombian Technology Catalogue,2.a. Residential PV (rooftop),direct,,Linear interpolation,,,Residential PV (rooftop),,CAPEX 2050/2030=0.6714972458666703,2030,2047,4.97170874026,Linear interpolation between known datapoints
Rooftop solar PV,2047,O&M,Direct,job/MW,0.223147058824,0.223147058824,JEDI-US,JEDI-US,,27.0,2024.0,0.1,2024.0,Colombian Technology Catalogue,2.a. Residential PV (rooftop),direct,,Linear interpolation,,,Residential PV (rooftop),,OPEX 2050/2030=0.8424657534246576,2030,2047,0.223147058824,Linear interpolation between known datapoints
Rooftop solar PV,2047,O&M,Indirect,job/MW,0.0781014705882,0.0781014705882,JEDI-US,JEDI-US,,27.0,2024.0,0.1,2024.0,Colombian Technology Catalogue,2.a. Residential PV (rooftop),direct,,Linear interpolation,,,Residential PV (rooftop),,OPEX 2050/2030=0.8424657534246576,2030,2047,0.0781014705882,Linear interpolation between known datapoints
Rooftop solar PV,2047,O&M,Induced,job/MW,0.0751261764706,0.0751261764706,JEDI-US,JEDI-US,,27.0,2024.0,0.1,2024.0,Colombian Technology Catalogue,2.a. Residential PV (rooftop),direct,,Linear interpolation,,,Residential PV (rooftop),,OPEX 2050/2030=0.8424657534246576,2030,2047,0.0751261764706,Linear interpolation between known datapoints
Rooftop solar PV,2048,Construction&Manufacturing,Direct,job-yr/MW,4.53192696212,4.53192696212,JEDI-US,JEDI-US,,27.0,2024.0,0.1,2024.0,Colombian Technology Catalogue,2.a. Residential PV (rooftop),direct,,Linear interpolation,,,Residential PV (rooftop),,CAPEX 2050/2030=0.6714972458666703,2030,2048,4.53192696212,Linear interpolation between known datapoints
Rooftop solar PV,2048,Construction&Manufacturing,Indirect,job-yr/MW,5.24708524774,5.24708524774,JEDI-US,JEDI-US,,27.0,2024.0,0.1,2024.0,Colombian Technology Catalogue,2.a. Residential PV (rooftop),direct,,Linear interpolation,,,Residential PV (rooftop),,CAPEX 2050/2030=0.6714972458666703,2030,2048,5.24708524774,Linear interpolation between known datapoints
Rooftop solar PV,2048,Construction&Manufacturing,Induced,job-yr/MW,4.85841226643,4.85841226643,JEDI-US,JEDI-US,,27.0,2024.0,0.1,2024.0,Colombian Technology Catalogue,2.a. Residential PV (rooftop),direct,,Linear interpolation,,,Residential PV (rooftop),,CAPEX 2050/2030=0.6714972458666703,2030,2048,4.85841226643,Linear interpolation between known datapoints
Rooftop solar PV,2048,O&M,Direct,job/MW,0.221117647059,0.221117647059,JEDI-US,JEDI-US,,27.0,2024.0,0.1,2024.0,Colombian Technology Catalogue,2.a. Residential PV (rooftop),direct,,Linear interpolation,,,Residential PV (rooftop),,OPEX 2050/2030=0.8424657534246576,2030,2048,0.221117647059,Linear interpolation between known datapoints
Rooftop solar PV,2048,O&M,Indirect,job/MW,0.0773911764706,0.0773911764706,JEDI-US,JEDI-US,,27.0,2024.0,0.1,2024.0,Colombian Technology Catalogue,2.a. Residential PV (rooftop),direct,,Linear interpolation,,,Residential PV (rooftop),,OPEX 2050/2030=0.8424657534246576,2030,2048,0.0773911764706,Linear interpolation between known datapoints
Rooftop solar PV,2048,O&M,Induced,job/MW,0.0744429411765,0.0744429411765,JEDI-US,JEDI-US,,27.0,2024.0,0.1,2024.0,Colombian Technology Catalogue,2.a. Residential PV (rooftop),direct,,Linear interpolation,,,Residential PV (rooftop),,OPEX 2050/2030=0.8424657534246576,2030,2048,0.0744429411765,Linear interpolation between known datapoints
Rooftop solar PV,2049,Construction&Manufacturing,Direct,job-yr/MW,4.42624401133,4.42624401133,JEDI-US,JEDI-US,,27.0,2024.0,0.1,2024.0,Colombian Technology Catalogue,2.a. Residential PV (rooftop),direct,,Linear interpolation,,,Residential PV (rooftop),,CAPEX 2050/2030=0.6714972458666703,2030,2049,4.42624401133,Linear interpolation between known datapoints
Rooftop solar PV,2049,Construction&Manufacturing,Indirect,job-yr/MW,5.124725056,5.124725056,JEDI-US,JEDI-US,,27.0,2024.0,0.1,2024.0,Colombian Technology Catalogue,2.a. Residential PV (rooftop),direct,,Linear interpolation,,,Residential PV (rooftop),,CAPEX 2050/2030=0.6714972458666703,2030,2049,5.124725056,Linear interpolation between known datapoints
Rooftop solar PV,2049,Construction&Manufacturing,Induced,job-yr/MW,4.7451157926,4.7451157926,JEDI-US,JEDI-US,,27.0,2024.0,0.1,2024.0,Colombian Technology Catalogue,2.a. Residential PV (rooftop),direct,,Linear interpolation,,,Residential PV (rooftop),,CAPEX 2050/2030=0.6714972458666703,2030,2049,4.7451157926,Linear interpolation between known datapoints
Rooftop solar PV,2049,O&M,Direct,job/MW,0.219088235294,0.219088235294,JEDI-US,JEDI-US,,27.0,2024.0,0.1,2024.0,Colombian Technology Catalogue,2.a. Residential PV (rooftop),direct,,Linear interpolation,,,Residential PV (rooftop),,OPEX 2050/2030=0.8424657534246576,2030,2049,0.219088235294,Linear interpolation between known datapoints
Rooftop solar PV,2049,O&M,Indirect,job/MW,0.0766808823529,0.0766808823529,JEDI-US,JEDI-US,,27.0,2024.0,0.1,2024.0,Colombian Technology Catalogue,2.a. Residential PV (rooftop),direct,,Linear interpolation,,,Residential PV (rooftop),,OPEX 2050/2030=0.8424657534246576,2030,2049,0.0766808823529,Linear interpolation between known datapoints
Rooftop solar PV,2049,O&M,Induced,job/MW,0.0737597058824,0.0737597058824,JEDI-US,JEDI-US,,27.0,2024.0,0.1,2024.0,Colombian Technology Catalogue,2.a. Residential PV (rooftop),direct,,Linear interpolation,,,Residential PV (rooftop),,OPEX 2050/2030=0.8424657534246576,2030,2049,0.0737597058824,Linear interpolation between known datapoints
Rooftop solar PV,2050,Construction&Manufacturing,Direct,job-yr/MW,4.32056106054,4.32056106054,JEDI-US,JEDI-US,,27.0,2024.0,0.1,2024.0,Colombian Technology Catalogue,2.a. Residential PV (rooftop),direct,,CAPEX/OPEX ratio projection,,,Residential PV (rooftop),,CAPEX 2050/2030=0.6714972458666703,2030,2050,4.32056106054,Known datapoint
Rooftop solar PV,2050,Construction&Manufacturing,Indirect,job-yr/MW,5.00236486427,5.00236486427,JEDI-US,JEDI-US,,27.0,2024.0,0.1,2024.0,Colombian Technology Catalogue,2.a. Residential PV (rooftop),direct,,CAPEX/OPEX ratio projection,,,Residential PV (rooftop),,CAPEX 2050/2030=0.6714972458666703,2030,2050,5.00236486427,Known datapoint
Rooftop solar PV,2050,Construction&Manufacturing,Induced,job-yr/MW,4.63181931877,4.63181931877,JEDI-US,JEDI-US,,27.0,2024.0,0.1,2024.0,Colombian Technology Catalogue,2.a. Residential PV (rooftop),direct,,CAPEX/OPEX ratio projection,,,Residential PV (rooftop),,CAPEX 2050/2030=0.6714972458666703,2030,2050,4.63181931877,Known datapoint
Rooftop solar PV,2050,O&M,Direct,job/MW,0.217058823529,0.217058823529,JEDI-US,JEDI-US,,27.0,2024.0,0.1,2024.0,Colombian Technology Catalogue,2.a. Residential PV (rooftop),direct,,CAPEX/OPEX ratio projection,,,Residential PV (rooftop),,OPEX 2050/2030=0.8424657534246576,2030,2050,0.217058823529,Known datapoint
Rooftop solar PV,2050,O&M,Indirect,job/MW,0.0759705882353,0.0759705882353,JEDI-US,JEDI-US,,27.0,2024.0,0.1,2024.0,Colombian Technology Catalogue,2.a. Residential PV (rooftop),direct,,CAPEX/OPEX ratio projection,,,Residential PV (rooftop),,OPEX 2050/2030=0.8424657534246576,2030,2050,0.0759705882353,Known datapoint
Rooftop solar PV,2050,O&M,Induced,job/MW,0.0730764705882,0.0730764705882,JEDI-US,JEDI-US,,27.0,2024.0,0.1,2024.0,Colombian Technology Catalogue,2.a. Residential PV (rooftop),direct,,CAPEX/OPEX ratio projection,,,Residential PV (rooftop),,OPEX 2050/2030=0.8424657534246576,2030,2050,0.0730764705882,Known datapoint
Rooftop solar PV,2051,Construction&Manufacturing,Direct,job-yr/MW,4.32056106054,4.32056106054,JEDI-US,JEDI-US,,27.0,2024.0,0.1,2024.0,Colombian Technology Catalogue,2.a. Residential PV (rooftop),direct,,Linear interpolation,,,Residential PV (rooftop),,CAPEX 2050/2030=0.6714972458666703,2030,2051,4.32056106054,Linear interpolation to 2050; held constant after 2050
Rooftop solar PV,2051,Construction&Manufacturing,Indirect,job-yr/MW,5.00236486427,5.00236486427,JEDI-US,JEDI-US,,27.0,2024.0,0.1,2024.0,Colombian Technology Catalogue,2.a. Residential PV (rooftop),direct,,Linear interpolation,,,Residential PV (rooftop),,CAPEX 2050/2030=0.6714972458666703,2030,2051,5.00236486427,Linear interpolation to 2050; held constant after 2050
Rooftop solar PV,2051,Construction&Manufacturing,Induced,job-yr/MW,4.63181931877,4.63181931877,JEDI-US,JEDI-US,,27.0,2024.0,0.1,2024.0,Colombian Technology Catalogue,2.a. Residential PV (rooftop),direct,,Linear interpolation,,,Residential PV (rooftop),,CAPEX 2050/2030=0.6714972458666703,2030,2051,4.63181931877,Linear interpolation to 2050; held constant after 2050
Rooftop solar PV,2051,O&M,Direct,job/MW,0.217058823529,0.217058823529,JEDI-US,JEDI-US,,27.0,2024.0,0.1,2024.0,Colombian Technology Catalogue,2.a. Residential PV (rooftop),direct,,Linear interpolation,,,Residential PV (rooftop),,OPEX 2050/2030=0.8424657534246576,2030,2051,0.217058823529,Linear interpolation to 2050; held constant after 2050
Rooftop solar PV,2051,O&M,Indirect,job/MW,0.0759705882353,0.0759705882353,JEDI-US,JEDI-US,,27.0,2024.0,0.1,2024.0,Colombian Technology Catalogue,2.a. Residential PV (rooftop),direct,,Linear interpolation,,,Residential PV (rooftop),,OPEX 2050/2030=0.8424657534246576,2030,2051,0.0759705882353,Linear interpolation to 2050; held constant after 2050
Rooftop solar PV,2051,O&M,Induced,job/MW,0.0730764705882,0.0730764705882,JEDI-US,JEDI-US,,27.0,2024.0,0.1,2024.0,Colombian Technology Catalogue,2.a. Residential PV (rooftop),direct,,Linear interpolation,,,Residential PV (rooftop),,OPEX 2050/2030=0.8424657534246576,2030,2051,0.0730764705882,Linear interpolation to 2050; held constant after 2050
Rooftop solar PV,2052,Construction&Manufacturing,Direct,job-yr/MW,4.32056106054,4.32056106054,JEDI-US,JEDI-US,,27.0,2024.0,0.1,2024.0,Colombian Technology Catalogue,2.a. Residential PV (rooftop),direct,,Linear interpolation,,,Residential PV (rooftop),,CAPEX 2050/2030=0.6714972458666703,2030,2052,4.32056106054,Linear interpolation to 2050; held constant after 2050
Rooftop solar PV,2052,Construction&Manufacturing,Indirect,job-yr/MW,5.00236486427,5.00236486427,JEDI-US,JEDI-US,,27.0,2024.0,0.1,2024.0,Colombian Technology Catalogue,2.a. Residential PV (rooftop),direct,,Linear interpolation,,,Residential PV (rooftop),,CAPEX 2050/2030=0.6714972458666703,2030,2052,5.00236486427,Linear interpolation to 2050; held constant after 2050
Rooftop solar PV,2052,Construction&Manufacturing,Induced,job-yr/MW,4.63181931877,4.63181931877,JEDI-US,JEDI-US,,27.0,2024.0,0.1,2024.0,Colombian Technology Catalogue,2.a. Residential PV (rooftop),direct,,Linear interpolation,,,Residential PV (rooftop),,CAPEX 2050/2030=0.6714972458666703,2030,2052,4.63181931877,Linear interpolation to 2050; held constant after 2050
Rooftop solar PV,2052,O&M,Direct,job/MW,0.217058823529,0.217058823529,JEDI-US,JEDI-US,,27.0,2024.0,0.1,2024.0,Colombian Technology Catalogue,2.a. Residential PV (rooftop),direct,,Linear interpolation,,,Residential PV (rooftop),,OPEX 2050/2030=0.8424657534246576,2030,2052,0.217058823529,Linear interpolation to 2050; held constant after 2050
Rooftop solar PV,2052,O&M,Indirect,job/MW,0.0759705882353,0.0759705882353,JEDI-US,JEDI-US,,27.0,2024.0,0.1,2024.0,Colombian Technology Catalogue,2.a. Residential PV (rooftop),direct,,Linear interpolation,,,Residential PV (rooftop),,OPEX 2050/2030=0.8424657534246576,2030,2052,0.0759705882353,Linear interpolation to 2050; held constant after 2050
Rooftop solar PV,2052,O&M,Induced,job/MW,0.0730764705882,0.0730764705882,JEDI-US,JEDI-US,,27.0,2024.0,0.1,2024.0,Colombian Technology Catalogue,2.a. Residential PV (rooftop),direct,,Linear interpolation,,,Residential PV (rooftop),,OPEX 2050/2030=0.8424657534246576,2030,2052,0.0730764705882,Linear interpolation to 2050; held constant after 2050
Rooftop solar PV,2053,Construction&Manufacturing,Direct,job-yr/MW,4.32056106054,4.32056106054,JEDI-US,JEDI-US,,27.0,2024.0,0.1,2024.0,Colombian Technology Catalogue,2.a. Residential PV (rooftop),direct,,Linear interpolation,,,Residential PV (rooftop),,CAPEX 2050/2030=0.6714972458666703,2030,2053,4.32056106054,Linear interpolation to 2050; held constant after 2050
Rooftop solar PV,2053,Construction&Manufacturing,Indirect,job-yr/MW,5.00236486427,5.00236486427,JEDI-US,JEDI-US,,27.0,2024.0,0.1,2024.0,Colombian Technology Catalogue,2.a. Residential PV (rooftop),direct,,Linear interpolation,,,Residential PV (rooftop),,CAPEX 2050/2030=0.6714972458666703,2030,2053,5.00236486427,Linear interpolation to 2050; held constant after 2050
Rooftop solar PV,2053,Construction&Manufacturing,Induced,job-yr/MW,4.63181931877,4.63181931877,JEDI-US,JEDI-US,,27.0,2024.0,0.1,2024.0,Colombian Technology Catalogue,2.a. Residential PV (rooftop),direct,,Linear interpolation,,,Residential PV (rooftop),,CAPEX 2050/2030=0.6714972458666703,2030,2053,4.63181931877,Linear interpolation to 2050; held constant after 2050
Rooftop solar PV,2053,O&M,Direct,job/MW,0.217058823529,0.217058823529,JEDI-US,JEDI-US,,27.0,2024.0,0.1,2024.0,Colombian Technology Catalogue,2.a. Residential PV (rooftop),direct,,Linear interpolation,,,Residential PV (rooftop),,OPEX 2050/2030=0.8424657534246576,2030,2053,0.217058823529,Linear interpolation to 2050; held constant after 2050
Rooftop solar PV,2053,O&M,Indirect,job/MW,0.0759705882353,0.0759705882353,JEDI-US,JEDI-US,,27.0,2024.0,0.1,2024.0,Colombian Technology Catalogue,2.a. Residential PV (rooftop),direct,,Linear interpolation,,,Residential PV (rooftop),,OPEX 2050/2030=0.8424657534246576,2030,2053,0.0759705882353,Linear interpolation to 2050; held constant after 2050
Rooftop solar PV,2053,O&M,Induced,job/MW,0.0730764705882,0.0730764705882,JEDI-US,JEDI-US,,27.0,2024.0,0.1,2024.0,Colombian Technology Catalogue,2.a. Residential PV (rooftop),direct,,Linear interpolation,,,Residential PV (rooftop),,OPEX 2050/2030=0.8424657534246576,2030,2053,0.0730764705882,Linear interpolation to 2050; held constant after 2050
Rooftop solar PV,2054,Construction&Manufacturing,Direct,job-yr/MW,4.32056106054,4.32056106054,JEDI-US,JEDI-US,,27.0,2024.0,0.1,2024.0,Colombian Technology Catalogue,2.a. Residential PV (rooftop),direct,,Linear interpolation,,,Residential PV (rooftop),,CAPEX 2050/2030=0.6714972458666703,2030,2054,4.32056106054,Linear interpolation to 2050; held constant after 2050
Rooftop solar PV,2054,Construction&Manufacturing,Indirect,job-yr/MW,5.00236486427,5.00236486427,JEDI-US,JEDI-US,,27.0,2024.0,0.1,2024.0,Colombian Technology Catalogue,2.a. Residential PV (rooftop),direct,,Linear interpolation,,,Residential PV (rooftop),,CAPEX 2050/2030=0.6714972458666703,2030,2054,5.00236486427,Linear interpolation to 2050; held constant after 2050
Rooftop solar PV,2054,Construction&Manufacturing,Induced,job-yr/MW,4.63181931877,4.63181931877,JEDI-US,JEDI-US,,27.0,2024.0,0.1,2024.0,Colombian Technology Catalogue,2.a. Residential PV (rooftop),direct,,Linear interpolation,,,Residential PV (rooftop),,CAPEX 2050/2030=0.6714972458666703,2030,2054,4.63181931877,Linear interpolation to 2050; held constant after 2050
Rooftop solar PV,2054,O&M,Direct,job/MW,0.217058823529,0.217058823529,JEDI-US,JEDI-US,,27.0,2024.0,0.1,2024.0,Colombian Technology Catalogue,2.a. Residential PV (rooftop),direct,,Linear interpolation,,,Residential PV (rooftop),,OPEX 2050/2030=0.8424657534246576,2030,2054,0.217058823529,Linear interpolation to 2050; held constant after 2050
Rooftop solar PV,2054,O&M,Indirect,job/MW,0.0759705882353,0.0759705882353,JEDI-US,JEDI-US,,27.0,2024.0,0.1,2024.0,Colombian Technology Catalogue,2.a. Residential PV (rooftop),direct,,Linear interpolation,,,Residential PV (rooftop),,OPEX 2050/2030=0.8424657534246576,2030,2054,0.0759705882353,Linear interpolation to 2050; held constant after 2050
Rooftop solar PV,2054,O&M,Induced,job/MW,0.0730764705882,0.0730764705882,JEDI-US,JEDI-US,,27.0,2024.0,0.1,2024.0,Colombian Technology Catalogue,2.a. Residential PV (rooftop),direct,,Linear interpolation,,,Residential PV (rooftop),,OPEX 2050/2030=0.8424657534246576,2030,2054,0.0730764705882,Linear interpolation to 2050; held constant after 2050
Rooftop solar PV,2055,Construction&Manufacturing,Direct,job-yr/MW,4.32056106054,4.32056106054,JEDI-US,JEDI-US,,27.0,2024.0,0.1,2024.0,Colombian Technology Catalogue,2.a. Residential PV (rooftop),direct,,Linear interpolation,,,Residential PV (rooftop),,CAPEX 2050/2030=0.6714972458666703,2030,2055,4.32056106054,Linear interpolation to 2050; held constant after 2050
Rooftop solar PV,2055,Construction&Manufacturing,Indirect,job-yr/MW,5.00236486427,5.00236486427,JEDI-US,JEDI-US,,27.0,2024.0,0.1,2024.0,Colombian Technology Catalogue,2.a. Residential PV (rooftop),direct,,Linear interpolation,,,Residential PV (rooftop),,CAPEX 2050/2030=0.6714972458666703,2030,2055,5.00236486427,Linear interpolation to 2050; held constant after 2050
Rooftop solar PV,2055,Construction&Manufacturing,Induced,job-yr/MW,4.63181931877,4.63181931877,JEDI-US,JEDI-US,,27.0,2024.0,0.1,2024.0,Colombian Technology Catalogue,2.a. Residential PV (rooftop),direct,,Linear interpolation,,,Residential PV (rooftop),,CAPEX 2050/2030=0.6714972458666703,2030,2055,4.63181931877,Linear interpolation to 2050; held constant after 2050
Rooftop solar PV,2055,O&M,Direct,job/MW,0.217058823529,0.217058823529,JEDI-US,JEDI-US,,27.0,2024.0,0.1,2024.0,Colombian Technology Catalogue,2.a. Residential PV (rooftop),direct,,Linear interpolation,,,Residential PV (rooftop),,OPEX 2050/2030=0.8424657534246576,2030,2055,0.217058823529,Linear interpolation to 2050; held constant after 2050
Rooftop solar PV,2055,O&M,Indirect,job/MW,0.0759705882353,0.0759705882353,JEDI-US,JEDI-US,,27.0,2024.0,0.1,2024.0,Colombian Technology Catalogue,2.a. Residential PV (rooftop),direct,,Linear interpolation,,,Residential PV (rooftop),,OPEX 2050/2030=0.8424657534246576,2030,2055,0.0759705882353,Linear interpolation to 2050; held constant after 2050
Rooftop solar PV,2055,O&M,Induced,job/MW,0.0730764705882,0.0730764705882,JEDI-US,JEDI-US,,27.0,2024.0,0.1,2024.0,Colombian Technology Catalogue,2.a. Residential PV (rooftop),direct,,Linear interpolation,,,Residential PV (rooftop),,OPEX 2050/2030=0.8424657534246576,2030,2055,0.0730764705882,Linear interpolation to 2050; held constant after 2050
Solar thermal (CSP),2024,Construction,Direct,job-yr/MW,7.424,7.424,Rutovitz 2015,Rutovitz 2015,,,,2.0,2015.0,Rutovitz 2015 Table 1,,unmapped_constant,No matching catalogue row; construction time from Rutovitz 2015 Table 1.,Linear interpolation,Solar thermal power,,,,No catalogue ratio mapping; value held constant,2030,2024,7.424,Linear interpolation between known datapoints
Solar thermal (CSP),2024,Construction&Manufacturing,Direct,job-yr/MW,9.28,9.28,Rutovitz 2015,Rutovitz 2015,,,,2.0,2015.0,Rutovitz 2015 Table 1,,unmapped_constant,No matching catalogue row; construction time from Rutovitz 2015 Table 1.,Linear interpolation,Solar thermal power,,,,Construction + Manufacturing * 0.5; renewable local manufacturing share from Rutovitz 2015 Table 17,2030,2024,9.28,Linear interpolation between known datapoints
Solar thermal (CSP),2024,Manufacturing,Direct,job-yr/MW,3.712,3.712,Rutovitz 2015,Rutovitz 2015,,,,2.0,2015.0,Rutovitz 2015 Table 1,,unmapped_constant,No matching catalogue row; construction time from Rutovitz 2015 Table 1.,Linear interpolation,Solar thermal power,,,,No catalogue ratio mapping; value held constant,2030,2024,3.712,Linear interpolation between known datapoints
Solar thermal (CSP),2024,O&M,Direct,job/MW,0.5568,0.5568,Rutovitz 2015,Rutovitz 2015,,,,2.0,2015.0,Rutovitz 2015 Table 1,,unmapped_constant,No matching catalogue row; construction time from Rutovitz 2015 Table 1.,Linear interpolation,Solar thermal power,,,,No catalogue ratio mapping; value held constant,2030,2024,0.5568,Linear interpolation between known datapoints
Solar thermal (CSP),2025,Construction,Direct,job-yr/MW,7.36,7.36,Rutovitz 2015,Rutovitz 2015,,,,2.0,2015.0,Rutovitz 2015 Table 1,,unmapped_constant,No matching catalogue row; construction time from Rutovitz 2015 Table 1.,Linear interpolation,Solar thermal power,,,,No catalogue ratio mapping; value held constant,2030,2025,7.36,Linear interpolation between known datapoints
Solar thermal (CSP),2025,Construction&Manufacturing,Direct,job-yr/MW,9.2,9.2,Rutovitz 2015,Rutovitz 2015,,,,2.0,2015.0,Rutovitz 2015 Table 1,,unmapped_constant,No matching catalogue row; construction time from Rutovitz 2015 Table 1.,Linear interpolation,Solar thermal power,,,,Construction + Manufacturing * 0.5; renewable local manufacturing share from Rutovitz 2015 Table 17,2030,2025,9.2,Linear interpolation between known datapoints
Solar thermal (CSP),2025,Manufacturing,Direct,job-yr/MW,3.68,3.68,Rutovitz 2015,Rutovitz 2015,,,,2.0,2015.0,Rutovitz 2015 Table 1,,unmapped_constant,No matching catalogue row; construction time from Rutovitz 2015 Table 1.,Linear interpolation,Solar thermal power,,,,No catalogue ratio mapping; value held constant,2030,2025,3.68,Linear interpolation between known datapoints
Solar thermal (CSP),2025,O&M,Direct,job/MW,0.552,0.552,Rutovitz 2015,Rutovitz 2015,,,,2.0,2015.0,Rutovitz 2015 Table 1,,unmapped_constant,No matching catalogue row; construction time from Rutovitz 2015 Table 1.,Linear interpolation,Solar thermal power,,,,No catalogue ratio mapping; value held constant,2030,2025,0.552,Linear interpolation between known datapoints
Solar thermal (CSP),2026,Construction,Direct,job-yr/MW,7.296,7.296,Rutovitz 2015,Rutovitz 2015,,,,2.0,2015.0,Rutovitz 2015 Table 1,,unmapped_constant,No matching catalogue row; construction time from Rutovitz 2015 Table 1.,Linear interpolation,Solar thermal power,,,,No catalogue ratio mapping; value held constant,2030,2026,7.296,Linear interpolation between known datapoints
Solar thermal (CSP),2026,Construction&Manufacturing,Direct,job-yr/MW,9.12,9.12,Rutovitz 2015,Rutovitz 2015,,,,2.0,2015.0,Rutovitz 2015 Table 1,,unmapped_constant,No matching catalogue row; construction time from Rutovitz 2015 Table 1.,Linear interpolation,Solar thermal power,,,,Construction + Manufacturing * 0.5; renewable local manufacturing share from Rutovitz 2015 Table 17,2030,2026,9.12,Linear interpolation between known datapoints
Solar thermal (CSP),2026,Manufacturing,Direct,job-yr/MW,3.648,3.648,Rutovitz 2015,Rutovitz 2015,,,,2.0,2015.0,Rutovitz 2015 Table 1,,unmapped_constant,No matching catalogue row; construction time from Rutovitz 2015 Table 1.,Linear interpolation,Solar thermal power,,,,No catalogue ratio mapping; value held constant,2030,2026,3.648,Linear interpolation between known datapoints
Solar thermal (CSP),2026,O&M,Direct,job/MW,0.5472,0.5472,Rutovitz 2015,Rutovitz 2015,,,,2.0,2015.0,Rutovitz 2015 Table 1,,unmapped_constant,No matching catalogue row; construction time from Rutovitz 2015 Table 1.,Linear interpolation,Solar thermal power,,,,No catalogue ratio mapping; value held constant,2030,2026,0.5472,Linear interpolation between known datapoints
Solar thermal (CSP),2027,Construction,Direct,job-yr/MW,7.232,7.232,Rutovitz 2015,Rutovitz 2015,,,,2.0,2015.0,Rutovitz 2015 Table 1,,unmapped_constant,No matching catalogue row; construction time from Rutovitz 2015 Table 1.,Linear interpolation,Solar thermal power,,,,No catalogue ratio mapping; value held constant,2030,2027,7.232,Linear interpolation between known datapoints
Solar thermal (CSP),2027,Construction&Manufacturing,Direct,job-yr/MW,9.04,9.04,Rutovitz 2015,Rutovitz 2015,,,,2.0,2015.0,Rutovitz 2015 Table 1,,unmapped_constant,No matching catalogue row; construction time from Rutovitz 2015 Table 1.,Linear interpolation,Solar thermal power,,,,Construction + Manufacturing * 0.5; renewable local manufacturing share from Rutovitz 2015 Table 17,2030,2027,9.04,Linear interpolation between known datapoints
Solar thermal (CSP),2027,Manufacturing,Direct,job-yr/MW,3.616,3.616,Rutovitz 2015,Rutovitz 2015,,,,2.0,2015.0,Rutovitz 2015 Table 1,,unmapped_constant,No matching catalogue row; construction time from Rutovitz 2015 Table 1.,Linear interpolation,Solar thermal power,,,,No catalogue ratio mapping; value held constant,2030,2027,3.616,Linear interpolation between known datapoints
Solar thermal (CSP),2027,O&M,Direct,job/MW,0.5424,0.5424,Rutovitz 2015,Rutovitz 2015,,,,2.0,2015.0,Rutovitz 2015 Table 1,,unmapped_constant,No matching catalogue row; construction time from Rutovitz 2015 Table 1.,Linear interpolation,Solar thermal power,,,,No catalogue ratio mapping; value held constant,2030,2027,0.5424,Linear interpolation between known datapoints
Solar thermal (CSP),2028,Construction,Direct,job-yr/MW,7.168,7.168,Rutovitz 2015,Rutovitz 2015,,,,2.0,2015.0,Rutovitz 2015 Table 1,,unmapped_constant,No matching catalogue row; construction time from Rutovitz 2015 Table 1.,Linear interpolation,Solar thermal power,,,,No catalogue ratio mapping; value held constant,2030,2028,7.168,Linear interpolation between known datapoints
Solar thermal (CSP),2028,Construction&Manufacturing,Direct,job-yr/MW,8.96,8.96,Rutovitz 2015,Rutovitz 2015,,,,2.0,2015.0,Rutovitz 2015 Table 1,,unmapped_constant,No matching catalogue row; construction time from Rutovitz 2015 Table 1.,Linear interpolation,Solar thermal power,,,,Construction + Manufacturing * 0.5; renewable local manufacturing share from Rutovitz 2015 Table 17,2030,2028,8.96,Linear interpolation between known datapoints
Solar thermal (CSP),2028,Manufacturing,Direct,job-yr/MW,3.584,3.584,Rutovitz 2015,Rutovitz 2015,,,,2.0,2015.0,Rutovitz 2015 Table 1,,unmapped_constant,No matching catalogue row; construction time from Rutovitz 2015 Table 1.,Linear interpolation,Solar thermal power,,,,No catalogue ratio mapping; value held constant,2030,2028,3.584,Linear interpolation between known datapoints
Solar thermal (CSP),2028,O&M,Direct,job/MW,0.5376,0.5376,Rutovitz 2015,Rutovitz 2015,,,,2.0,2015.0,Rutovitz 2015 Table 1,,unmapped_constant,No matching catalogue row; construction time from Rutovitz 2015 Table 1.,Linear interpolation,Solar thermal power,,,,No catalogue ratio mapping; value held constant,2030,2028,0.5376,Linear interpolation between known datapoints
Solar thermal (CSP),2029,Construction,Direct,job-yr/MW,7.104,7.104,Rutovitz 2015,Rutovitz 2015,,,,2.0,2015.0,Rutovitz 2015 Table 1,,unmapped_constant,No matching catalogue row; construction time from Rutovitz 2015 Table 1.,Linear interpolation,Solar thermal power,,,,No catalogue ratio mapping; value held constant,2030,2029,7.104,Linear interpolation between known datapoints
Solar thermal (CSP),2029,Construction&Manufacturing,Direct,job-yr/MW,8.88,8.88,Rutovitz 2015,Rutovitz 2015,,,,2.0,2015.0,Rutovitz 2015 Table 1,,unmapped_constant,No matching catalogue row; construction time from Rutovitz 2015 Table 1.,Linear interpolation,Solar thermal power,,,,Construction + Manufacturing * 0.5; renewable local manufacturing share from Rutovitz 2015 Table 17,2030,2029,8.88,Linear interpolation between known datapoints
Solar thermal (CSP),2029,Manufacturing,Direct,job-yr/MW,3.552,3.552,Rutovitz 2015,Rutovitz 2015,,,,2.0,2015.0,Rutovitz 2015 Table 1,,unmapped_constant,No matching catalogue row; construction time from Rutovitz 2015 Table 1.,Linear interpolation,Solar thermal power,,,,No catalogue ratio mapping; value held constant,2030,2029,3.552,Linear interpolation between known datapoints
Solar thermal (CSP),2029,O&M,Direct,job/MW,0.5328,0.5328,Rutovitz 2015,Rutovitz 2015,,,,2.0,2015.0,Rutovitz 2015 Table 1,,unmapped_constant,No matching catalogue row; construction time from Rutovitz 2015 Table 1.,Linear interpolation,Solar thermal power,,,,No catalogue ratio mapping; value held constant,2030,2029,0.5328,Linear interpolation between known datapoints
Solar thermal (CSP),2030,Construction,Direct,job-yr/MW,7.04,7.04,Rutovitz 2015,Rutovitz 2015,,,,2.0,2015.0,Rutovitz 2015 Table 1,,unmapped_constant,No matching catalogue row; construction time from Rutovitz 2015 Table 1.,Rutovitz Table 9 decline to 2030,Solar thermal power,0.88,,,Rutovitz Table 9 Latin America 2030,2015,2030,7.04,Known datapoint
Solar thermal (CSP),2030,Construction&Manufacturing,Direct,job-yr/MW,8.8,8.8,Rutovitz 2015,Rutovitz 2015,,,,2.0,2015.0,Rutovitz 2015 Table 1,,unmapped_constant,No matching catalogue row; construction time from Rutovitz 2015 Table 1.,Derived Construction&Manufacturing,Solar thermal power,0.88,,,Construction + Manufacturing * 0.5; renewable local manufacturing share from Rutovitz 2015 Table 17,2015,2030,8.8,Known datapoint
Solar thermal (CSP),2030,Manufacturing,Direct,job-yr/MW,3.52,3.52,Rutovitz 2015,Rutovitz 2015,,,,2.0,2015.0,Rutovitz 2015 Table 1,,unmapped_constant,No matching catalogue row; construction time from Rutovitz 2015 Table 1.,Rutovitz Table 9 decline to 2030,Solar thermal power,0.88,,,Rutovitz Table 9 Latin America 2030,2015,2030,3.52,Known datapoint
Solar thermal (CSP),2030,O&M,Direct,job/MW,0.528,0.528,Rutovitz 2015,Rutovitz 2015,,,,2.0,2015.0,Rutovitz 2015 Table 1,,unmapped_constant,No matching catalogue row; construction time from Rutovitz 2015 Table 1.,Rutovitz Table 9 decline to 2030,Solar thermal power,0.88,,,Rutovitz Table 9 Latin America 2030,2015,2030,0.528,Known datapoint
Solar thermal (CSP),2031,Construction,Direct,job-yr/MW,7.04,7.04,Rutovitz 2015,Rutovitz 2015,,,,2.0,2015.0,Rutovitz 2015 Table 1,,unmapped_constant,No matching catalogue row; construction time from Rutovitz 2015 Table 1.,Linear interpolation,Solar thermal power,,,,No catalogue ratio mapping; value held constant,2030,2031,7.04,Linear interpolation between known datapoints
Solar thermal (CSP),2031,Construction&Manufacturing,Direct,job-yr/MW,8.8,8.8,Rutovitz 2015,Rutovitz 2015,,,,2.0,2015.0,Rutovitz 2015 Table 1,,unmapped_constant,No matching catalogue row; construction time from Rutovitz 2015 Table 1.,Linear interpolation,Solar thermal power,,,,Construction + Manufacturing * 0.5; renewable local manufacturing share from Rutovitz 2015 Table 17,2030,2031,8.8,Linear interpolation between known datapoints
Solar thermal (CSP),2031,Manufacturing,Direct,job-yr/MW,3.52,3.52,Rutovitz 2015,Rutovitz 2015,,,,2.0,2015.0,Rutovitz 2015 Table 1,,unmapped_constant,No matching catalogue row; construction time from Rutovitz 2015 Table 1.,Linear interpolation,Solar thermal power,,,,No catalogue ratio mapping; value held constant,2030,2031,3.52,Linear interpolation between known datapoints
Solar thermal (CSP),2031,O&M,Direct,job/MW,0.528,0.528,Rutovitz 2015,Rutovitz 2015,,,,2.0,2015.0,Rutovitz 2015 Table 1,,unmapped_constant,No matching catalogue row; construction time from Rutovitz 2015 Table 1.,Linear interpolation,Solar thermal power,,,,No catalogue ratio mapping; value held constant,2030,2031,0.528,Linear interpolation between known datapoints
Solar thermal (CSP),2032,Construction,Direct,job-yr/MW,7.04,7.04,Rutovitz 2015,Rutovitz 2015,,,,2.0,2015.0,Rutovitz 2015 Table 1,,unmapped_constant,No matching catalogue row; construction time from Rutovitz 2015 Table 1.,Linear interpolation,Solar thermal power,,,,No catalogue ratio mapping; value held constant,2030,2032,7.04,Linear interpolation between known datapoints
Solar thermal (CSP),2032,Construction&Manufacturing,Direct,job-yr/MW,8.8,8.8,Rutovitz 2015,Rutovitz 2015,,,,2.0,2015.0,Rutovitz 2015 Table 1,,unmapped_constant,No matching catalogue row; construction time from Rutovitz 2015 Table 1.,Linear interpolation,Solar thermal power,,,,Construction + Manufacturing * 0.5; renewable local manufacturing share from Rutovitz 2015 Table 17,2030,2032,8.8,Linear interpolation between known datapoints
Solar thermal (CSP),2032,Manufacturing,Direct,job-yr/MW,3.52,3.52,Rutovitz 2015,Rutovitz 2015,,,,2.0,2015.0,Rutovitz 2015 Table 1,,unmapped_constant,No matching catalogue row; construction time from Rutovitz 2015 Table 1.,Linear interpolation,Solar thermal power,,,,No catalogue ratio mapping; value held constant,2030,2032,3.52,Linear interpolation between known datapoints
Solar thermal (CSP),2032,O&M,Direct,job/MW,0.528,0.528,Rutovitz 2015,Rutovitz 2015,,,,2.0,2015.0,Rutovitz 2015 Table 1,,unmapped_constant,No matching catalogue row; construction time from Rutovitz 2015 Table 1.,Linear interpolation,Solar thermal power,,,,No catalogue ratio mapping; value held constant,2030,2032,0.528,Linear interpolation between known datapoints
Solar thermal (CSP),2033,Construction,Direct,job-yr/MW,7.04,7.04,Rutovitz 2015,Rutovitz 2015,,,,2.0,2015.0,Rutovitz 2015 Table 1,,unmapped_constant,No matching catalogue row; construction time from Rutovitz 2015 Table 1.,Linear interpolation,Solar thermal power,,,,No catalogue ratio mapping; value held constant,2030,2033,7.04,Linear interpolation between known datapoints
Solar thermal (CSP),2033,Construction&Manufacturing,Direct,job-yr/MW,8.8,8.8,Rutovitz 2015,Rutovitz 2015,,,,2.0,2015.0,Rutovitz 2015 Table 1,,unmapped_constant,No matching catalogue row; construction time from Rutovitz 2015 Table 1.,Linear interpolation,Solar thermal power,,,,Construction + Manufacturing * 0.5; renewable local manufacturing share from Rutovitz 2015 Table 17,2030,2033,8.8,Linear interpolation between known datapoints
Solar thermal (CSP),2033,Manufacturing,Direct,job-yr/MW,3.52,3.52,Rutovitz 2015,Rutovitz 2015,,,,2.0,2015.0,Rutovitz 2015 Table 1,,unmapped_constant,No matching catalogue row; construction time from Rutovitz 2015 Table 1.,Linear interpolation,Solar thermal power,,,,No catalogue ratio mapping; value held constant,2030,2033,3.52,Linear interpolation between known datapoints
Solar thermal (CSP),2033,O&M,Direct,job/MW,0.528,0.528,Rutovitz 2015,Rutovitz 2015,,,,2.0,2015.0,Rutovitz 2015 Table 1,,unmapped_constant,No matching catalogue row; construction time from Rutovitz 2015 Table 1.,Linear interpolation,Solar thermal power,,,,No catalogue ratio mapping; value held constant,2030,2033,0.528,Linear interpolation between known datapoints
Solar thermal (CSP),2034,Construction,Direct,job-yr/MW,7.04,7.04,Rutovitz 2015,Rutovitz 2015,,,,2.0,2015.0,Rutovitz 2015 Table 1,,unmapped_constant,No matching catalogue row; construction time from Rutovitz 2015 Table 1.,Linear interpolation,Solar thermal power,,,,No catalogue ratio mapping; value held constant,2030,2034,7.04,Linear interpolation between known datapoints
Solar thermal (CSP),2034,Construction&Manufacturing,Direct,job-yr/MW,8.8,8.8,Rutovitz 2015,Rutovitz 2015,,,,2.0,2015.0,Rutovitz 2015 Table 1,,unmapped_constant,No matching catalogue row; construction time from Rutovitz 2015 Table 1.,Linear interpolation,Solar thermal power,,,,Construction + Manufacturing * 0.5; renewable local manufacturing share from Rutovitz 2015 Table 17,2030,2034,8.8,Linear interpolation between known datapoints
Solar thermal (CSP),2034,Manufacturing,Direct,job-yr/MW,3.52,3.52,Rutovitz 2015,Rutovitz 2015,,,,2.0,2015.0,Rutovitz 2015 Table 1,,unmapped_constant,No matching catalogue row; construction time from Rutovitz 2015 Table 1.,Linear interpolation,Solar thermal power,,,,No catalogue ratio mapping; value held constant,2030,2034,3.52,Linear interpolation between known datapoints
Solar thermal (CSP),2034,O&M,Direct,job/MW,0.528,0.528,Rutovitz 2015,Rutovitz 2015,,,,2.0,2015.0,Rutovitz 2015 Table 1,,unmapped_constant,No matching catalogue row; construction time from Rutovitz 2015 Table 1.,Linear interpolation,Solar thermal power,,,,No catalogue ratio mapping; value held constant,2030,2034,0.528,Linear interpolation between known datapoints
Solar thermal (CSP),2035,Construction,Direct,job-yr/MW,7.04,7.04,Rutovitz 2015,Rutovitz 2015,,,,2.0,2015.0,Rutovitz 2015 Table 1,,unmapped_constant,No matching catalogue row; construction time from Rutovitz 2015 Table 1.,Linear interpolation,Solar thermal power,,,,No catalogue ratio mapping; value held constant,2030,2035,7.04,Linear interpolation between known datapoints
Solar thermal (CSP),2035,Construction&Manufacturing,Direct,job-yr/MW,8.8,8.8,Rutovitz 2015,Rutovitz 2015,,,,2.0,2015.0,Rutovitz 2015 Table 1,,unmapped_constant,No matching catalogue row; construction time from Rutovitz 2015 Table 1.,Linear interpolation,Solar thermal power,,,,Construction + Manufacturing * 0.5; renewable local manufacturing share from Rutovitz 2015 Table 17,2030,2035,8.8,Linear interpolation between known datapoints
Solar thermal (CSP),2035,Manufacturing,Direct,job-yr/MW,3.52,3.52,Rutovitz 2015,Rutovitz 2015,,,,2.0,2015.0,Rutovitz 2015 Table 1,,unmapped_constant,No matching catalogue row; construction time from Rutovitz 2015 Table 1.,Linear interpolation,Solar thermal power,,,,No catalogue ratio mapping; value held constant,2030,2035,3.52,Linear interpolation between known datapoints
Solar thermal (CSP),2035,O&M,Direct,job/MW,0.528,0.528,Rutovitz 2015,Rutovitz 2015,,,,2.0,2015.0,Rutovitz 2015 Table 1,,unmapped_constant,No matching catalogue row; construction time from Rutovitz 2015 Table 1.,Linear interpolation,Solar thermal power,,,,No catalogue ratio mapping; value held constant,2030,2035,0.528,Linear interpolation between known datapoints
Solar thermal (CSP),2036,Construction,Direct,job-yr/MW,7.04,7.04,Rutovitz 2015,Rutovitz 2015,,,,2.0,2015.0,Rutovitz 2015 Table 1,,unmapped_constant,No matching catalogue row; construction time from Rutovitz 2015 Table 1.,Linear interpolation,Solar thermal power,,,,No catalogue ratio mapping; value held constant,2030,2036,7.04,Linear interpolation between known datapoints
Solar thermal (CSP),2036,Construction&Manufacturing,Direct,job-yr/MW,8.8,8.8,Rutovitz 2015,Rutovitz 2015,,,,2.0,2015.0,Rutovitz 2015 Table 1,,unmapped_constant,No matching catalogue row; construction time from Rutovitz 2015 Table 1.,Linear interpolation,Solar thermal power,,,,Construction + Manufacturing * 0.5; renewable local manufacturing share from Rutovitz 2015 Table 17,2030,2036,8.8,Linear interpolation between known datapoints
Solar thermal (CSP),2036,Manufacturing,Direct,job-yr/MW,3.52,3.52,Rutovitz 2015,Rutovitz 2015,,,,2.0,2015.0,Rutovitz 2015 Table 1,,unmapped_constant,No matching catalogue row; construction time from Rutovitz 2015 Table 1.,Linear interpolation,Solar thermal power,,,,No catalogue ratio mapping; value held constant,2030,2036,3.52,Linear interpolation between known datapoints
Solar thermal (CSP),2036,O&M,Direct,job/MW,0.528,0.528,Rutovitz 2015,Rutovitz 2015,,,,2.0,2015.0,Rutovitz 2015 Table 1,,unmapped_constant,No matching catalogue row; construction time from Rutovitz 2015 Table 1.,Linear interpolation,Solar thermal power,,,,No catalogue ratio mapping; value held constant,2030,2036,0.528,Linear interpolation between known datapoints
Solar thermal (CSP),2037,Construction,Direct,job-yr/MW,7.04,7.04,Rutovitz 2015,Rutovitz 2015,,,,2.0,2015.0,Rutovitz 2015 Table 1,,unmapped_constant,No matching catalogue row; construction time from Rutovitz 2015 Table 1.,Linear interpolation,Solar thermal power,,,,No catalogue ratio mapping; value held constant,2030,2037,7.04,Linear interpolation between known datapoints
Solar thermal (CSP),2037,Construction&Manufacturing,Direct,job-yr/MW,8.8,8.8,Rutovitz 2015,Rutovitz 2015,,,,2.0,2015.0,Rutovitz 2015 Table 1,,unmapped_constant,No matching catalogue row; construction time from Rutovitz 2015 Table 1.,Linear interpolation,Solar thermal power,,,,Construction + Manufacturing * 0.5; renewable local manufacturing share from Rutovitz 2015 Table 17,2030,2037,8.8,Linear interpolation between known datapoints
Solar thermal (CSP),2037,Manufacturing,Direct,job-yr/MW,3.52,3.52,Rutovitz 2015,Rutovitz 2015,,,,2.0,2015.0,Rutovitz 2015 Table 1,,unmapped_constant,No matching catalogue row; construction time from Rutovitz 2015 Table 1.,Linear interpolation,Solar thermal power,,,,No catalogue ratio mapping; value held constant,2030,2037,3.52,Linear interpolation between known datapoints
Solar thermal (CSP),2037,O&M,Direct,job/MW,0.528,0.528,Rutovitz 2015,Rutovitz 2015,,,,2.0,2015.0,Rutovitz 2015 Table 1,,unmapped_constant,No matching catalogue row; construction time from Rutovitz 2015 Table 1.,Linear interpolation,Solar thermal power,,,,No catalogue ratio mapping; value held constant,2030,2037,0.528,Linear interpolation between known datapoints
Solar thermal (CSP),2038,Construction,Direct,job-yr/MW,7.04,7.04,Rutovitz 2015,Rutovitz 2015,,,,2.0,2015.0,Rutovitz 2015 Table 1,,unmapped_constant,No matching catalogue row; construction time from Rutovitz 2015 Table 1.,Linear interpolation,Solar thermal power,,,,No catalogue ratio mapping; value held constant,2030,2038,7.04,Linear interpolation between known datapoints
Solar thermal (CSP),2038,Construction&Manufacturing,Direct,job-yr/MW,8.8,8.8,Rutovitz 2015,Rutovitz 2015,,,,2.0,2015.0,Rutovitz 2015 Table 1,,unmapped_constant,No matching catalogue row; construction time from Rutovitz 2015 Table 1.,Linear interpolation,Solar thermal power,,,,Construction + Manufacturing * 0.5; renewable local manufacturing share from Rutovitz 2015 Table 17,2030,2038,8.8,Linear interpolation between known datapoints
Solar thermal (CSP),2038,Manufacturing,Direct,job-yr/MW,3.52,3.52,Rutovitz 2015,Rutovitz 2015,,,,2.0,2015.0,Rutovitz 2015 Table 1,,unmapped_constant,No matching catalogue row; construction time from Rutovitz 2015 Table 1.,Linear interpolation,Solar thermal power,,,,No catalogue ratio mapping; value held constant,2030,2038,3.52,Linear interpolation between known datapoints
Solar thermal (CSP),2038,O&M,Direct,job/MW,0.528,0.528,Rutovitz 2015,Rutovitz 2015,,,,2.0,2015.0,Rutovitz 2015 Table 1,,unmapped_constant,No matching catalogue row; construction time from Rutovitz 2015 Table 1.,Linear interpolation,Solar thermal power,,,,No catalogue ratio mapping; value held constant,2030,2038,0.528,Linear interpolation between known datapoints
Solar thermal (CSP),2039,Construction,Direct,job-yr/MW,7.04,7.04,Rutovitz 2015,Rutovitz 2015,,,,2.0,2015.0,Rutovitz 2015 Table 1,,unmapped_constant,No matching catalogue row; construction time from Rutovitz 2015 Table 1.,Linear interpolation,Solar thermal power,,,,No catalogue ratio mapping; value held constant,2030,2039,7.04,Linear interpolation between known datapoints
Solar thermal (CSP),2039,Construction&Manufacturing,Direct,job-yr/MW,8.8,8.8,Rutovitz 2015,Rutovitz 2015,,,,2.0,2015.0,Rutovitz 2015 Table 1,,unmapped_constant,No matching catalogue row; construction time from Rutovitz 2015 Table 1.,Linear interpolation,Solar thermal power,,,,Construction + Manufacturing * 0.5; renewable local manufacturing share from Rutovitz 2015 Table 17,2030,2039,8.8,Linear interpolation between known datapoints
Solar thermal (CSP),2039,Manufacturing,Direct,job-yr/MW,3.52,3.52,Rutovitz 2015,Rutovitz 2015,,,,2.0,2015.0,Rutovitz 2015 Table 1,,unmapped_constant,No matching catalogue row; construction time from Rutovitz 2015 Table 1.,Linear interpolation,Solar thermal power,,,,No catalogue ratio mapping; value held constant,2030,2039,3.52,Linear interpolation between known datapoints
Solar thermal (CSP),2039,O&M,Direct,job/MW,0.528,0.528,Rutovitz 2015,Rutovitz 2015,,,,2.0,2015.0,Rutovitz 2015 Table 1,,unmapped_constant,No matching catalogue row; construction time from Rutovitz 2015 Table 1.,Linear interpolation,Solar thermal power,,,,No catalogue ratio mapping; value held constant,2030,2039,0.528,Linear interpolation between known datapoints
Solar thermal (CSP),2040,Construction,Direct,job-yr/MW,7.04,7.04,Rutovitz 2015,Rutovitz 2015,,,,2.0,2015.0,Rutovitz 2015 Table 1,,unmapped_constant,No matching catalogue row; construction time from Rutovitz 2015 Table 1.,Linear interpolation,Solar thermal power,,,,No catalogue ratio mapping; value held constant,2030,2040,7.04,Linear interpolation between known datapoints
Solar thermal (CSP),2040,Construction&Manufacturing,Direct,job-yr/MW,8.8,8.8,Rutovitz 2015,Rutovitz 2015,,,,2.0,2015.0,Rutovitz 2015 Table 1,,unmapped_constant,No matching catalogue row; construction time from Rutovitz 2015 Table 1.,Linear interpolation,Solar thermal power,,,,Construction + Manufacturing * 0.5; renewable local manufacturing share from Rutovitz 2015 Table 17,2030,2040,8.8,Linear interpolation between known datapoints
Solar thermal (CSP),2040,Manufacturing,Direct,job-yr/MW,3.52,3.52,Rutovitz 2015,Rutovitz 2015,,,,2.0,2015.0,Rutovitz 2015 Table 1,,unmapped_constant,No matching catalogue row; construction time from Rutovitz 2015 Table 1.,Linear interpolation,Solar thermal power,,,,No catalogue ratio mapping; value held constant,2030,2040,3.52,Linear interpolation between known datapoints
Solar thermal (CSP),2040,O&M,Direct,job/MW,0.528,0.528,Rutovitz 2015,Rutovitz 2015,,,,2.0,2015.0,Rutovitz 2015 Table 1,,unmapped_constant,No matching catalogue row; construction time from Rutovitz 2015 Table 1.,Linear interpolation,Solar thermal power,,,,No catalogue ratio mapping; value held constant,2030,2040,0.528,Linear interpolation between known datapoints
Solar thermal (CSP),2041,Construction,Direct,job-yr/MW,7.04,7.04,Rutovitz 2015,Rutovitz 2015,,,,2.0,2015.0,Rutovitz 2015 Table 1,,unmapped_constant,No matching catalogue row; construction time from Rutovitz 2015 Table 1.,Linear interpolation,Solar thermal power,,,,No catalogue ratio mapping; value held constant,2030,2041,7.04,Linear interpolation between known datapoints
Solar thermal (CSP),2041,Construction&Manufacturing,Direct,job-yr/MW,8.8,8.8,Rutovitz 2015,Rutovitz 2015,,,,2.0,2015.0,Rutovitz 2015 Table 1,,unmapped_constant,No matching catalogue row; construction time from Rutovitz 2015 Table 1.,Linear interpolation,Solar thermal power,,,,Construction + Manufacturing * 0.5; renewable local manufacturing share from Rutovitz 2015 Table 17,2030,2041,8.8,Linear interpolation between known datapoints
Solar thermal (CSP),2041,Manufacturing,Direct,job-yr/MW,3.52,3.52,Rutovitz 2015,Rutovitz 2015,,,,2.0,2015.0,Rutovitz 2015 Table 1,,unmapped_constant,No matching catalogue row; construction time from Rutovitz 2015 Table 1.,Linear interpolation,Solar thermal power,,,,No catalogue ratio mapping; value held constant,2030,2041,3.52,Linear interpolation between known datapoints
Solar thermal (CSP),2041,O&M,Direct,job/MW,0.528,0.528,Rutovitz 2015,Rutovitz 2015,,,,2.0,2015.0,Rutovitz 2015 Table 1,,unmapped_constant,No matching catalogue row; construction time from Rutovitz 2015 Table 1.,Linear interpolation,Solar thermal power,,,,No catalogue ratio mapping; value held constant,2030,2041,0.528,Linear interpolation between known datapoints
Solar thermal (CSP),2042,Construction,Direct,job-yr/MW,7.04,7.04,Rutovitz 2015,Rutovitz 2015,,,,2.0,2015.0,Rutovitz 2015 Table 1,,unmapped_constant,No matching catalogue row; construction time from Rutovitz 2015 Table 1.,Linear interpolation,Solar thermal power,,,,No catalogue ratio mapping; value held constant,2030,2042,7.04,Linear interpolation between known datapoints
Solar thermal (CSP),2042,Construction&Manufacturing,Direct,job-yr/MW,8.8,8.8,Rutovitz 2015,Rutovitz 2015,,,,2.0,2015.0,Rutovitz 2015 Table 1,,unmapped_constant,No matching catalogue row; construction time from Rutovitz 2015 Table 1.,Linear interpolation,Solar thermal power,,,,Construction + Manufacturing * 0.5; renewable local manufacturing share from Rutovitz 2015 Table 17,2030,2042,8.8,Linear interpolation between known datapoints
Solar thermal (CSP),2042,Manufacturing,Direct,job-yr/MW,3.52,3.52,Rutovitz 2015,Rutovitz 2015,,,,2.0,2015.0,Rutovitz 2015 Table 1,,unmapped_constant,No matching catalogue row; construction time from Rutovitz 2015 Table 1.,Linear interpolation,Solar thermal power,,,,No catalogue ratio mapping; value held constant,2030,2042,3.52,Linear interpolation between known datapoints
Solar thermal (CSP),2042,O&M,Direct,job/MW,0.528,0.528,Rutovitz 2015,Rutovitz 2015,,,,2.0,2015.0,Rutovitz 2015 Table 1,,unmapped_constant,No matching catalogue row; construction time from Rutovitz 2015 Table 1.,Linear interpolation,Solar thermal power,,,,No catalogue ratio mapping; value held constant,2030,2042,0.528,Linear interpolation between known datapoints
Solar thermal (CSP),2043,Construction,Direct,job-yr/MW,7.04,7.04,Rutovitz 2015,Rutovitz 2015,,,,2.0,2015.0,Rutovitz 2015 Table 1,,unmapped_constant,No matching catalogue row; construction time from Rutovitz 2015 Table 1.,Linear interpolation,Solar thermal power,,,,No catalogue ratio mapping; value held constant,2030,2043,7.04,Linear interpolation between known datapoints
Solar thermal (CSP),2043,Construction&Manufacturing,Direct,job-yr/MW,8.8,8.8,Rutovitz 2015,Rutovitz 2015,,,,2.0,2015.0,Rutovitz 2015 Table 1,,unmapped_constant,No matching catalogue row; construction time from Rutovitz 2015 Table 1.,Linear interpolation,Solar thermal power,,,,Construction + Manufacturing * 0.5; renewable local manufacturing share from Rutovitz 2015 Table 17,2030,2043,8.8,Linear interpolation between known datapoints
Solar thermal (CSP),2043,Manufacturing,Direct,job-yr/MW,3.52,3.52,Rutovitz 2015,Rutovitz 2015,,,,2.0,2015.0,Rutovitz 2015 Table 1,,unmapped_constant,No matching catalogue row; construction time from Rutovitz 2015 Table 1.,Linear interpolation,Solar thermal power,,,,No catalogue ratio mapping; value held constant,2030,2043,3.52,Linear interpolation between known datapoints
Solar thermal (CSP),2043,O&M,Direct,job/MW,0.528,0.528,Rutovitz 2015,Rutovitz 2015,,,,2.0,2015.0,Rutovitz 2015 Table 1,,unmapped_constant,No matching catalogue row; construction time from Rutovitz 2015 Table 1.,Linear interpolation,Solar thermal power,,,,No catalogue ratio mapping; value held constant,2030,2043,0.528,Linear interpolation between known datapoints
Solar thermal (CSP),2044,Construction,Direct,job-yr/MW,7.04,7.04,Rutovitz 2015,Rutovitz 2015,,,,2.0,2015.0,Rutovitz 2015 Table 1,,unmapped_constant,No matching catalogue row; construction time from Rutovitz 2015 Table 1.,Linear interpolation,Solar thermal power,,,,No catalogue ratio mapping; value held constant,2030,2044,7.04,Linear interpolation between known datapoints
Solar thermal (CSP),2044,Construction&Manufacturing,Direct,job-yr/MW,8.8,8.8,Rutovitz 2015,Rutovitz 2015,,,,2.0,2015.0,Rutovitz 2015 Table 1,,unmapped_constant,No matching catalogue row; construction time from Rutovitz 2015 Table 1.,Linear interpolation,Solar thermal power,,,,Construction + Manufacturing * 0.5; renewable local manufacturing share from Rutovitz 2015 Table 17,2030,2044,8.8,Linear interpolation between known datapoints
Solar thermal (CSP),2044,Manufacturing,Direct,job-yr/MW,3.52,3.52,Rutovitz 2015,Rutovitz 2015,,,,2.0,2015.0,Rutovitz 2015 Table 1,,unmapped_constant,No matching catalogue row; construction time from Rutovitz 2015 Table 1.,Linear interpolation,Solar thermal power,,,,No catalogue ratio mapping; value held constant,2030,2044,3.52,Linear interpolation between known datapoints
Solar thermal (CSP),2044,O&M,Direct,job/MW,0.528,0.528,Rutovitz 2015,Rutovitz 2015,,,,2.0,2015.0,Rutovitz 2015 Table 1,,unmapped_constant,No matching catalogue row; construction time from Rutovitz 2015 Table 1.,Linear interpolation,Solar thermal power,,,,No catalogue ratio mapping; value held constant,2030,2044,0.528,Linear interpolation between known datapoints
Solar thermal (CSP),2045,Construction,Direct,job-yr/MW,7.04,7.04,Rutovitz 2015,Rutovitz 2015,,,,2.0,2015.0,Rutovitz 2015 Table 1,,unmapped_constant,No matching catalogue row; construction time from Rutovitz 2015 Table 1.,Linear interpolation,Solar thermal power,,,,No catalogue ratio mapping; value held constant,2030,2045,7.04,Linear interpolation between known datapoints
Solar thermal (CSP),2045,Construction&Manufacturing,Direct,job-yr/MW,8.8,8.8,Rutovitz 2015,Rutovitz 2015,,,,2.0,2015.0,Rutovitz 2015 Table 1,,unmapped_constant,No matching catalogue row; construction time from Rutovitz 2015 Table 1.,Linear interpolation,Solar thermal power,,,,Construction + Manufacturing * 0.5; renewable local manufacturing share from Rutovitz 2015 Table 17,2030,2045,8.8,Linear interpolation between known datapoints
Solar thermal (CSP),2045,Manufacturing,Direct,job-yr/MW,3.52,3.52,Rutovitz 2015,Rutovitz 2015,,,,2.0,2015.0,Rutovitz 2015 Table 1,,unmapped_constant,No matching catalogue row; construction time from Rutovitz 2015 Table 1.,Linear interpolation,Solar thermal power,,,,No catalogue ratio mapping; value held constant,2030,2045,3.52,Linear interpolation between known datapoints
Solar thermal (CSP),2045,O&M,Direct,job/MW,0.528,0.528,Rutovitz 2015,Rutovitz 2015,,,,2.0,2015.0,Rutovitz 2015 Table 1,,unmapped_constant,No matching catalogue row; construction time from Rutovitz 2015 Table 1.,Linear interpolation,Solar thermal power,,,,No catalogue ratio mapping; value held constant,2030,2045,0.528,Linear interpolation between known datapoints
Solar thermal (CSP),2046,Construction,Direct,job-yr/MW,7.04,7.04,Rutovitz 2015,Rutovitz 2015,,,,2.0,2015.0,Rutovitz 2015 Table 1,,unmapped_constant,No matching catalogue row; construction time from Rutovitz 2015 Table 1.,Linear interpolation,Solar thermal power,,,,No catalogue ratio mapping; value held constant,2030,2046,7.04,Linear interpolation between known datapoints
Solar thermal (CSP),2046,Construction&Manufacturing,Direct,job-yr/MW,8.8,8.8,Rutovitz 2015,Rutovitz 2015,,,,2.0,2015.0,Rutovitz 2015 Table 1,,unmapped_constant,No matching catalogue row; construction time from Rutovitz 2015 Table 1.,Linear interpolation,Solar thermal power,,,,Construction + Manufacturing * 0.5; renewable local manufacturing share from Rutovitz 2015 Table 17,2030,2046,8.8,Linear interpolation between known datapoints
Solar thermal (CSP),2046,Manufacturing,Direct,job-yr/MW,3.52,3.52,Rutovitz 2015,Rutovitz 2015,,,,2.0,2015.0,Rutovitz 2015 Table 1,,unmapped_constant,No matching catalogue row; construction time from Rutovitz 2015 Table 1.,Linear interpolation,Solar thermal power,,,,No catalogue ratio mapping; value held constant,2030,2046,3.52,Linear interpolation between known datapoints
Solar thermal (CSP),2046,O&M,Direct,job/MW,0.528,0.528,Rutovitz 2015,Rutovitz 2015,,,,2.0,2015.0,Rutovitz 2015 Table 1,,unmapped_constant,No matching catalogue row; construction time from Rutovitz 2015 Table 1.,Linear interpolation,Solar thermal power,,,,No catalogue ratio mapping; value held constant,2030,2046,0.528,Linear interpolation between known datapoints
Solar thermal (CSP),2047,Construction,Direct,job-yr/MW,7.04,7.04,Rutovitz 2015,Rutovitz 2015,,,,2.0,2015.0,Rutovitz 2015 Table 1,,unmapped_constant,No matching catalogue row; construction time from Rutovitz 2015 Table 1.,Linear interpolation,Solar thermal power,,,,No catalogue ratio mapping; value held constant,2030,2047,7.04,Linear interpolation between known datapoints
Solar thermal (CSP),2047,Construction&Manufacturing,Direct,job-yr/MW,8.8,8.8,Rutovitz 2015,Rutovitz 2015,,,,2.0,2015.0,Rutovitz 2015 Table 1,,unmapped_constant,No matching catalogue row; construction time from Rutovitz 2015 Table 1.,Linear interpolation,Solar thermal power,,,,Construction + Manufacturing * 0.5; renewable local manufacturing share from Rutovitz 2015 Table 17,2030,2047,8.8,Linear interpolation between known datapoints
Solar thermal (CSP),2047,Manufacturing,Direct,job-yr/MW,3.52,3.52,Rutovitz 2015,Rutovitz 2015,,,,2.0,2015.0,Rutovitz 2015 Table 1,,unmapped_constant,No matching catalogue row; construction time from Rutovitz 2015 Table 1.,Linear interpolation,Solar thermal power,,,,No catalogue ratio mapping; value held constant,2030,2047,3.52,Linear interpolation between known datapoints
Solar thermal (CSP),2047,O&M,Direct,job/MW,0.528,0.528,Rutovitz 2015,Rutovitz 2015,,,,2.0,2015.0,Rutovitz 2015 Table 1,,unmapped_constant,No matching catalogue row; construction time from Rutovitz 2015 Table 1.,Linear interpolation,Solar thermal power,,,,No catalogue ratio mapping; value held constant,2030,2047,0.528,Linear interpolation between known datapoints
Solar thermal (CSP),2048,Construction,Direct,job-yr/MW,7.04,7.04,Rutovitz 2015,Rutovitz 2015,,,,2.0,2015.0,Rutovitz 2015 Table 1,,unmapped_constant,No matching catalogue row; construction time from Rutovitz 2015 Table 1.,Linear interpolation,Solar thermal power,,,,No catalogue ratio mapping; value held constant,2030,2048,7.04,Linear interpolation between known datapoints
Solar thermal (CSP),2048,Construction&Manufacturing,Direct,job-yr/MW,8.8,8.8,Rutovitz 2015,Rutovitz 2015,,,,2.0,2015.0,Rutovitz 2015 Table 1,,unmapped_constant,No matching catalogue row; construction time from Rutovitz 2015 Table 1.,Linear interpolation,Solar thermal power,,,,Construction + Manufacturing * 0.5; renewable local manufacturing share from Rutovitz 2015 Table 17,2030,2048,8.8,Linear interpolation between known datapoints
Solar thermal (CSP),2048,Manufacturing,Direct,job-yr/MW,3.52,3.52,Rutovitz 2015,Rutovitz 2015,,,,2.0,2015.0,Rutovitz 2015 Table 1,,unmapped_constant,No matching catalogue row; construction time from Rutovitz 2015 Table 1.,Linear interpolation,Solar thermal power,,,,No catalogue ratio mapping; value held constant,2030,2048,3.52,Linear interpolation between known datapoints
Solar thermal (CSP),2048,O&M,Direct,job/MW,0.528,0.528,Rutovitz 2015,Rutovitz 2015,,,,2.0,2015.0,Rutovitz 2015 Table 1,,unmapped_constant,No matching catalogue row; construction time from Rutovitz 2015 Table 1.,Linear interpolation,Solar thermal power,,,,No catalogue ratio mapping; value held constant,2030,2048,0.528,Linear interpolation between known datapoints
Solar thermal (CSP),2049,Construction,Direct,job-yr/MW,7.04,7.04,Rutovitz 2015,Rutovitz 2015,,,,2.0,2015.0,Rutovitz 2015 Table 1,,unmapped_constant,No matching catalogue row; construction time from Rutovitz 2015 Table 1.,Linear interpolation,Solar thermal power,,,,No catalogue ratio mapping; value held constant,2030,2049,7.04,Linear interpolation between known datapoints
Solar thermal (CSP),2049,Construction&Manufacturing,Direct,job-yr/MW,8.8,8.8,Rutovitz 2015,Rutovitz 2015,,,,2.0,2015.0,Rutovitz 2015 Table 1,,unmapped_constant,No matching catalogue row; construction time from Rutovitz 2015 Table 1.,Linear interpolation,Solar thermal power,,,,Construction + Manufacturing * 0.5; renewable local manufacturing share from Rutovitz 2015 Table 17,2030,2049,8.8,Linear interpolation between known datapoints
Solar thermal (CSP),2049,Manufacturing,Direct,job-yr/MW,3.52,3.52,Rutovitz 2015,Rutovitz 2015,,,,2.0,2015.0,Rutovitz 2015 Table 1,,unmapped_constant,No matching catalogue row; construction time from Rutovitz 2015 Table 1.,Linear interpolation,Solar thermal power,,,,No catalogue ratio mapping; value held constant,2030,2049,3.52,Linear interpolation between known datapoints
Solar thermal (CSP),2049,O&M,Direct,job/MW,0.528,0.528,Rutovitz 2015,Rutovitz 2015,,,,2.0,2015.0,Rutovitz 2015 Table 1,,unmapped_constant,No matching catalogue row; construction time from Rutovitz 2015 Table 1.,Linear interpolation,Solar thermal power,,,,No catalogue ratio mapping; value held constant,2030,2049,0.528,Linear interpolation between known datapoints
Solar thermal (CSP),2050,Construction,Direct,job-yr/MW,7.04,7.04,Rutovitz 2015,Rutovitz 2015,,,,2.0,2015.0,Rutovitz 2015 Table 1,,unmapped_constant,No matching catalogue row; construction time from Rutovitz 2015 Table 1.,Constant projection for unmapped catalogue ratio,Solar thermal power,,,,No catalogue ratio mapping; value held constant,2030,2050,7.04,Known datapoint
Solar thermal (CSP),2050,Construction&Manufacturing,Direct,job-yr/MW,8.8,8.8,Rutovitz 2015,Rutovitz 2015,,,,2.0,2015.0,Rutovitz 2015 Table 1,,unmapped_constant,No matching catalogue row; construction time from Rutovitz 2015 Table 1.,Derived Construction&Manufacturing,Solar thermal power,,,,Construction + Manufacturing * 0.5; renewable local manufacturing share from Rutovitz 2015 Table 17,2030,2050,8.8,Known datapoint
Solar thermal (CSP),2050,Manufacturing,Direct,job-yr/MW,3.52,3.52,Rutovitz 2015,Rutovitz 2015,,,,2.0,2015.0,Rutovitz 2015 Table 1,,unmapped_constant,No matching catalogue row; construction time from Rutovitz 2015 Table 1.,Constant projection for unmapped catalogue ratio,Solar thermal power,,,,No catalogue ratio mapping; value held constant,2030,2050,3.52,Known datapoint
Solar thermal (CSP),2050,O&M,Direct,job/MW,0.528,0.528,Rutovitz 2015,Rutovitz 2015,,,,2.0,2015.0,Rutovitz 2015 Table 1,,unmapped_constant,No matching catalogue row; construction time from Rutovitz 2015 Table 1.,Constant projection for unmapped catalogue ratio,Solar thermal power,,,,No catalogue ratio mapping; value held constant,2030,2050,0.528,Known datapoint
Solar thermal (CSP),2051,Construction,Direct,job-yr/MW,7.04,7.04,Rutovitz 2015,Rutovitz 2015,,,,2.0,2015.0,Rutovitz 2015 Table 1,,unmapped_constant,No matching catalogue row; construction time from Rutovitz 2015 Table 1.,Linear interpolation,Solar thermal power,,,,No catalogue ratio mapping; value held constant,2030,2051,7.04,Linear interpolation to 2050; held constant after 2050
Solar thermal (CSP),2051,Construction&Manufacturing,Direct,job-yr/MW,8.8,8.8,Rutovitz 2015,Rutovitz 2015,,,,2.0,2015.0,Rutovitz 2015 Table 1,,unmapped_constant,No matching catalogue row; construction time from Rutovitz 2015 Table 1.,Linear interpolation,Solar thermal power,,,,Construction + Manufacturing * 0.5; renewable local manufacturing share from Rutovitz 2015 Table 17,2030,2051,8.8,Linear interpolation to 2050; held constant after 2050
Solar thermal (CSP),2051,Manufacturing,Direct,job-yr/MW,3.52,3.52,Rutovitz 2015,Rutovitz 2015,,,,2.0,2015.0,Rutovitz 2015 Table 1,,unmapped_constant,No matching catalogue row; construction time from Rutovitz 2015 Table 1.,Linear interpolation,Solar thermal power,,,,No catalogue ratio mapping; value held constant,2030,2051,3.52,Linear interpolation to 2050; held constant after 2050
Solar thermal (CSP),2051,O&M,Direct,job/MW,0.528,0.528,Rutovitz 2015,Rutovitz 2015,,,,2.0,2015.0,Rutovitz 2015 Table 1,,unmapped_constant,No matching catalogue row; construction time from Rutovitz 2015 Table 1.,Linear interpolation,Solar thermal power,,,,No catalogue ratio mapping; value held constant,2030,2051,0.528,Linear interpolation to 2050; held constant after 2050
Solar thermal (CSP),2052,Construction,Direct,job-yr/MW,7.04,7.04,Rutovitz 2015,Rutovitz 2015,,,,2.0,2015.0,Rutovitz 2015 Table 1,,unmapped_constant,No matching catalogue row; construction time from Rutovitz 2015 Table 1.,Linear interpolation,Solar thermal power,,,,No catalogue ratio mapping; value held constant,2030,2052,7.04,Linear interpolation to 2050; held constant after 2050
Solar thermal (CSP),2052,Construction&Manufacturing,Direct,job-yr/MW,8.8,8.8,Rutovitz 2015,Rutovitz 2015,,,,2.0,2015.0,Rutovitz 2015 Table 1,,unmapped_constant,No matching catalogue row; construction time from Rutovitz 2015 Table 1.,Linear interpolation,Solar thermal power,,,,Construction + Manufacturing * 0.5; renewable local manufacturing share from Rutovitz 2015 Table 17,2030,2052,8.8,Linear interpolation to 2050; held constant after 2050
Solar thermal (CSP),2052,Manufacturing,Direct,job-yr/MW,3.52,3.52,Rutovitz 2015,Rutovitz 2015,,,,2.0,2015.0,Rutovitz 2015 Table 1,,unmapped_constant,No matching catalogue row; construction time from Rutovitz 2015 Table 1.,Linear interpolation,Solar thermal power,,,,No catalogue ratio mapping; value held constant,2030,2052,3.52,Linear interpolation to 2050; held constant after 2050
Solar thermal (CSP),2052,O&M,Direct,job/MW,0.528,0.528,Rutovitz 2015,Rutovitz 2015,,,,2.0,2015.0,Rutovitz 2015 Table 1,,unmapped_constant,No matching catalogue row; construction time from Rutovitz 2015 Table 1.,Linear interpolation,Solar thermal power,,,,No catalogue ratio mapping; value held constant,2030,2052,0.528,Linear interpolation to 2050; held constant after 2050
Solar thermal (CSP),2053,Construction,Direct,job-yr/MW,7.04,7.04,Rutovitz 2015,Rutovitz 2015,,,,2.0,2015.0,Rutovitz 2015 Table 1,,unmapped_constant,No matching catalogue row; construction time from Rutovitz 2015 Table 1.,Linear interpolation,Solar thermal power,,,,No catalogue ratio mapping; value held constant,2030,2053,7.04,Linear interpolation to 2050; held constant after 2050
Solar thermal (CSP),2053,Construction&Manufacturing,Direct,job-yr/MW,8.8,8.8,Rutovitz 2015,Rutovitz 2015,,,,2.0,2015.0,Rutovitz 2015 Table 1,,unmapped_constant,No matching catalogue row; construction time from Rutovitz 2015 Table 1.,Linear interpolation,Solar thermal power,,,,Construction + Manufacturing * 0.5; renewable local manufacturing share from Rutovitz 2015 Table 17,2030,2053,8.8,Linear interpolation to 2050; held constant after 2050
Solar thermal (CSP),2053,Manufacturing,Direct,job-yr/MW,3.52,3.52,Rutovitz 2015,Rutovitz 2015,,,,2.0,2015.0,Rutovitz 2015 Table 1,,unmapped_constant,No matching catalogue row; construction time from Rutovitz 2015 Table 1.,Linear interpolation,Solar thermal power,,,,No catalogue ratio mapping; value held constant,2030,2053,3.52,Linear interpolation to 2050; held constant after 2050
Solar thermal (CSP),2053,O&M,Direct,job/MW,0.528,0.528,Rutovitz 2015,Rutovitz 2015,,,,2.0,2015.0,Rutovitz 2015 Table 1,,unmapped_constant,No matching catalogue row; construction time from Rutovitz 2015 Table 1.,Linear interpolation,Solar thermal power,,,,No catalogue ratio mapping; value held constant,2030,2053,0.528,Linear interpolation to 2050; held constant after 2050
Solar thermal (CSP),2054,Construction,Direct,job-yr/MW,7.04,7.04,Rutovitz 2015,Rutovitz 2015,,,,2.0,2015.0,Rutovitz 2015 Table 1,,unmapped_constant,No matching catalogue row; construction time from Rutovitz 2015 Table 1.,Linear interpolation,Solar thermal power,,,,No catalogue ratio mapping; value held constant,2030,2054,7.04,Linear interpolation to 2050; held constant after 2050
Solar thermal (CSP),2054,Construction&Manufacturing,Direct,job-yr/MW,8.8,8.8,Rutovitz 2015,Rutovitz 2015,,,,2.0,2015.0,Rutovitz 2015 Table 1,,unmapped_constant,No matching catalogue row; construction time from Rutovitz 2015 Table 1.,Linear interpolation,Solar thermal power,,,,Construction + Manufacturing * 0.5; renewable local manufacturing share from Rutovitz 2015 Table 17,2030,2054,8.8,Linear interpolation to 2050; held constant after 2050
Solar thermal (CSP),2054,Manufacturing,Direct,job-yr/MW,3.52,3.52,Rutovitz 2015,Rutovitz 2015,,,,2.0,2015.0,Rutovitz 2015 Table 1,,unmapped_constant,No matching catalogue row; construction time from Rutovitz 2015 Table 1.,Linear interpolation,Solar thermal power,,,,No catalogue ratio mapping; value held constant,2030,2054,3.52,Linear interpolation to 2050; held constant after 2050
Solar thermal (CSP),2054,O&M,Direct,job/MW,0.528,0.528,Rutovitz 2015,Rutovitz 2015,,,,2.0,2015.0,Rutovitz 2015 Table 1,,unmapped_constant,No matching catalogue row; construction time from Rutovitz 2015 Table 1.,Linear interpolation,Solar thermal power,,,,No catalogue ratio mapping; value held constant,2030,2054,0.528,Linear interpolation to 2050; held constant after 2050
Solar thermal (CSP),2055,Construction,Direct,job-yr/MW,7.04,7.04,Rutovitz 2015,Rutovitz 2015,,,,2.0,2015.0,Rutovitz 2015 Table 1,,unmapped_constant,No matching catalogue row; construction time from Rutovitz 2015 Table 1.,Linear interpolation,Solar thermal power,,,,No catalogue ratio mapping; value held constant,2030,2055,7.04,Linear interpolation to 2050; held constant after 2050
Solar thermal (CSP),2055,Construction&Manufacturing,Direct,job-yr/MW,8.8,8.8,Rutovitz 2015,Rutovitz 2015,,,,2.0,2015.0,Rutovitz 2015 Table 1,,unmapped_constant,No matching catalogue row; construction time from Rutovitz 2015 Table 1.,Linear interpolation,Solar thermal power,,,,Construction + Manufacturing * 0.5; renewable local manufacturing share from Rutovitz 2015 Table 17,2030,2055,8.8,Linear interpolation to 2050; held constant after 2050
Solar thermal (CSP),2055,Manufacturing,Direct,job-yr/MW,3.52,3.52,Rutovitz 2015,Rutovitz 2015,,,,2.0,2015.0,Rutovitz 2015 Table 1,,unmapped_constant,No matching catalogue row; construction time from Rutovitz 2015 Table 1.,Linear interpolation,Solar thermal power,,,,No catalogue ratio mapping; value held constant,2030,2055,3.52,Linear interpolation to 2050; held constant after 2050
Solar thermal (CSP),2055,O&M,Direct,job/MW,0.528,0.528,Rutovitz 2015,Rutovitz 2015,,,,2.0,2015.0,Rutovitz 2015 Table 1,,unmapped_constant,No matching catalogue row; construction time from Rutovitz 2015 Table 1.,Linear interpolation,Solar thermal power,,,,No catalogue ratio mapping; value held constant,2030,2055,0.528,Linear interpolation to 2050; held constant after 2050
Transmission (double circuit),2024,Construction,Direct,job-yr/km,3.7,3.7,Rutovitz 2025,Rutovitz 2025,,,,,,,,unmapped_constant,No matching Technology Catalogue or Rutovitz 2015 Table 1 construction-time row.,Original,,,,,,2024,2024,3.7,Known datapoint
Transmission (double circuit),2025,Construction,Direct,job-yr/km,3.7,3.7,Rutovitz 2025,Rutovitz 2025,,,,,,,,unmapped_constant,No matching Technology Catalogue or Rutovitz 2015 Table 1 construction-time row.,Linear interpolation,,,,,No catalogue ratio mapping; value held constant,2030,2025,3.7,Linear interpolation between known datapoints
Transmission (double circuit),2026,Construction,Direct,job-yr/km,3.7,3.7,Rutovitz 2025,Rutovitz 2025,,,,,,,,unmapped_constant,No matching Technology Catalogue or Rutovitz 2015 Table 1 construction-time row.,Linear interpolation,,,,,No catalogue ratio mapping; value held constant,2030,2026,3.7,Linear interpolation between known datapoints
Transmission (double circuit),2027,Construction,Direct,job-yr/km,3.7,3.7,Rutovitz 2025,Rutovitz 2025,,,,,,,,unmapped_constant,No matching Technology Catalogue or Rutovitz 2015 Table 1 construction-time row.,Linear interpolation,,,,,No catalogue ratio mapping; value held constant,2030,2027,3.7,Linear interpolation between known datapoints
Transmission (double circuit),2028,Construction,Direct,job-yr/km,3.7,3.7,Rutovitz 2025,Rutovitz 2025,,,,,,,,unmapped_constant,No matching Technology Catalogue or Rutovitz 2015 Table 1 construction-time row.,Linear interpolation,,,,,No catalogue ratio mapping; value held constant,2030,2028,3.7,Linear interpolation between known datapoints
Transmission (double circuit),2029,Construction,Direct,job-yr/km,3.7,3.7,Rutovitz 2025,Rutovitz 2025,,,,,,,,unmapped_constant,No matching Technology Catalogue or Rutovitz 2015 Table 1 construction-time row.,Linear interpolation,,,,,No catalogue ratio mapping; value held constant,2030,2029,3.7,Linear interpolation between known datapoints
Transmission (double circuit),2030,Construction,Direct,job-yr/km,3.7,3.7,Rutovitz 2025,Rutovitz 2025,,,,,,,,unmapped_constant,No matching Technology Catalogue or Rutovitz 2015 Table 1 construction-time row.,Constant projection for unmapped catalogue ratio,,,,,No catalogue ratio mapping; value held constant,2024,2030,3.7,Known datapoint
Transmission (double circuit),2031,Construction,Direct,job-yr/km,3.7,3.7,Rutovitz 2025,Rutovitz 2025,,,,,,,,unmapped_constant,No matching Technology Catalogue or Rutovitz 2015 Table 1 construction-time row.,Linear interpolation,,,,,No catalogue ratio mapping; value held constant,2030,2031,3.7,Linear interpolation between known datapoints
Transmission (double circuit),2032,Construction,Direct,job-yr/km,3.7,3.7,Rutovitz 2025,Rutovitz 2025,,,,,,,,unmapped_constant,No matching Technology Catalogue or Rutovitz 2015 Table 1 construction-time row.,Linear interpolation,,,,,No catalogue ratio mapping; value held constant,2030,2032,3.7,Linear interpolation between known datapoints
Transmission (double circuit),2033,Construction,Direct,job-yr/km,3.7,3.7,Rutovitz 2025,Rutovitz 2025,,,,,,,,unmapped_constant,No matching Technology Catalogue or Rutovitz 2015 Table 1 construction-time row.,Linear interpolation,,,,,No catalogue ratio mapping; value held constant,2030,2033,3.7,Linear interpolation between known datapoints
Transmission (double circuit),2034,Construction,Direct,job-yr/km,3.7,3.7,Rutovitz 2025,Rutovitz 2025,,,,,,,,unmapped_constant,No matching Technology Catalogue or Rutovitz 2015 Table 1 construction-time row.,Linear interpolation,,,,,No catalogue ratio mapping; value held constant,2030,2034,3.7,Linear interpolation between known datapoints
Transmission (double circuit),2035,Construction,Direct,job-yr/km,3.7,3.7,Rutovitz 2025,Rutovitz 2025,,,,,,,,unmapped_constant,No matching Technology Catalogue or Rutovitz 2015 Table 1 construction-time row.,Linear interpolation,,,,,No catalogue ratio mapping; value held constant,2030,2035,3.7,Linear interpolation between known datapoints
Transmission (double circuit),2036,Construction,Direct,job-yr/km,3.7,3.7,Rutovitz 2025,Rutovitz 2025,,,,,,,,unmapped_constant,No matching Technology Catalogue or Rutovitz 2015 Table 1 construction-time row.,Linear interpolation,,,,,No catalogue ratio mapping; value held constant,2030,2036,3.7,Linear interpolation between known datapoints
Transmission (double circuit),2037,Construction,Direct,job-yr/km,3.7,3.7,Rutovitz 2025,Rutovitz 2025,,,,,,,,unmapped_constant,No matching Technology Catalogue or Rutovitz 2015 Table 1 construction-time row.,Linear interpolation,,,,,No catalogue ratio mapping; value held constant,2030,2037,3.7,Linear interpolation between known datapoints
Transmission (double circuit),2038,Construction,Direct,job-yr/km,3.7,3.7,Rutovitz 2025,Rutovitz 2025,,,,,,,,unmapped_constant,No matching Technology Catalogue or Rutovitz 2015 Table 1 construction-time row.,Linear interpolation,,,,,No catalogue ratio mapping; value held constant,2030,2038,3.7,Linear interpolation between known datapoints
Transmission (double circuit),2039,Construction,Direct,job-yr/km,3.7,3.7,Rutovitz 2025,Rutovitz 2025,,,,,,,,unmapped_constant,No matching Technology Catalogue or Rutovitz 2015 Table 1 construction-time row.,Linear interpolation,,,,,No catalogue ratio mapping; value held constant,2030,2039,3.7,Linear interpolation between known datapoints
Transmission (double circuit),2040,Construction,Direct,job-yr/km,3.7,3.7,Rutovitz 2025,Rutovitz 2025,,,,,,,,unmapped_constant,No matching Technology Catalogue or Rutovitz 2015 Table 1 construction-time row.,Linear interpolation,,,,,No catalogue ratio mapping; value held constant,2030,2040,3.7,Linear interpolation between known datapoints
Transmission (double circuit),2041,Construction,Direct,job-yr/km,3.7,3.7,Rutovitz 2025,Rutovitz 2025,,,,,,,,unmapped_constant,No matching Technology Catalogue or Rutovitz 2015 Table 1 construction-time row.,Linear interpolation,,,,,No catalogue ratio mapping; value held constant,2030,2041,3.7,Linear interpolation between known datapoints
Transmission (double circuit),2042,Construction,Direct,job-yr/km,3.7,3.7,Rutovitz 2025,Rutovitz 2025,,,,,,,,unmapped_constant,No matching Technology Catalogue or Rutovitz 2015 Table 1 construction-time row.,Linear interpolation,,,,,No catalogue ratio mapping; value held constant,2030,2042,3.7,Linear interpolation between known datapoints
Transmission (double circuit),2043,Construction,Direct,job-yr/km,3.7,3.7,Rutovitz 2025,Rutovitz 2025,,,,,,,,unmapped_constant,No matching Technology Catalogue or Rutovitz 2015 Table 1 construction-time row.,Linear interpolation,,,,,No catalogue ratio mapping; value held constant,2030,2043,3.7,Linear interpolation between known datapoints
Transmission (double circuit),2044,Construction,Direct,job-yr/km,3.7,3.7,Rutovitz 2025,Rutovitz 2025,,,,,,,,unmapped_constant,No matching Technology Catalogue or Rutovitz 2015 Table 1 construction-time row.,Linear interpolation,,,,,No catalogue ratio mapping; value held constant,2030,2044,3.7,Linear interpolation between known datapoints
Transmission (double circuit),2045,Construction,Direct,job-yr/km,3.7,3.7,Rutovitz 2025,Rutovitz 2025,,,,,,,,unmapped_constant,No matching Technology Catalogue or Rutovitz 2015 Table 1 construction-time row.,Linear interpolation,,,,,No catalogue ratio mapping; value held constant,2030,2045,3.7,Linear interpolation between known datapoints
Transmission (double circuit),2046,Construction,Direct,job-yr/km,3.7,3.7,Rutovitz 2025,Rutovitz 2025,,,,,,,,unmapped_constant,No matching Technology Catalogue or Rutovitz 2015 Table 1 construction-time row.,Linear interpolation,,,,,No catalogue ratio mapping; value held constant,2030,2046,3.7,Linear interpolation between known datapoints
Transmission (double circuit),2047,Construction,Direct,job-yr/km,3.7,3.7,Rutovitz 2025,Rutovitz 2025,,,,,,,,unmapped_constant,No matching Technology Catalogue or Rutovitz 2015 Table 1 construction-time row.,Linear interpolation,,,,,No catalogue ratio mapping; value held constant,2030,2047,3.7,Linear interpolation between known datapoints
Transmission (double circuit),2048,Construction,Direct,job-yr/km,3.7,3.7,Rutovitz 2025,Rutovitz 2025,,,,,,,,unmapped_constant,No matching Technology Catalogue or Rutovitz 2015 Table 1 construction-time row.,Linear interpolation,,,,,No catalogue ratio mapping; value held constant,2030,2048,3.7,Linear interpolation between known datapoints
Transmission (double circuit),2049,Construction,Direct,job-yr/km,3.7,3.7,Rutovitz 2025,Rutovitz 2025,,,,,,,,unmapped_constant,No matching Technology Catalogue or Rutovitz 2015 Table 1 construction-time row.,Linear interpolation,,,,,No catalogue ratio mapping; value held constant,2030,2049,3.7,Linear interpolation between known datapoints
Transmission (double circuit),2050,Construction,Direct,job-yr/km,3.7,3.7,Rutovitz 2025,Rutovitz 2025,,,,,,,,unmapped_constant,No matching Technology Catalogue or Rutovitz 2015 Table 1 construction-time row.,Constant projection for unmapped catalogue ratio,,,,,No catalogue ratio mapping; value held constant,2030,2050,3.7,Known datapoint
Transmission (double circuit),2051,Construction,Direct,job-yr/km,3.7,3.7,Rutovitz 2025,Rutovitz 2025,,,,,,,,unmapped_constant,No matching Technology Catalogue or Rutovitz 2015 Table 1 construction-time row.,Linear interpolation,,,,,No catalogue ratio mapping; value held constant,2030,2051,3.7,Linear interpolation to 2050; held constant after 2050
Transmission (double circuit),2052,Construction,Direct,job-yr/km,3.7,3.7,Rutovitz 2025,Rutovitz 2025,,,,,,,,unmapped_constant,No matching Technology Catalogue or Rutovitz 2015 Table 1 construction-time row.,Linear interpolation,,,,,No catalogue ratio mapping; value held constant,2030,2052,3.7,Linear interpolation to 2050; held constant after 2050
Transmission (double circuit),2053,Construction,Direct,job-yr/km,3.7,3.7,Rutovitz 2025,Rutovitz 2025,,,,,,,,unmapped_constant,No matching Technology Catalogue or Rutovitz 2015 Table 1 construction-time row.,Linear interpolation,,,,,No catalogue ratio mapping; value held constant,2030,2053,3.7,Linear interpolation to 2050; held constant after 2050
Transmission (double circuit),2054,Construction,Direct,job-yr/km,3.7,3.7,Rutovitz 2025,Rutovitz 2025,,,,,,,,unmapped_constant,No matching Technology Catalogue or Rutovitz 2015 Table 1 construction-time row.,Linear interpolation,,,,,No catalogue ratio mapping; value held constant,2030,2054,3.7,Linear interpolation to 2050; held constant after 2050
Transmission (double circuit),2055,Construction,Direct,job-yr/km,3.7,3.7,Rutovitz 2025,Rutovitz 2025,,,,,,,,unmapped_constant,No matching Technology Catalogue or Rutovitz 2015 Table 1 construction-time row.,Linear interpolation,,,,,No catalogue ratio mapping; value held constant,2030,2055,3.7,Linear interpolation to 2050; held constant after 2050
Transmission (other),2024,Construction,Direct,job-yr/MUSD,1.9,1.9,Rutovitz 2025,Rutovitz 2025,,,,,,,,unmapped_constant,No matching Technology Catalogue or Rutovitz 2015 Table 1 construction-time row.,Original,,,,,,2024,2024,1.9,Known datapoint
Transmission (other),2025,Construction,Direct,job-yr/MUSD,1.9,1.9,Rutovitz 2025,Rutovitz 2025,,,,,,,,unmapped_constant,No matching Technology Catalogue or Rutovitz 2015 Table 1 construction-time row.,Linear interpolation,,,,,No catalogue ratio mapping; value held constant,2030,2025,1.9,Linear interpolation between known datapoints
Transmission (other),2026,Construction,Direct,job-yr/MUSD,1.9,1.9,Rutovitz 2025,Rutovitz 2025,,,,,,,,unmapped_constant,No matching Technology Catalogue or Rutovitz 2015 Table 1 construction-time row.,Linear interpolation,,,,,No catalogue ratio mapping; value held constant,2030,2026,1.9,Linear interpolation between known datapoints
Transmission (other),2027,Construction,Direct,job-yr/MUSD,1.9,1.9,Rutovitz 2025,Rutovitz 2025,,,,,,,,unmapped_constant,No matching Technology Catalogue or Rutovitz 2015 Table 1 construction-time row.,Linear interpolation,,,,,No catalogue ratio mapping; value held constant,2030,2027,1.9,Linear interpolation between known datapoints
Transmission (other),2028,Construction,Direct,job-yr/MUSD,1.9,1.9,Rutovitz 2025,Rutovitz 2025,,,,,,,,unmapped_constant,No matching Technology Catalogue or Rutovitz 2015 Table 1 construction-time row.,Linear interpolation,,,,,No catalogue ratio mapping; value held constant,2030,2028,1.9,Linear interpolation between known datapoints
Transmission (other),2029,Construction,Direct,job-yr/MUSD,1.9,1.9,Rutovitz 2025,Rutovitz 2025,,,,,,,,unmapped_constant,No matching Technology Catalogue or Rutovitz 2015 Table 1 construction-time row.,Linear interpolation,,,,,No catalogue ratio mapping; value held constant,2030,2029,1.9,Linear interpolation between known datapoints
Transmission (other),2030,Construction,Direct,job-yr/MUSD,1.9,1.9,Rutovitz 2025,Rutovitz 2025,,,,,,,,unmapped_constant,No matching Technology Catalogue or Rutovitz 2015 Table 1 construction-time row.,Constant projection for unmapped catalogue ratio,,,,,No catalogue ratio mapping; value held constant,2024,2030,1.9,Known datapoint
Transmission (other),2031,Construction,Direct,job-yr/MUSD,1.9,1.9,Rutovitz 2025,Rutovitz 2025,,,,,,,,unmapped_constant,No matching Technology Catalogue or Rutovitz 2015 Table 1 construction-time row.,Linear interpolation,,,,,No catalogue ratio mapping; value held constant,2030,2031,1.9,Linear interpolation between known datapoints
Transmission (other),2032,Construction,Direct,job-yr/MUSD,1.9,1.9,Rutovitz 2025,Rutovitz 2025,,,,,,,,unmapped_constant,No matching Technology Catalogue or Rutovitz 2015 Table 1 construction-time row.,Linear interpolation,,,,,No catalogue ratio mapping; value held constant,2030,2032,1.9,Linear interpolation between known datapoints
Transmission (other),2033,Construction,Direct,job-yr/MUSD,1.9,1.9,Rutovitz 2025,Rutovitz 2025,,,,,,,,unmapped_constant,No matching Technology Catalogue or Rutovitz 2015 Table 1 construction-time row.,Linear interpolation,,,,,No catalogue ratio mapping; value held constant,2030,2033,1.9,Linear interpolation between known datapoints
Transmission (other),2034,Construction,Direct,job-yr/MUSD,1.9,1.9,Rutovitz 2025,Rutovitz 2025,,,,,,,,unmapped_constant,No matching Technology Catalogue or Rutovitz 2015 Table 1 construction-time row.,Linear interpolation,,,,,No catalogue ratio mapping; value held constant,2030,2034,1.9,Linear interpolation between known datapoints
Transmission (other),2035,Construction,Direct,job-yr/MUSD,1.9,1.9,Rutovitz 2025,Rutovitz 2025,,,,,,,,unmapped_constant,No matching Technology Catalogue or Rutovitz 2015 Table 1 construction-time row.,Linear interpolation,,,,,No catalogue ratio mapping; value held constant,2030,2035,1.9,Linear interpolation between known datapoints
Transmission (other),2036,Construction,Direct,job-yr/MUSD,1.9,1.9,Rutovitz 2025,Rutovitz 2025,,,,,,,,unmapped_constant,No matching Technology Catalogue or Rutovitz 2015 Table 1 construction-time row.,Linear interpolation,,,,,No catalogue ratio mapping; value held constant,2030,2036,1.9,Linear interpolation between known datapoints
Transmission (other),2037,Construction,Direct,job-yr/MUSD,1.9,1.9,Rutovitz 2025,Rutovitz 2025,,,,,,,,unmapped_constant,No matching Technology Catalogue or Rutovitz 2015 Table 1 construction-time row.,Linear interpolation,,,,,No catalogue ratio mapping; value held constant,2030,2037,1.9,Linear interpolation between known datapoints
Transmission (other),2038,Construction,Direct,job-yr/MUSD,1.9,1.9,Rutovitz 2025,Rutovitz 2025,,,,,,,,unmapped_constant,No matching Technology Catalogue or Rutovitz 2015 Table 1 construction-time row.,Linear interpolation,,,,,No catalogue ratio mapping; value held constant,2030,2038,1.9,Linear interpolation between known datapoints
Transmission (other),2039,Construction,Direct,job-yr/MUSD,1.9,1.9,Rutovitz 2025,Rutovitz 2025,,,,,,,,unmapped_constant,No matching Technology Catalogue or Rutovitz 2015 Table 1 construction-time row.,Linear interpolation,,,,,No catalogue ratio mapping; value held constant,2030,2039,1.9,Linear interpolation between known datapoints
Transmission (other),2040,Construction,Direct,job-yr/MUSD,1.9,1.9,Rutovitz 2025,Rutovitz 2025,,,,,,,,unmapped_constant,No matching Technology Catalogue or Rutovitz 2015 Table 1 construction-time row.,Linear interpolation,,,,,No catalogue ratio mapping; value held constant,2030,2040,1.9,Linear interpolation between known datapoints
Transmission (other),2041,Construction,Direct,job-yr/MUSD,1.9,1.9,Rutovitz 2025,Rutovitz 2025,,,,,,,,unmapped_constant,No matching Technology Catalogue or Rutovitz 2015 Table 1 construction-time row.,Linear interpolation,,,,,No catalogue ratio mapping; value held constant,2030,2041,1.9,Linear interpolation between known datapoints
Transmission (other),2042,Construction,Direct,job-yr/MUSD,1.9,1.9,Rutovitz 2025,Rutovitz 2025,,,,,,,,unmapped_constant,No matching Technology Catalogue or Rutovitz 2015 Table 1 construction-time row.,Linear interpolation,,,,,No catalogue ratio mapping; value held constant,2030,2042,1.9,Linear interpolation between known datapoints
Transmission (other),2043,Construction,Direct,job-yr/MUSD,1.9,1.9,Rutovitz 2025,Rutovitz 2025,,,,,,,,unmapped_constant,No matching Technology Catalogue or Rutovitz 2015 Table 1 construction-time row.,Linear interpolation,,,,,No catalogue ratio mapping; value held constant,2030,2043,1.9,Linear interpolation between known datapoints
Transmission (other),2044,Construction,Direct,job-yr/MUSD,1.9,1.9,Rutovitz 2025,Rutovitz 2025,,,,,,,,unmapped_constant,No matching Technology Catalogue or Rutovitz 2015 Table 1 construction-time row.,Linear interpolation,,,,,No catalogue ratio mapping; value held constant,2030,2044,1.9,Linear interpolation between known datapoints
Transmission (other),2045,Construction,Direct,job-yr/MUSD,1.9,1.9,Rutovitz 2025,Rutovitz 2025,,,,,,,,unmapped_constant,No matching Technology Catalogue or Rutovitz 2015 Table 1 construction-time row.,Linear interpolation,,,,,No catalogue ratio mapping; value held constant,2030,2045,1.9,Linear interpolation between known datapoints
Transmission (other),2046,Construction,Direct,job-yr/MUSD,1.9,1.9,Rutovitz 2025,Rutovitz 2025,,,,,,,,unmapped_constant,No matching Technology Catalogue or Rutovitz 2015 Table 1 construction-time row.,Linear interpolation,,,,,No catalogue ratio mapping; value held constant,2030,2046,1.9,Linear interpolation between known datapoints
Transmission (other),2047,Construction,Direct,job-yr/MUSD,1.9,1.9,Rutovitz 2025,Rutovitz 2025,,,,,,,,unmapped_constant,No matching Technology Catalogue or Rutovitz 2015 Table 1 construction-time row.,Linear interpolation,,,,,No catalogue ratio mapping; value held constant,2030,2047,1.9,Linear interpolation between known datapoints
Transmission (other),2048,Construction,Direct,job-yr/MUSD,1.9,1.9,Rutovitz 2025,Rutovitz 2025,,,,,,,,unmapped_constant,No matching Technology Catalogue or Rutovitz 2015 Table 1 construction-time row.,Linear interpolation,,,,,No catalogue ratio mapping; value held constant,2030,2048,1.9,Linear interpolation between known datapoints
Transmission (other),2049,Construction,Direct,job-yr/MUSD,1.9,1.9,Rutovitz 2025,Rutovitz 2025,,,,,,,,unmapped_constant,No matching Technology Catalogue or Rutovitz 2015 Table 1 construction-time row.,Linear interpolation,,,,,No catalogue ratio mapping; value held constant,2030,2049,1.9,Linear interpolation between known datapoints
Transmission (other),2050,Construction,Direct,job-yr/MUSD,1.9,1.9,Rutovitz 2025,Rutovitz 2025,,,,,,,,unmapped_constant,No matching Technology Catalogue or Rutovitz 2015 Table 1 construction-time row.,Constant projection for unmapped catalogue ratio,,,,,No catalogue ratio mapping; value held constant,2030,2050,1.9,Known datapoint
Transmission (other),2051,Construction,Direct,job-yr/MUSD,1.9,1.9,Rutovitz 2025,Rutovitz 2025,,,,,,,,unmapped_constant,No matching Technology Catalogue or Rutovitz 2015 Table 1 construction-time row.,Linear interpolation,,,,,No catalogue ratio mapping; value held constant,2030,2051,1.9,Linear interpolation to 2050; held constant after 2050
Transmission (other),2052,Construction,Direct,job-yr/MUSD,1.9,1.9,Rutovitz 2025,Rutovitz 2025,,,,,,,,unmapped_constant,No matching Technology Catalogue or Rutovitz 2015 Table 1 construction-time row.,Linear interpolation,,,,,No catalogue ratio mapping; value held constant,2030,2052,1.9,Linear interpolation to 2050; held constant after 2050
Transmission (other),2053,Construction,Direct,job-yr/MUSD,1.9,1.9,Rutovitz 2025,Rutovitz 2025,,,,,,,,unmapped_constant,No matching Technology Catalogue or Rutovitz 2015 Table 1 construction-time row.,Linear interpolation,,,,,No catalogue ratio mapping; value held constant,2030,2053,1.9,Linear interpolation to 2050; held constant after 2050
Transmission (other),2054,Construction,Direct,job-yr/MUSD,1.9,1.9,Rutovitz 2025,Rutovitz 2025,,,,,,,,unmapped_constant,No matching Technology Catalogue or Rutovitz 2015 Table 1 construction-time row.,Linear interpolation,,,,,No catalogue ratio mapping; value held constant,2030,2054,1.9,Linear interpolation to 2050; held constant after 2050
Transmission (other),2055,Construction,Direct,job-yr/MUSD,1.9,1.9,Rutovitz 2025,Rutovitz 2025,,,,,,,,unmapped_constant,No matching Technology Catalogue or Rutovitz 2015 Table 1 construction-time row.,Linear interpolation,,,,,No catalogue ratio mapping; value held constant,2030,2055,1.9,Linear interpolation to 2050; held constant after 2050
Transmission (single circuit),2024,Construction&Manufacturing,Direct,job-yr/mile,0.12,0.12,JEDI-US,JEDI-US,Fallback to JEDI-US because the raw table has no Rutovitz 2025 row for this specific transmission technology.,,,,,,,unmapped_constant,No matching Technology Catalogue or Rutovitz 2015 Table 1 construction-time row.,Original,,,,,,2024,2024,0.12,Known datapoint
Transmission (single circuit),2024,Construction&Manufacturing,Indirect,job-yr/mile,0.3,0.3,JEDI-US,JEDI-US,Fallback to JEDI-US because the raw table has no Rutovitz 2025 row for this specific transmission technology.,,,,,,,unmapped_constant,No matching Technology Catalogue or Rutovitz 2015 Table 1 construction-time row.,Original,,,,,,2024,2024,0.3,Known datapoint
Transmission (single circuit),2024,Construction&Manufacturing,Induced,job-yr/mile,0.24,0.24,JEDI-US,JEDI-US,Fallback to JEDI-US because the raw table has no Rutovitz 2025 row for this specific transmission technology.,,,,,,,unmapped_constant,No matching Technology Catalogue or Rutovitz 2015 Table 1 construction-time row.,Original,,,,,,2024,2024,0.24,Known datapoint
Transmission (single circuit),2024,O&M,Direct,job/mile,0.0,0.0,JEDI-US,JEDI-US,Fallback to JEDI-US because the raw table has no Rutovitz 2025 row for this specific transmission technology.,,,,,,,unmapped_constant,No matching Technology Catalogue or Rutovitz 2015 Table 1 construction-time row.,Original,,,,,,2024,2024,0.0,Known datapoint
Transmission (single circuit),2024,O&M,Indirect,job/mile,0.026,0.026,JEDI-US,JEDI-US,Fallback to JEDI-US because the raw table has no Rutovitz 2025 row for this specific transmission technology.,,,,,,,unmapped_constant,No matching Technology Catalogue or Rutovitz 2015 Table 1 construction-time row.,Original,,,,,,2024,2024,0.026,Known datapoint
Transmission (single circuit),2024,O&M,Induced,job/mile,0.013,0.013,JEDI-US,JEDI-US,Fallback to JEDI-US because the raw table has no Rutovitz 2025 row for this specific transmission technology.,,,,,,,unmapped_constant,No matching Technology Catalogue or Rutovitz 2015 Table 1 construction-time row.,Original,,,,,,2024,2024,0.013,Known datapoint
Transmission (single circuit),2025,Construction&Manufacturing,Direct,job-yr/mile,0.12,0.12,JEDI-US,JEDI-US,Fallback to JEDI-US because the raw table has no Rutovitz 2025 row for this specific transmission technology.,,,,,,,unmapped_constant,No matching Technology Catalogue or Rutovitz 2015 Table 1 construction-time row.,Linear interpolation,,,,,No catalogue ratio mapping; value held constant,2030,2025,0.12,Linear interpolation between known datapoints
Transmission (single circuit),2025,Construction&Manufacturing,Indirect,job-yr/mile,0.3,0.3,JEDI-US,JEDI-US,Fallback to JEDI-US because the raw table has no Rutovitz 2025 row for this specific transmission technology.,,,,,,,unmapped_constant,No matching Technology Catalogue or Rutovitz 2015 Table 1 construction-time row.,Linear interpolation,,,,,No catalogue ratio mapping; value held constant,2030,2025,0.3,Linear interpolation between known datapoints
Transmission (single circuit),2025,Construction&Manufacturing,Induced,job-yr/mile,0.24,0.24,JEDI-US,JEDI-US,Fallback to JEDI-US because the raw table has no Rutovitz 2025 row for this specific transmission technology.,,,,,,,unmapped_constant,No matching Technology Catalogue or Rutovitz 2015 Table 1 construction-time row.,Linear interpolation,,,,,No catalogue ratio mapping; value held constant,2030,2025,0.24,Linear interpolation between known datapoints
Transmission (single circuit),2025,O&M,Direct,job/mile,0.0,0.0,JEDI-US,JEDI-US,Fallback to JEDI-US because the raw table has no Rutovitz 2025 row for this specific transmission technology.,,,,,,,unmapped_constant,No matching Technology Catalogue or Rutovitz 2015 Table 1 construction-time row.,Linear interpolation,,,,,No catalogue ratio mapping; value held constant,2030,2025,0.0,Linear interpolation between known datapoints
Transmission (single circuit),2025,O&M,Indirect,job/mile,0.026,0.026,JEDI-US,JEDI-US,Fallback to JEDI-US because the raw table has no Rutovitz 2025 row for this specific transmission technology.,,,,,,,unmapped_constant,No matching Technology Catalogue or Rutovitz 2015 Table 1 construction-time row.,Linear interpolation,,,,,No catalogue ratio mapping; value held constant,2030,2025,0.026,Linear interpolation between known datapoints
Transmission (single circuit),2025,O&M,Induced,job/mile,0.013,0.013,JEDI-US,JEDI-US,Fallback to JEDI-US because the raw table has no Rutovitz 2025 row for this specific transmission technology.,,,,,,,unmapped_constant,No matching Technology Catalogue or Rutovitz 2015 Table 1 construction-time row.,Linear interpolation,,,,,No catalogue ratio mapping; value held constant,2030,2025,0.013,Linear interpolation between known datapoints
Transmission (single circuit),2026,Construction&Manufacturing,Direct,job-yr/mile,0.12,0.12,JEDI-US,JEDI-US,Fallback to JEDI-US because the raw table has no Rutovitz 2025 row for this specific transmission technology.,,,,,,,unmapped_constant,No matching Technology Catalogue or Rutovitz 2015 Table 1 construction-time row.,Linear interpolation,,,,,No catalogue ratio mapping; value held constant,2030,2026,0.12,Linear interpolation between known datapoints
Transmission (single circuit),2026,Construction&Manufacturing,Indirect,job-yr/mile,0.3,0.3,JEDI-US,JEDI-US,Fallback to JEDI-US because the raw table has no Rutovitz 2025 row for this specific transmission technology.,,,,,,,unmapped_constant,No matching Technology Catalogue or Rutovitz 2015 Table 1 construction-time row.,Linear interpolation,,,,,No catalogue ratio mapping; value held constant,2030,2026,0.3,Linear interpolation between known datapoints
Transmission (single circuit),2026,Construction&Manufacturing,Induced,job-yr/mile,0.24,0.24,JEDI-US,JEDI-US,Fallback to JEDI-US because the raw table has no Rutovitz 2025 row for this specific transmission technology.,,,,,,,unmapped_constant,No matching Technology Catalogue or Rutovitz 2015 Table 1 construction-time row.,Linear interpolation,,,,,No catalogue ratio mapping; value held constant,2030,2026,0.24,Linear interpolation between known datapoints
Transmission (single circuit),2026,O&M,Direct,job/mile,0.0,0.0,JEDI-US,JEDI-US,Fallback to JEDI-US because the raw table has no Rutovitz 2025 row for this specific transmission technology.,,,,,,,unmapped_constant,No matching Technology Catalogue or Rutovitz 2015 Table 1 construction-time row.,Linear interpolation,,,,,No catalogue ratio mapping; value held constant,2030,2026,0.0,Linear interpolation between known datapoints
Transmission (single circuit),2026,O&M,Indirect,job/mile,0.026,0.026,JEDI-US,JEDI-US,Fallback to JEDI-US because the raw table has no Rutovitz 2025 row for this specific transmission technology.,,,,,,,unmapped_constant,No matching Technology Catalogue or Rutovitz 2015 Table 1 construction-time row.,Linear interpolation,,,,,No catalogue ratio mapping; value held constant,2030,2026,0.026,Linear interpolation between known datapoints
Transmission (single circuit),2026,O&M,Induced,job/mile,0.013,0.013,JEDI-US,JEDI-US,Fallback to JEDI-US because the raw table has no Rutovitz 2025 row for this specific transmission technology.,,,,,,,unmapped_constant,No matching Technology Catalogue or Rutovitz 2015 Table 1 construction-time row.,Linear interpolation,,,,,No catalogue ratio mapping; value held constant,2030,2026,0.013,Linear interpolation between known datapoints
Transmission (single circuit),2027,Construction&Manufacturing,Direct,job-yr/mile,0.12,0.12,JEDI-US,JEDI-US,Fallback to JEDI-US because the raw table has no Rutovitz 2025 row for this specific transmission technology.,,,,,,,unmapped_constant,No matching Technology Catalogue or Rutovitz 2015 Table 1 construction-time row.,Linear interpolation,,,,,No catalogue ratio mapping; value held constant,2030,2027,0.12,Linear interpolation between known datapoints
Transmission (single circuit),2027,Construction&Manufacturing,Indirect,job-yr/mile,0.3,0.3,JEDI-US,JEDI-US,Fallback to JEDI-US because the raw table has no Rutovitz 2025 row for this specific transmission technology.,,,,,,,unmapped_constant,No matching Technology Catalogue or Rutovitz 2015 Table 1 construction-time row.,Linear interpolation,,,,,No catalogue ratio mapping; value held constant,2030,2027,0.3,Linear interpolation between known datapoints
Transmission (single circuit),2027,Construction&Manufacturing,Induced,job-yr/mile,0.24,0.24,JEDI-US,JEDI-US,Fallback to JEDI-US because the raw table has no Rutovitz 2025 row for this specific transmission technology.,,,,,,,unmapped_constant,No matching Technology Catalogue or Rutovitz 2015 Table 1 construction-time row.,Linear interpolation,,,,,No catalogue ratio mapping; value held constant,2030,2027,0.24,Linear interpolation between known datapoints
Transmission (single circuit),2027,O&M,Direct,job/mile,0.0,0.0,JEDI-US,JEDI-US,Fallback to JEDI-US because the raw table has no Rutovitz 2025 row for this specific transmission technology.,,,,,,,unmapped_constant,No matching Technology Catalogue or Rutovitz 2015 Table 1 construction-time row.,Linear interpolation,,,,,No catalogue ratio mapping; value held constant,2030,2027,0.0,Linear interpolation between known datapoints
Transmission (single circuit),2027,O&M,Indirect,job/mile,0.026,0.026,JEDI-US,JEDI-US,Fallback to JEDI-US because the raw table has no Rutovitz 2025 row for this specific transmission technology.,,,,,,,unmapped_constant,No matching Technology Catalogue or Rutovitz 2015 Table 1 construction-time row.,Linear interpolation,,,,,No catalogue ratio mapping; value held constant,2030,2027,0.026,Linear interpolation between known datapoints
Transmission (single circuit),2027,O&M,Induced,job/mile,0.013,0.013,JEDI-US,JEDI-US,Fallback to JEDI-US because the raw table has no Rutovitz 2025 row for this specific transmission technology.,,,,,,,unmapped_constant,No matching Technology Catalogue or Rutovitz 2015 Table 1 construction-time row.,Linear interpolation,,,,,No catalogue ratio mapping; value held constant,2030,2027,0.013,Linear interpolation between known datapoints
Transmission (single circuit),2028,Construction&Manufacturing,Direct,job-yr/mile,0.12,0.12,JEDI-US,JEDI-US,Fallback to JEDI-US because the raw table has no Rutovitz 2025 row for this specific transmission technology.,,,,,,,unmapped_constant,No matching Technology Catalogue or Rutovitz 2015 Table 1 construction-time row.,Linear interpolation,,,,,No catalogue ratio mapping; value held constant,2030,2028,0.12,Linear interpolation between known datapoints
Transmission (single circuit),2028,Construction&Manufacturing,Indirect,job-yr/mile,0.3,0.3,JEDI-US,JEDI-US,Fallback to JEDI-US because the raw table has no Rutovitz 2025 row for this specific transmission technology.,,,,,,,unmapped_constant,No matching Technology Catalogue or Rutovitz 2015 Table 1 construction-time row.,Linear interpolation,,,,,No catalogue ratio mapping; value held constant,2030,2028,0.3,Linear interpolation between known datapoints
Transmission (single circuit),2028,Construction&Manufacturing,Induced,job-yr/mile,0.24,0.24,JEDI-US,JEDI-US,Fallback to JEDI-US because the raw table has no Rutovitz 2025 row for this specific transmission technology.,,,,,,,unmapped_constant,No matching Technology Catalogue or Rutovitz 2015 Table 1 construction-time row.,Linear interpolation,,,,,No catalogue ratio mapping; value held constant,2030,2028,0.24,Linear interpolation between known datapoints
Transmission (single circuit),2028,O&M,Direct,job/mile,0.0,0.0,JEDI-US,JEDI-US,Fallback to JEDI-US because the raw table has no Rutovitz 2025 row for this specific transmission technology.,,,,,,,unmapped_constant,No matching Technology Catalogue or Rutovitz 2015 Table 1 construction-time row.,Linear interpolation,,,,,No catalogue ratio mapping; value held constant,2030,2028,0.0,Linear interpolation between known datapoints
Transmission (single circuit),2028,O&M,Indirect,job/mile,0.026,0.026,JEDI-US,JEDI-US,Fallback to JEDI-US because the raw table has no Rutovitz 2025 row for this specific transmission technology.,,,,,,,unmapped_constant,No matching Technology Catalogue or Rutovitz 2015 Table 1 construction-time row.,Linear interpolation,,,,,No catalogue ratio mapping; value held constant,2030,2028,0.026,Linear interpolation between known datapoints
Transmission (single circuit),2028,O&M,Induced,job/mile,0.013,0.013,JEDI-US,JEDI-US,Fallback to JEDI-US because the raw table has no Rutovitz 2025 row for this specific transmission technology.,,,,,,,unmapped_constant,No matching Technology Catalogue or Rutovitz 2015 Table 1 construction-time row.,Linear interpolation,,,,,No catalogue ratio mapping; value held constant,2030,2028,0.013,Linear interpolation between known datapoints
Transmission (single circuit),2029,Construction&Manufacturing,Direct,job-yr/mile,0.12,0.12,JEDI-US,JEDI-US,Fallback to JEDI-US because the raw table has no Rutovitz 2025 row for this specific transmission technology.,,,,,,,unmapped_constant,No matching Technology Catalogue or Rutovitz 2015 Table 1 construction-time row.,Linear interpolation,,,,,No catalogue ratio mapping; value held constant,2030,2029,0.12,Linear interpolation between known datapoints
Transmission (single circuit),2029,Construction&Manufacturing,Indirect,job-yr/mile,0.3,0.3,JEDI-US,JEDI-US,Fallback to JEDI-US because the raw table has no Rutovitz 2025 row for this specific transmission technology.,,,,,,,unmapped_constant,No matching Technology Catalogue or Rutovitz 2015 Table 1 construction-time row.,Linear interpolation,,,,,No catalogue ratio mapping; value held constant,2030,2029,0.3,Linear interpolation between known datapoints
Transmission (single circuit),2029,Construction&Manufacturing,Induced,job-yr/mile,0.24,0.24,JEDI-US,JEDI-US,Fallback to JEDI-US because the raw table has no Rutovitz 2025 row for this specific transmission technology.,,,,,,,unmapped_constant,No matching Technology Catalogue or Rutovitz 2015 Table 1 construction-time row.,Linear interpolation,,,,,No catalogue ratio mapping; value held constant,2030,2029,0.24,Linear interpolation between known datapoints
Transmission (single circuit),2029,O&M,Direct,job/mile,0.0,0.0,JEDI-US,JEDI-US,Fallback to JEDI-US because the raw table has no Rutovitz 2025 row for this specific transmission technology.,,,,,,,unmapped_constant,No matching Technology Catalogue or Rutovitz 2015 Table 1 construction-time row.,Linear interpolation,,,,,No catalogue ratio mapping; value held constant,2030,2029,0.0,Linear interpolation between known datapoints
Transmission (single circuit),2029,O&M,Indirect,job/mile,0.026,0.026,JEDI-US,JEDI-US,Fallback to JEDI-US because the raw table has no Rutovitz 2025 row for this specific transmission technology.,,,,,,,unmapped_constant,No matching Technology Catalogue or Rutovitz 2015 Table 1 construction-time row.,Linear interpolation,,,,,No catalogue ratio mapping; value held constant,2030,2029,0.026,Linear interpolation between known datapoints
Transmission (single circuit),2029,O&M,Induced,job/mile,0.013,0.013,JEDI-US,JEDI-US,Fallback to JEDI-US because the raw table has no Rutovitz 2025 row for this specific transmission technology.,,,,,,,unmapped_constant,No matching Technology Catalogue or Rutovitz 2015 Table 1 construction-time row.,Linear interpolation,,,,,No catalogue ratio mapping; value held constant,2030,2029,0.013,Linear interpolation between known datapoints
Transmission (single circuit),2030,Construction&Manufacturing,Direct,job-yr/mile,0.12,0.12,JEDI-US,JEDI-US,Fallback to JEDI-US because the raw table has no Rutovitz 2025 row for this specific transmission technology.,,,,,,,unmapped_constant,No matching Technology Catalogue or Rutovitz 2015 Table 1 construction-time row.,Constant projection for unmapped catalogue ratio,,,,,No catalogue ratio mapping; value held constant,2024,2030,0.12,Known datapoint
Transmission (single circuit),2030,Construction&Manufacturing,Indirect,job-yr/mile,0.3,0.3,JEDI-US,JEDI-US,Fallback to JEDI-US because the raw table has no Rutovitz 2025 row for this specific transmission technology.,,,,,,,unmapped_constant,No matching Technology Catalogue or Rutovitz 2015 Table 1 construction-time row.,Constant projection for unmapped catalogue ratio,,,,,No catalogue ratio mapping; value held constant,2024,2030,0.3,Known datapoint
Transmission (single circuit),2030,Construction&Manufacturing,Induced,job-yr/mile,0.24,0.24,JEDI-US,JEDI-US,Fallback to JEDI-US because the raw table has no Rutovitz 2025 row for this specific transmission technology.,,,,,,,unmapped_constant,No matching Technology Catalogue or Rutovitz 2015 Table 1 construction-time row.,Constant projection for unmapped catalogue ratio,,,,,No catalogue ratio mapping; value held constant,2024,2030,0.24,Known datapoint
Transmission (single circuit),2030,O&M,Direct,job/mile,0.0,0.0,JEDI-US,JEDI-US,Fallback to JEDI-US because the raw table has no Rutovitz 2025 row for this specific transmission technology.,,,,,,,unmapped_constant,No matching Technology Catalogue or Rutovitz 2015 Table 1 construction-time row.,Constant projection for unmapped catalogue ratio,,,,,No catalogue ratio mapping; value held constant,2024,2030,0.0,Known datapoint
Transmission (single circuit),2030,O&M,Indirect,job/mile,0.026,0.026,JEDI-US,JEDI-US,Fallback to JEDI-US because the raw table has no Rutovitz 2025 row for this specific transmission technology.,,,,,,,unmapped_constant,No matching Technology Catalogue or Rutovitz 2015 Table 1 construction-time row.,Constant projection for unmapped catalogue ratio,,,,,No catalogue ratio mapping; value held constant,2024,2030,0.026,Known datapoint
Transmission (single circuit),2030,O&M,Induced,job/mile,0.013,0.013,JEDI-US,JEDI-US,Fallback to JEDI-US because the raw table has no Rutovitz 2025 row for this specific transmission technology.,,,,,,,unmapped_constant,No matching Technology Catalogue or Rutovitz 2015 Table 1 construction-time row.,Constant projection for unmapped catalogue ratio,,,,,No catalogue ratio mapping; value held constant,2024,2030,0.013,Known datapoint
Transmission (single circuit),2031,Construction&Manufacturing,Direct,job-yr/mile,0.12,0.12,JEDI-US,JEDI-US,Fallback to JEDI-US because the raw table has no Rutovitz 2025 row for this specific transmission technology.,,,,,,,unmapped_constant,No matching Technology Catalogue or Rutovitz 2015 Table 1 construction-time row.,Linear interpolation,,,,,No catalogue ratio mapping; value held constant,2030,2031,0.12,Linear interpolation between known datapoints
Transmission (single circuit),2031,Construction&Manufacturing,Indirect,job-yr/mile,0.3,0.3,JEDI-US,JEDI-US,Fallback to JEDI-US because the raw table has no Rutovitz 2025 row for this specific transmission technology.,,,,,,,unmapped_constant,No matching Technology Catalogue or Rutovitz 2015 Table 1 construction-time row.,Linear interpolation,,,,,No catalogue ratio mapping; value held constant,2030,2031,0.3,Linear interpolation between known datapoints
Transmission (single circuit),2031,Construction&Manufacturing,Induced,job-yr/mile,0.24,0.24,JEDI-US,JEDI-US,Fallback to JEDI-US because the raw table has no Rutovitz 2025 row for this specific transmission technology.,,,,,,,unmapped_constant,No matching Technology Catalogue or Rutovitz 2015 Table 1 construction-time row.,Linear interpolation,,,,,No catalogue ratio mapping; value held constant,2030,2031,0.24,Linear interpolation between known datapoints
Transmission (single circuit),2031,O&M,Direct,job/mile,0.0,0.0,JEDI-US,JEDI-US,Fallback to JEDI-US because the raw table has no Rutovitz 2025 row for this specific transmission technology.,,,,,,,unmapped_constant,No matching Technology Catalogue or Rutovitz 2015 Table 1 construction-time row.,Linear interpolation,,,,,No catalogue ratio mapping; value held constant,2030,2031,0.0,Linear interpolation between known datapoints
Transmission (single circuit),2031,O&M,Indirect,job/mile,0.026,0.026,JEDI-US,JEDI-US,Fallback to JEDI-US because the raw table has no Rutovitz 2025 row for this specific transmission technology.,,,,,,,unmapped_constant,No matching Technology Catalogue or Rutovitz 2015 Table 1 construction-time row.,Linear interpolation,,,,,No catalogue ratio mapping; value held constant,2030,2031,0.026,Linear interpolation between known datapoints
Transmission (single circuit),2031,O&M,Induced,job/mile,0.013,0.013,JEDI-US,JEDI-US,Fallback to JEDI-US because the raw table has no Rutovitz 2025 row for this specific transmission technology.,,,,,,,unmapped_constant,No matching Technology Catalogue or Rutovitz 2015 Table 1 construction-time row.,Linear interpolation,,,,,No catalogue ratio mapping; value held constant,2030,2031,0.013,Linear interpolation between known datapoints
Transmission (single circuit),2032,Construction&Manufacturing,Direct,job-yr/mile,0.12,0.12,JEDI-US,JEDI-US,Fallback to JEDI-US because the raw table has no Rutovitz 2025 row for this specific transmission technology.,,,,,,,unmapped_constant,No matching Technology Catalogue or Rutovitz 2015 Table 1 construction-time row.,Linear interpolation,,,,,No catalogue ratio mapping; value held constant,2030,2032,0.12,Linear interpolation between known datapoints
Transmission (single circuit),2032,Construction&Manufacturing,Indirect,job-yr/mile,0.3,0.3,JEDI-US,JEDI-US,Fallback to JEDI-US because the raw table has no Rutovitz 2025 row for this specific transmission technology.,,,,,,,unmapped_constant,No matching Technology Catalogue or Rutovitz 2015 Table 1 construction-time row.,Linear interpolation,,,,,No catalogue ratio mapping; value held constant,2030,2032,0.3,Linear interpolation between known datapoints
Transmission (single circuit),2032,Construction&Manufacturing,Induced,job-yr/mile,0.24,0.24,JEDI-US,JEDI-US,Fallback to JEDI-US because the raw table has no Rutovitz 2025 row for this specific transmission technology.,,,,,,,unmapped_constant,No matching Technology Catalogue or Rutovitz 2015 Table 1 construction-time row.,Linear interpolation,,,,,No catalogue ratio mapping; value held constant,2030,2032,0.24,Linear interpolation between known datapoints
Transmission (single circuit),2032,O&M,Direct,job/mile,0.0,0.0,JEDI-US,JEDI-US,Fallback to JEDI-US because the raw table has no Rutovitz 2025 row for this specific transmission technology.,,,,,,,unmapped_constant,No matching Technology Catalogue or Rutovitz 2015 Table 1 construction-time row.,Linear interpolation,,,,,No catalogue ratio mapping; value held constant,2030,2032,0.0,Linear interpolation between known datapoints
Transmission (single circuit),2032,O&M,Indirect,job/mile,0.026,0.026,JEDI-US,JEDI-US,Fallback to JEDI-US because the raw table has no Rutovitz 2025 row for this specific transmission technology.,,,,,,,unmapped_constant,No matching Technology Catalogue or Rutovitz 2015 Table 1 construction-time row.,Linear interpolation,,,,,No catalogue ratio mapping; value held constant,2030,2032,0.026,Linear interpolation between known datapoints
Transmission (single circuit),2032,O&M,Induced,job/mile,0.013,0.013,JEDI-US,JEDI-US,Fallback to JEDI-US because the raw table has no Rutovitz 2025 row for this specific transmission technology.,,,,,,,unmapped_constant,No matching Technology Catalogue or Rutovitz 2015 Table 1 construction-time row.,Linear interpolation,,,,,No catalogue ratio mapping; value held constant,2030,2032,0.013,Linear interpolation between known datapoints
Transmission (single circuit),2033,Construction&Manufacturing,Direct,job-yr/mile,0.12,0.12,JEDI-US,JEDI-US,Fallback to JEDI-US because the raw table has no Rutovitz 2025 row for this specific transmission technology.,,,,,,,unmapped_constant,No matching Technology Catalogue or Rutovitz 2015 Table 1 construction-time row.,Linear interpolation,,,,,No catalogue ratio mapping; value held constant,2030,2033,0.12,Linear interpolation between known datapoints
Transmission (single circuit),2033,Construction&Manufacturing,Indirect,job-yr/mile,0.3,0.3,JEDI-US,JEDI-US,Fallback to JEDI-US because the raw table has no Rutovitz 2025 row for this specific transmission technology.,,,,,,,unmapped_constant,No matching Technology Catalogue or Rutovitz 2015 Table 1 construction-time row.,Linear interpolation,,,,,No catalogue ratio mapping; value held constant,2030,2033,0.3,Linear interpolation between known datapoints
Transmission (single circuit),2033,Construction&Manufacturing,Induced,job-yr/mile,0.24,0.24,JEDI-US,JEDI-US,Fallback to JEDI-US because the raw table has no Rutovitz 2025 row for this specific transmission technology.,,,,,,,unmapped_constant,No matching Technology Catalogue or Rutovitz 2015 Table 1 construction-time row.,Linear interpolation,,,,,No catalogue ratio mapping; value held constant,2030,2033,0.24,Linear interpolation between known datapoints
Transmission (single circuit),2033,O&M,Direct,job/mile,0.0,0.0,JEDI-US,JEDI-US,Fallback to JEDI-US because the raw table has no Rutovitz 2025 row for this specific transmission technology.,,,,,,,unmapped_constant,No matching Technology Catalogue or Rutovitz 2015 Table 1 construction-time row.,Linear interpolation,,,,,No catalogue ratio mapping; value held constant,2030,2033,0.0,Linear interpolation between known datapoints
Transmission (single circuit),2033,O&M,Indirect,job/mile,0.026,0.026,JEDI-US,JEDI-US,Fallback to JEDI-US because the raw table has no Rutovitz 2025 row for this specific transmission technology.,,,,,,,unmapped_constant,No matching Technology Catalogue or Rutovitz 2015 Table 1 construction-time row.,Linear interpolation,,,,,No catalogue ratio mapping; value held constant,2030,2033,0.026,Linear interpolation between known datapoints
Transmission (single circuit),2033,O&M,Induced,job/mile,0.013,0.013,JEDI-US,JEDI-US,Fallback to JEDI-US because the raw table has no Rutovitz 2025 row for this specific transmission technology.,,,,,,,unmapped_constant,No matching Technology Catalogue or Rutovitz 2015 Table 1 construction-time row.,Linear interpolation,,,,,No catalogue ratio mapping; value held constant,2030,2033,0.013,Linear interpolation between known datapoints
Transmission (single circuit),2034,Construction&Manufacturing,Direct,job-yr/mile,0.12,0.12,JEDI-US,JEDI-US,Fallback to JEDI-US because the raw table has no Rutovitz 2025 row for this specific transmission technology.,,,,,,,unmapped_constant,No matching Technology Catalogue or Rutovitz 2015 Table 1 construction-time row.,Linear interpolation,,,,,No catalogue ratio mapping; value held constant,2030,2034,0.12,Linear interpolation between known datapoints
Transmission (single circuit),2034,Construction&Manufacturing,Indirect,job-yr/mile,0.3,0.3,JEDI-US,JEDI-US,Fallback to JEDI-US because the raw table has no Rutovitz 2025 row for this specific transmission technology.,,,,,,,unmapped_constant,No matching Technology Catalogue or Rutovitz 2015 Table 1 construction-time row.,Linear interpolation,,,,,No catalogue ratio mapping; value held constant,2030,2034,0.3,Linear interpolation between known datapoints
Transmission (single circuit),2034,Construction&Manufacturing,Induced,job-yr/mile,0.24,0.24,JEDI-US,JEDI-US,Fallback to JEDI-US because the raw table has no Rutovitz 2025 row for this specific transmission technology.,,,,,,,unmapped_constant,No matching Technology Catalogue or Rutovitz 2015 Table 1 construction-time row.,Linear interpolation,,,,,No catalogue ratio mapping; value held constant,2030,2034,0.24,Linear interpolation between known datapoints
Transmission (single circuit),2034,O&M,Direct,job/mile,0.0,0.0,JEDI-US,JEDI-US,Fallback to JEDI-US because the raw table has no Rutovitz 2025 row for this specific transmission technology.,,,,,,,unmapped_constant,No matching Technology Catalogue or Rutovitz 2015 Table 1 construction-time row.,Linear interpolation,,,,,No catalogue ratio mapping; value held constant,2030,2034,0.0,Linear interpolation between known datapoints
Transmission (single circuit),2034,O&M,Indirect,job/mile,0.026,0.026,JEDI-US,JEDI-US,Fallback to JEDI-US because the raw table has no Rutovitz 2025 row for this specific transmission technology.,,,,,,,unmapped_constant,No matching Technology Catalogue or Rutovitz 2015 Table 1 construction-time row.,Linear interpolation,,,,,No catalogue ratio mapping; value held constant,2030,2034,0.026,Linear interpolation between known datapoints
Transmission (single circuit),2034,O&M,Induced,job/mile,0.013,0.013,JEDI-US,JEDI-US,Fallback to JEDI-US because the raw table has no Rutovitz 2025 row for this specific transmission technology.,,,,,,,unmapped_constant,No matching Technology Catalogue or Rutovitz 2015 Table 1 construction-time row.,Linear interpolation,,,,,No catalogue ratio mapping; value held constant,2030,2034,0.013,Linear interpolation between known datapoints
Transmission (single circuit),2035,Construction&Manufacturing,Direct,job-yr/mile,0.12,0.12,JEDI-US,JEDI-US,Fallback to JEDI-US because the raw table has no Rutovitz 2025 row for this specific transmission technology.,,,,,,,unmapped_constant,No matching Technology Catalogue or Rutovitz 2015 Table 1 construction-time row.,Linear interpolation,,,,,No catalogue ratio mapping; value held constant,2030,2035,0.12,Linear interpolation between known datapoints
Transmission (single circuit),2035,Construction&Manufacturing,Indirect,job-yr/mile,0.3,0.3,JEDI-US,JEDI-US,Fallback to JEDI-US because the raw table has no Rutovitz 2025 row for this specific transmission technology.,,,,,,,unmapped_constant,No matching Technology Catalogue or Rutovitz 2015 Table 1 construction-time row.,Linear interpolation,,,,,No catalogue ratio mapping; value held constant,2030,2035,0.3,Linear interpolation between known datapoints
Transmission (single circuit),2035,Construction&Manufacturing,Induced,job-yr/mile,0.24,0.24,JEDI-US,JEDI-US,Fallback to JEDI-US because the raw table has no Rutovitz 2025 row for this specific transmission technology.,,,,,,,unmapped_constant,No matching Technology Catalogue or Rutovitz 2015 Table 1 construction-time row.,Linear interpolation,,,,,No catalogue ratio mapping; value held constant,2030,2035,0.24,Linear interpolation between known datapoints
Transmission (single circuit),2035,O&M,Direct,job/mile,0.0,0.0,JEDI-US,JEDI-US,Fallback to JEDI-US because the raw table has no Rutovitz 2025 row for this specific transmission technology.,,,,,,,unmapped_constant,No matching Technology Catalogue or Rutovitz 2015 Table 1 construction-time row.,Linear interpolation,,,,,No catalogue ratio mapping; value held constant,2030,2035,0.0,Linear interpolation between known datapoints
Transmission (single circuit),2035,O&M,Indirect,job/mile,0.026,0.026,JEDI-US,JEDI-US,Fallback to JEDI-US because the raw table has no Rutovitz 2025 row for this specific transmission technology.,,,,,,,unmapped_constant,No matching Technology Catalogue or Rutovitz 2015 Table 1 construction-time row.,Linear interpolation,,,,,No catalogue ratio mapping; value held constant,2030,2035,0.026,Linear interpolation between known datapoints
Transmission (single circuit),2035,O&M,Induced,job/mile,0.013,0.013,JEDI-US,JEDI-US,Fallback to JEDI-US because the raw table has no Rutovitz 2025 row for this specific transmission technology.,,,,,,,unmapped_constant,No matching Technology Catalogue or Rutovitz 2015 Table 1 construction-time row.,Linear interpolation,,,,,No catalogue ratio mapping; value held constant,2030,2035,0.013,Linear interpolation between known datapoints
Transmission (single circuit),2036,Construction&Manufacturing,Direct,job-yr/mile,0.12,0.12,JEDI-US,JEDI-US,Fallback to JEDI-US because the raw table has no Rutovitz 2025 row for this specific transmission technology.,,,,,,,unmapped_constant,No matching Technology Catalogue or Rutovitz 2015 Table 1 construction-time row.,Linear interpolation,,,,,No catalogue ratio mapping; value held constant,2030,2036,0.12,Linear interpolation between known datapoints
Transmission (single circuit),2036,Construction&Manufacturing,Indirect,job-yr/mile,0.3,0.3,JEDI-US,JEDI-US,Fallback to JEDI-US because the raw table has no Rutovitz 2025 row for this specific transmission technology.,,,,,,,unmapped_constant,No matching Technology Catalogue or Rutovitz 2015 Table 1 construction-time row.,Linear interpolation,,,,,No catalogue ratio mapping; value held constant,2030,2036,0.3,Linear interpolation between known datapoints
Transmission (single circuit),2036,Construction&Manufacturing,Induced,job-yr/mile,0.24,0.24,JEDI-US,JEDI-US,Fallback to JEDI-US because the raw table has no Rutovitz 2025 row for this specific transmission technology.,,,,,,,unmapped_constant,No matching Technology Catalogue or Rutovitz 2015 Table 1 construction-time row.,Linear interpolation,,,,,No catalogue ratio mapping; value held constant,2030,2036,0.24,Linear interpolation between known datapoints
Transmission (single circuit),2036,O&M,Direct,job/mile,0.0,0.0,JEDI-US,JEDI-US,Fallback to JEDI-US because the raw table has no Rutovitz 2025 row for this specific transmission technology.,,,,,,,unmapped_constant,No matching Technology Catalogue or Rutovitz 2015 Table 1 construction-time row.,Linear interpolation,,,,,No catalogue ratio mapping; value held constant,2030,2036,0.0,Linear interpolation between known datapoints
Transmission (single circuit),2036,O&M,Indirect,job/mile,0.026,0.026,JEDI-US,JEDI-US,Fallback to JEDI-US because the raw table has no Rutovitz 2025 row for this specific transmission technology.,,,,,,,unmapped_constant,No matching Technology Catalogue or Rutovitz 2015 Table 1 construction-time row.,Linear interpolation,,,,,No catalogue ratio mapping; value held constant,2030,2036,0.026,Linear interpolation between known datapoints
Transmission (single circuit),2036,O&M,Induced,job/mile,0.013,0.013,JEDI-US,JEDI-US,Fallback to JEDI-US because the raw table has no Rutovitz 2025 row for this specific transmission technology.,,,,,,,unmapped_constant,No matching Technology Catalogue or Rutovitz 2015 Table 1 construction-time row.,Linear interpolation,,,,,No catalogue ratio mapping; value held constant,2030,2036,0.013,Linear interpolation between known datapoints
Transmission (single circuit),2037,Construction&Manufacturing,Direct,job-yr/mile,0.12,0.12,JEDI-US,JEDI-US,Fallback to JEDI-US because the raw table has no Rutovitz 2025 row for this specific transmission technology.,,,,,,,unmapped_constant,No matching Technology Catalogue or Rutovitz 2015 Table 1 construction-time row.,Linear interpolation,,,,,No catalogue ratio mapping; value held constant,2030,2037,0.12,Linear interpolation between known datapoints
Transmission (single circuit),2037,Construction&Manufacturing,Indirect,job-yr/mile,0.3,0.3,JEDI-US,JEDI-US,Fallback to JEDI-US because the raw table has no Rutovitz 2025 row for this specific transmission technology.,,,,,,,unmapped_constant,No matching Technology Catalogue or Rutovitz 2015 Table 1 construction-time row.,Linear interpolation,,,,,No catalogue ratio mapping; value held constant,2030,2037,0.3,Linear interpolation between known datapoints
Transmission (single circuit),2037,Construction&Manufacturing,Induced,job-yr/mile,0.24,0.24,JEDI-US,JEDI-US,Fallback to JEDI-US because the raw table has no Rutovitz 2025 row for this specific transmission technology.,,,,,,,unmapped_constant,No matching Technology Catalogue or Rutovitz 2015 Table 1 construction-time row.,Linear interpolation,,,,,No catalogue ratio mapping; value held constant,2030,2037,0.24,Linear interpolation between known datapoints
Transmission (single circuit),2037,O&M,Direct,job/mile,0.0,0.0,JEDI-US,JEDI-US,Fallback to JEDI-US because the raw table has no Rutovitz 2025 row for this specific transmission technology.,,,,,,,unmapped_constant,No matching Technology Catalogue or Rutovitz 2015 Table 1 construction-time row.,Linear interpolation,,,,,No catalogue ratio mapping; value held constant,2030,2037,0.0,Linear interpolation between known datapoints
Transmission (single circuit),2037,O&M,Indirect,job/mile,0.026,0.026,JEDI-US,JEDI-US,Fallback to JEDI-US because the raw table has no Rutovitz 2025 row for this specific transmission technology.,,,,,,,unmapped_constant,No matching Technology Catalogue or Rutovitz 2015 Table 1 construction-time row.,Linear interpolation,,,,,No catalogue ratio mapping; value held constant,2030,2037,0.026,Linear interpolation between known datapoints
Transmission (single circuit),2037,O&M,Induced,job/mile,0.013,0.013,JEDI-US,JEDI-US,Fallback to JEDI-US because the raw table has no Rutovitz 2025 row for this specific transmission technology.,,,,,,,unmapped_constant,No matching Technology Catalogue or Rutovitz 2015 Table 1 construction-time row.,Linear interpolation,,,,,No catalogue ratio mapping; value held constant,2030,2037,0.013,Linear interpolation between known datapoints
Transmission (single circuit),2038,Construction&Manufacturing,Direct,job-yr/mile,0.12,0.12,JEDI-US,JEDI-US,Fallback to JEDI-US because the raw table has no Rutovitz 2025 row for this specific transmission technology.,,,,,,,unmapped_constant,No matching Technology Catalogue or Rutovitz 2015 Table 1 construction-time row.,Linear interpolation,,,,,No catalogue ratio mapping; value held constant,2030,2038,0.12,Linear interpolation between known datapoints
Transmission (single circuit),2038,Construction&Manufacturing,Indirect,job-yr/mile,0.3,0.3,JEDI-US,JEDI-US,Fallback to JEDI-US because the raw table has no Rutovitz 2025 row for this specific transmission technology.,,,,,,,unmapped_constant,No matching Technology Catalogue or Rutovitz 2015 Table 1 construction-time row.,Linear interpolation,,,,,No catalogue ratio mapping; value held constant,2030,2038,0.3,Linear interpolation between known datapoints
Transmission (single circuit),2038,Construction&Manufacturing,Induced,job-yr/mile,0.24,0.24,JEDI-US,JEDI-US,Fallback to JEDI-US because the raw table has no Rutovitz 2025 row for this specific transmission technology.,,,,,,,unmapped_constant,No matching Technology Catalogue or Rutovitz 2015 Table 1 construction-time row.,Linear interpolation,,,,,No catalogue ratio mapping; value held constant,2030,2038,0.24,Linear interpolation between known datapoints
Transmission (single circuit),2038,O&M,Direct,job/mile,0.0,0.0,JEDI-US,JEDI-US,Fallback to JEDI-US because the raw table has no Rutovitz 2025 row for this specific transmission technology.,,,,,,,unmapped_constant,No matching Technology Catalogue or Rutovitz 2015 Table 1 construction-time row.,Linear interpolation,,,,,No catalogue ratio mapping; value held constant,2030,2038,0.0,Linear interpolation between known datapoints
Transmission (single circuit),2038,O&M,Indirect,job/mile,0.026,0.026,JEDI-US,JEDI-US,Fallback to JEDI-US because the raw table has no Rutovitz 2025 row for this specific transmission technology.,,,,,,,unmapped_constant,No matching Technology Catalogue or Rutovitz 2015 Table 1 construction-time row.,Linear interpolation,,,,,No catalogue ratio mapping; value held constant,2030,2038,0.026,Linear interpolation between known datapoints
Transmission (single circuit),2038,O&M,Induced,job/mile,0.013,0.013,JEDI-US,JEDI-US,Fallback to JEDI-US because the raw table has no Rutovitz 2025 row for this specific transmission technology.,,,,,,,unmapped_constant,No matching Technology Catalogue or Rutovitz 2015 Table 1 construction-time row.,Linear interpolation,,,,,No catalogue ratio mapping; value held constant,2030,2038,0.013,Linear interpolation between known datapoints
Transmission (single circuit),2039,Construction&Manufacturing,Direct,job-yr/mile,0.12,0.12,JEDI-US,JEDI-US,Fallback to JEDI-US because the raw table has no Rutovitz 2025 row for this specific transmission technology.,,,,,,,unmapped_constant,No matching Technology Catalogue or Rutovitz 2015 Table 1 construction-time row.,Linear interpolation,,,,,No catalogue ratio mapping; value held constant,2030,2039,0.12,Linear interpolation between known datapoints
Transmission (single circuit),2039,Construction&Manufacturing,Indirect,job-yr/mile,0.3,0.3,JEDI-US,JEDI-US,Fallback to JEDI-US because the raw table has no Rutovitz 2025 row for this specific transmission technology.,,,,,,,unmapped_constant,No matching Technology Catalogue or Rutovitz 2015 Table 1 construction-time row.,Linear interpolation,,,,,No catalogue ratio mapping; value held constant,2030,2039,0.3,Linear interpolation between known datapoints
Transmission (single circuit),2039,Construction&Manufacturing,Induced,job-yr/mile,0.24,0.24,JEDI-US,JEDI-US,Fallback to JEDI-US because the raw table has no Rutovitz 2025 row for this specific transmission technology.,,,,,,,unmapped_constant,No matching Technology Catalogue or Rutovitz 2015 Table 1 construction-time row.,Linear interpolation,,,,,No catalogue ratio mapping; value held constant,2030,2039,0.24,Linear interpolation between known datapoints
Transmission (single circuit),2039,O&M,Direct,job/mile,0.0,0.0,JEDI-US,JEDI-US,Fallback to JEDI-US because the raw table has no Rutovitz 2025 row for this specific transmission technology.,,,,,,,unmapped_constant,No matching Technology Catalogue or Rutovitz 2015 Table 1 construction-time row.,Linear interpolation,,,,,No catalogue ratio mapping; value held constant,2030,2039,0.0,Linear interpolation between known datapoints
Transmission (single circuit),2039,O&M,Indirect,job/mile,0.026,0.026,JEDI-US,JEDI-US,Fallback to JEDI-US because the raw table has no Rutovitz 2025 row for this specific transmission technology.,,,,,,,unmapped_constant,No matching Technology Catalogue or Rutovitz 2015 Table 1 construction-time row.,Linear interpolation,,,,,No catalogue ratio mapping; value held constant,2030,2039,0.026,Linear interpolation between known datapoints
Transmission (single circuit),2039,O&M,Induced,job/mile,0.013,0.013,JEDI-US,JEDI-US,Fallback to JEDI-US because the raw table has no Rutovitz 2025 row for this specific transmission technology.,,,,,,,unmapped_constant,No matching Technology Catalogue or Rutovitz 2015 Table 1 construction-time row.,Linear interpolation,,,,,No catalogue ratio mapping; value held constant,2030,2039,0.013,Linear interpolation between known datapoints
Transmission (single circuit),2040,Construction&Manufacturing,Direct,job-yr/mile,0.12,0.12,JEDI-US,JEDI-US,Fallback to JEDI-US because the raw table has no Rutovitz 2025 row for this specific transmission technology.,,,,,,,unmapped_constant,No matching Technology Catalogue or Rutovitz 2015 Table 1 construction-time row.,Linear interpolation,,,,,No catalogue ratio mapping; value held constant,2030,2040,0.12,Linear interpolation between known datapoints
Transmission (single circuit),2040,Construction&Manufacturing,Indirect,job-yr/mile,0.3,0.3,JEDI-US,JEDI-US,Fallback to JEDI-US because the raw table has no Rutovitz 2025 row for this specific transmission technology.,,,,,,,unmapped_constant,No matching Technology Catalogue or Rutovitz 2015 Table 1 construction-time row.,Linear interpolation,,,,,No catalogue ratio mapping; value held constant,2030,2040,0.3,Linear interpolation between known datapoints
Transmission (single circuit),2040,Construction&Manufacturing,Induced,job-yr/mile,0.24,0.24,JEDI-US,JEDI-US,Fallback to JEDI-US because the raw table has no Rutovitz 2025 row for this specific transmission technology.,,,,,,,unmapped_constant,No matching Technology Catalogue or Rutovitz 2015 Table 1 construction-time row.,Linear interpolation,,,,,No catalogue ratio mapping; value held constant,2030,2040,0.24,Linear interpolation between known datapoints
Transmission (single circuit),2040,O&M,Direct,job/mile,0.0,0.0,JEDI-US,JEDI-US,Fallback to JEDI-US because the raw table has no Rutovitz 2025 row for this specific transmission technology.,,,,,,,unmapped_constant,No matching Technology Catalogue or Rutovitz 2015 Table 1 construction-time row.,Linear interpolation,,,,,No catalogue ratio mapping; value held constant,2030,2040,0.0,Linear interpolation between known datapoints
Transmission (single circuit),2040,O&M,Indirect,job/mile,0.026,0.026,JEDI-US,JEDI-US,Fallback to JEDI-US because the raw table has no Rutovitz 2025 row for this specific transmission technology.,,,,,,,unmapped_constant,No matching Technology Catalogue or Rutovitz 2015 Table 1 construction-time row.,Linear interpolation,,,,,No catalogue ratio mapping; value held constant,2030,2040,0.026,Linear interpolation between known datapoints
Transmission (single circuit),2040,O&M,Induced,job/mile,0.013,0.013,JEDI-US,JEDI-US,Fallback to JEDI-US because the raw table has no Rutovitz 2025 row for this specific transmission technology.,,,,,,,unmapped_constant,No matching Technology Catalogue or Rutovitz 2015 Table 1 construction-time row.,Linear interpolation,,,,,No catalogue ratio mapping; value held constant,2030,2040,0.013,Linear interpolation between known datapoints
Transmission (single circuit),2041,Construction&Manufacturing,Direct,job-yr/mile,0.12,0.12,JEDI-US,JEDI-US,Fallback to JEDI-US because the raw table has no Rutovitz 2025 row for this specific transmission technology.,,,,,,,unmapped_constant,No matching Technology Catalogue or Rutovitz 2015 Table 1 construction-time row.,Linear interpolation,,,,,No catalogue ratio mapping; value held constant,2030,2041,0.12,Linear interpolation between known datapoints
Transmission (single circuit),2041,Construction&Manufacturing,Indirect,job-yr/mile,0.3,0.3,JEDI-US,JEDI-US,Fallback to JEDI-US because the raw table has no Rutovitz 2025 row for this specific transmission technology.,,,,,,,unmapped_constant,No matching Technology Catalogue or Rutovitz 2015 Table 1 construction-time row.,Linear interpolation,,,,,No catalogue ratio mapping; value held constant,2030,2041,0.3,Linear interpolation between known datapoints
Transmission (single circuit),2041,Construction&Manufacturing,Induced,job-yr/mile,0.24,0.24,JEDI-US,JEDI-US,Fallback to JEDI-US because the raw table has no Rutovitz 2025 row for this specific transmission technology.,,,,,,,unmapped_constant,No matching Technology Catalogue or Rutovitz 2015 Table 1 construction-time row.,Linear interpolation,,,,,No catalogue ratio mapping; value held constant,2030,2041,0.24,Linear interpolation between known datapoints
Transmission (single circuit),2041,O&M,Direct,job/mile,0.0,0.0,JEDI-US,JEDI-US,Fallback to JEDI-US because the raw table has no Rutovitz 2025 row for this specific transmission technology.,,,,,,,unmapped_constant,No matching Technology Catalogue or Rutovitz 2015 Table 1 construction-time row.,Linear interpolation,,,,,No catalogue ratio mapping; value held constant,2030,2041,0.0,Linear interpolation between known datapoints
Transmission (single circuit),2041,O&M,Indirect,job/mile,0.026,0.026,JEDI-US,JEDI-US,Fallback to JEDI-US because the raw table has no Rutovitz 2025 row for this specific transmission technology.,,,,,,,unmapped_constant,No matching Technology Catalogue or Rutovitz 2015 Table 1 construction-time row.,Linear interpolation,,,,,No catalogue ratio mapping; value held constant,2030,2041,0.026,Linear interpolation between known datapoints
Transmission (single circuit),2041,O&M,Induced,job/mile,0.013,0.013,JEDI-US,JEDI-US,Fallback to JEDI-US because the raw table has no Rutovitz 2025 row for this specific transmission technology.,,,,,,,unmapped_constant,No matching Technology Catalogue or Rutovitz 2015 Table 1 construction-time row.,Linear interpolation,,,,,No catalogue ratio mapping; value held constant,2030,2041,0.013,Linear interpolation between known datapoints
Transmission (single circuit),2042,Construction&Manufacturing,Direct,job-yr/mile,0.12,0.12,JEDI-US,JEDI-US,Fallback to JEDI-US because the raw table has no Rutovitz 2025 row for this specific transmission technology.,,,,,,,unmapped_constant,No matching Technology Catalogue or Rutovitz 2015 Table 1 construction-time row.,Linear interpolation,,,,,No catalogue ratio mapping; value held constant,2030,2042,0.12,Linear interpolation between known datapoints
Transmission (single circuit),2042,Construction&Manufacturing,Indirect,job-yr/mile,0.3,0.3,JEDI-US,JEDI-US,Fallback to JEDI-US because the raw table has no Rutovitz 2025 row for this specific transmission technology.,,,,,,,unmapped_constant,No matching Technology Catalogue or Rutovitz 2015 Table 1 construction-time row.,Linear interpolation,,,,,No catalogue ratio mapping; value held constant,2030,2042,0.3,Linear interpolation between known datapoints
Transmission (single circuit),2042,Construction&Manufacturing,Induced,job-yr/mile,0.24,0.24,JEDI-US,JEDI-US,Fallback to JEDI-US because the raw table has no Rutovitz 2025 row for this specific transmission technology.,,,,,,,unmapped_constant,No matching Technology Catalogue or Rutovitz 2015 Table 1 construction-time row.,Linear interpolation,,,,,No catalogue ratio mapping; value held constant,2030,2042,0.24,Linear interpolation between known datapoints
Transmission (single circuit),2042,O&M,Direct,job/mile,0.0,0.0,JEDI-US,JEDI-US,Fallback to JEDI-US because the raw table has no Rutovitz 2025 row for this specific transmission technology.,,,,,,,unmapped_constant,No matching Technology Catalogue or Rutovitz 2015 Table 1 construction-time row.,Linear interpolation,,,,,No catalogue ratio mapping; value held constant,2030,2042,0.0,Linear interpolation between known datapoints
Transmission (single circuit),2042,O&M,Indirect,job/mile,0.026,0.026,JEDI-US,JEDI-US,Fallback to JEDI-US because the raw table has no Rutovitz 2025 row for this specific transmission technology.,,,,,,,unmapped_constant,No matching Technology Catalogue or Rutovitz 2015 Table 1 construction-time row.,Linear interpolation,,,,,No catalogue ratio mapping; value held constant,2030,2042,0.026,Linear interpolation between known datapoints
Transmission (single circuit),2042,O&M,Induced,job/mile,0.013,0.013,JEDI-US,JEDI-US,Fallback to JEDI-US because the raw table has no Rutovitz 2025 row for this specific transmission technology.,,,,,,,unmapped_constant,No matching Technology Catalogue or Rutovitz 2015 Table 1 construction-time row.,Linear interpolation,,,,,No catalogue ratio mapping; value held constant,2030,2042,0.013,Linear interpolation between known datapoints
Transmission (single circuit),2043,Construction&Manufacturing,Direct,job-yr/mile,0.12,0.12,JEDI-US,JEDI-US,Fallback to JEDI-US because the raw table has no Rutovitz 2025 row for this specific transmission technology.,,,,,,,unmapped_constant,No matching Technology Catalogue or Rutovitz 2015 Table 1 construction-time row.,Linear interpolation,,,,,No catalogue ratio mapping; value held constant,2030,2043,0.12,Linear interpolation between known datapoints
Transmission (single circuit),2043,Construction&Manufacturing,Indirect,job-yr/mile,0.3,0.3,JEDI-US,JEDI-US,Fallback to JEDI-US because the raw table has no Rutovitz 2025 row for this specific transmission technology.,,,,,,,unmapped_constant,No matching Technology Catalogue or Rutovitz 2015 Table 1 construction-time row.,Linear interpolation,,,,,No catalogue ratio mapping; value held constant,2030,2043,0.3,Linear interpolation between known datapoints
Transmission (single circuit),2043,Construction&Manufacturing,Induced,job-yr/mile,0.24,0.24,JEDI-US,JEDI-US,Fallback to JEDI-US because the raw table has no Rutovitz 2025 row for this specific transmission technology.,,,,,,,unmapped_constant,No matching Technology Catalogue or Rutovitz 2015 Table 1 construction-time row.,Linear interpolation,,,,,No catalogue ratio mapping; value held constant,2030,2043,0.24,Linear interpolation between known datapoints
Transmission (single circuit),2043,O&M,Direct,job/mile,0.0,0.0,JEDI-US,JEDI-US,Fallback to JEDI-US because the raw table has no Rutovitz 2025 row for this specific transmission technology.,,,,,,,unmapped_constant,No matching Technology Catalogue or Rutovitz 2015 Table 1 construction-time row.,Linear interpolation,,,,,No catalogue ratio mapping; value held constant,2030,2043,0.0,Linear interpolation between known datapoints
Transmission (single circuit),2043,O&M,Indirect,job/mile,0.026,0.026,JEDI-US,JEDI-US,Fallback to JEDI-US because the raw table has no Rutovitz 2025 row for this specific transmission technology.,,,,,,,unmapped_constant,No matching Technology Catalogue or Rutovitz 2015 Table 1 construction-time row.,Linear interpolation,,,,,No catalogue ratio mapping; value held constant,2030,2043,0.026,Linear interpolation between known datapoints
Transmission (single circuit),2043,O&M,Induced,job/mile,0.013,0.013,JEDI-US,JEDI-US,Fallback to JEDI-US because the raw table has no Rutovitz 2025 row for this specific transmission technology.,,,,,,,unmapped_constant,No matching Technology Catalogue or Rutovitz 2015 Table 1 construction-time row.,Linear interpolation,,,,,No catalogue ratio mapping; value held constant,2030,2043,0.013,Linear interpolation between known datapoints
Transmission (single circuit),2044,Construction&Manufacturing,Direct,job-yr/mile,0.12,0.12,JEDI-US,JEDI-US,Fallback to JEDI-US because the raw table has no Rutovitz 2025 row for this specific transmission technology.,,,,,,,unmapped_constant,No matching Technology Catalogue or Rutovitz 2015 Table 1 construction-time row.,Linear interpolation,,,,,No catalogue ratio mapping; value held constant,2030,2044,0.12,Linear interpolation between known datapoints
Transmission (single circuit),2044,Construction&Manufacturing,Indirect,job-yr/mile,0.3,0.3,JEDI-US,JEDI-US,Fallback to JEDI-US because the raw table has no Rutovitz 2025 row for this specific transmission technology.,,,,,,,unmapped_constant,No matching Technology Catalogue or Rutovitz 2015 Table 1 construction-time row.,Linear interpolation,,,,,No catalogue ratio mapping; value held constant,2030,2044,0.3,Linear interpolation between known datapoints
Transmission (single circuit),2044,Construction&Manufacturing,Induced,job-yr/mile,0.24,0.24,JEDI-US,JEDI-US,Fallback to JEDI-US because the raw table has no Rutovitz 2025 row for this specific transmission technology.,,,,,,,unmapped_constant,No matching Technology Catalogue or Rutovitz 2015 Table 1 construction-time row.,Linear interpolation,,,,,No catalogue ratio mapping; value held constant,2030,2044,0.24,Linear interpolation between known datapoints
Transmission (single circuit),2044,O&M,Direct,job/mile,0.0,0.0,JEDI-US,JEDI-US,Fallback to JEDI-US because the raw table has no Rutovitz 2025 row for this specific transmission technology.,,,,,,,unmapped_constant,No matching Technology Catalogue or Rutovitz 2015 Table 1 construction-time row.,Linear interpolation,,,,,No catalogue ratio mapping; value held constant,2030,2044,0.0,Linear interpolation between known datapoints
Transmission (single circuit),2044,O&M,Indirect,job/mile,0.026,0.026,JEDI-US,JEDI-US,Fallback to JEDI-US because the raw table has no Rutovitz 2025 row for this specific transmission technology.,,,,,,,unmapped_constant,No matching Technology Catalogue or Rutovitz 2015 Table 1 construction-time row.,Linear interpolation,,,,,No catalogue ratio mapping; value held constant,2030,2044,0.026,Linear interpolation between known datapoints
Transmission (single circuit),2044,O&M,Induced,job/mile,0.013,0.013,JEDI-US,JEDI-US,Fallback to JEDI-US because the raw table has no Rutovitz 2025 row for this specific transmission technology.,,,,,,,unmapped_constant,No matching Technology Catalogue or Rutovitz 2015 Table 1 construction-time row.,Linear interpolation,,,,,No catalogue ratio mapping; value held constant,2030,2044,0.013,Linear interpolation between known datapoints
Transmission (single circuit),2045,Construction&Manufacturing,Direct,job-yr/mile,0.12,0.12,JEDI-US,JEDI-US,Fallback to JEDI-US because the raw table has no Rutovitz 2025 row for this specific transmission technology.,,,,,,,unmapped_constant,No matching Technology Catalogue or Rutovitz 2015 Table 1 construction-time row.,Linear interpolation,,,,,No catalogue ratio mapping; value held constant,2030,2045,0.12,Linear interpolation between known datapoints
Transmission (single circuit),2045,Construction&Manufacturing,Indirect,job-yr/mile,0.3,0.3,JEDI-US,JEDI-US,Fallback to JEDI-US because the raw table has no Rutovitz 2025 row for this specific transmission technology.,,,,,,,unmapped_constant,No matching Technology Catalogue or Rutovitz 2015 Table 1 construction-time row.,Linear interpolation,,,,,No catalogue ratio mapping; value held constant,2030,2045,0.3,Linear interpolation between known datapoints
Transmission (single circuit),2045,Construction&Manufacturing,Induced,job-yr/mile,0.24,0.24,JEDI-US,JEDI-US,Fallback to JEDI-US because the raw table has no Rutovitz 2025 row for this specific transmission technology.,,,,,,,unmapped_constant,No matching Technology Catalogue or Rutovitz 2015 Table 1 construction-time row.,Linear interpolation,,,,,No catalogue ratio mapping; value held constant,2030,2045,0.24,Linear interpolation between known datapoints
Transmission (single circuit),2045,O&M,Direct,job/mile,0.0,0.0,JEDI-US,JEDI-US,Fallback to JEDI-US because the raw table has no Rutovitz 2025 row for this specific transmission technology.,,,,,,,unmapped_constant,No matching Technology Catalogue or Rutovitz 2015 Table 1 construction-time row.,Linear interpolation,,,,,No catalogue ratio mapping; value held constant,2030,2045,0.0,Linear interpolation between known datapoints
Transmission (single circuit),2045,O&M,Indirect,job/mile,0.026,0.026,JEDI-US,JEDI-US,Fallback to JEDI-US because the raw table has no Rutovitz 2025 row for this specific transmission technology.,,,,,,,unmapped_constant,No matching Technology Catalogue or Rutovitz 2015 Table 1 construction-time row.,Linear interpolation,,,,,No catalogue ratio mapping; value held constant,2030,2045,0.026,Linear interpolation between known datapoints
Transmission (single circuit),2045,O&M,Induced,job/mile,0.013,0.013,JEDI-US,JEDI-US,Fallback to JEDI-US because the raw table has no Rutovitz 2025 row for this specific transmission technology.,,,,,,,unmapped_constant,No matching Technology Catalogue or Rutovitz 2015 Table 1 construction-time row.,Linear interpolation,,,,,No catalogue ratio mapping; value held constant,2030,2045,0.013,Linear interpolation between known datapoints
Transmission (single circuit),2046,Construction&Manufacturing,Direct,job-yr/mile,0.12,0.12,JEDI-US,JEDI-US,Fallback to JEDI-US because the raw table has no Rutovitz 2025 row for this specific transmission technology.,,,,,,,unmapped_constant,No matching Technology Catalogue or Rutovitz 2015 Table 1 construction-time row.,Linear interpolation,,,,,No catalogue ratio mapping; value held constant,2030,2046,0.12,Linear interpolation between known datapoints
Transmission (single circuit),2046,Construction&Manufacturing,Indirect,job-yr/mile,0.3,0.3,JEDI-US,JEDI-US,Fallback to JEDI-US because the raw table has no Rutovitz 2025 row for this specific transmission technology.,,,,,,,unmapped_constant,No matching Technology Catalogue or Rutovitz 2015 Table 1 construction-time row.,Linear interpolation,,,,,No catalogue ratio mapping; value held constant,2030,2046,0.3,Linear interpolation between known datapoints
Transmission (single circuit),2046,Construction&Manufacturing,Induced,job-yr/mile,0.24,0.24,JEDI-US,JEDI-US,Fallback to JEDI-US because the raw table has no Rutovitz 2025 row for this specific transmission technology.,,,,,,,unmapped_constant,No matching Technology Catalogue or Rutovitz 2015 Table 1 construction-time row.,Linear interpolation,,,,,No catalogue ratio mapping; value held constant,2030,2046,0.24,Linear interpolation between known datapoints
Transmission (single circuit),2046,O&M,Direct,job/mile,0.0,0.0,JEDI-US,JEDI-US,Fallback to JEDI-US because the raw table has no Rutovitz 2025 row for this specific transmission technology.,,,,,,,unmapped_constant,No matching Technology Catalogue or Rutovitz 2015 Table 1 construction-time row.,Linear interpolation,,,,,No catalogue ratio mapping; value held constant,2030,2046,0.0,Linear interpolation between known datapoints
Transmission (single circuit),2046,O&M,Indirect,job/mile,0.026,0.026,JEDI-US,JEDI-US,Fallback to JEDI-US because the raw table has no Rutovitz 2025 row for this specific transmission technology.,,,,,,,unmapped_constant,No matching Technology Catalogue or Rutovitz 2015 Table 1 construction-time row.,Linear interpolation,,,,,No catalogue ratio mapping; value held constant,2030,2046,0.026,Linear interpolation between known datapoints
Transmission (single circuit),2046,O&M,Induced,job/mile,0.013,0.013,JEDI-US,JEDI-US,Fallback to JEDI-US because the raw table has no Rutovitz 2025 row for this specific transmission technology.,,,,,,,unmapped_constant,No matching Technology Catalogue or Rutovitz 2015 Table 1 construction-time row.,Linear interpolation,,,,,No catalogue ratio mapping; value held constant,2030,2046,0.013,Linear interpolation between known datapoints
Transmission (single circuit),2047,Construction&Manufacturing,Direct,job-yr/mile,0.12,0.12,JEDI-US,JEDI-US,Fallback to JEDI-US because the raw table has no Rutovitz 2025 row for this specific transmission technology.,,,,,,,unmapped_constant,No matching Technology Catalogue or Rutovitz 2015 Table 1 construction-time row.,Linear interpolation,,,,,No catalogue ratio mapping; value held constant,2030,2047,0.12,Linear interpolation between known datapoints
Transmission (single circuit),2047,Construction&Manufacturing,Indirect,job-yr/mile,0.3,0.3,JEDI-US,JEDI-US,Fallback to JEDI-US because the raw table has no Rutovitz 2025 row for this specific transmission technology.,,,,,,,unmapped_constant,No matching Technology Catalogue or Rutovitz 2015 Table 1 construction-time row.,Linear interpolation,,,,,No catalogue ratio mapping; value held constant,2030,2047,0.3,Linear interpolation between known datapoints
Transmission (single circuit),2047,Construction&Manufacturing,Induced,job-yr/mile,0.24,0.24,JEDI-US,JEDI-US,Fallback to JEDI-US because the raw table has no Rutovitz 2025 row for this specific transmission technology.,,,,,,,unmapped_constant,No matching Technology Catalogue or Rutovitz 2015 Table 1 construction-time row.,Linear interpolation,,,,,No catalogue ratio mapping; value held constant,2030,2047,0.24,Linear interpolation between known datapoints
Transmission (single circuit),2047,O&M,Direct,job/mile,0.0,0.0,JEDI-US,JEDI-US,Fallback to JEDI-US because the raw table has no Rutovitz 2025 row for this specific transmission technology.,,,,,,,unmapped_constant,No matching Technology Catalogue or Rutovitz 2015 Table 1 construction-time row.,Linear interpolation,,,,,No catalogue ratio mapping; value held constant,2030,2047,0.0,Linear interpolation between known datapoints
Transmission (single circuit),2047,O&M,Indirect,job/mile,0.026,0.026,JEDI-US,JEDI-US,Fallback to JEDI-US because the raw table has no Rutovitz 2025 row for this specific transmission technology.,,,,,,,unmapped_constant,No matching Technology Catalogue or Rutovitz 2015 Table 1 construction-time row.,Linear interpolation,,,,,No catalogue ratio mapping; value held constant,2030,2047,0.026,Linear interpolation between known datapoints
Transmission (single circuit),2047,O&M,Induced,job/mile,0.013,0.013,JEDI-US,JEDI-US,Fallback to JEDI-US because the raw table has no Rutovitz 2025 row for this specific transmission technology.,,,,,,,unmapped_constant,No matching Technology Catalogue or Rutovitz 2015 Table 1 construction-time row.,Linear interpolation,,,,,No catalogue ratio mapping; value held constant,2030,2047,0.013,Linear interpolation between known datapoints
Transmission (single circuit),2048,Construction&Manufacturing,Direct,job-yr/mile,0.12,0.12,JEDI-US,JEDI-US,Fallback to JEDI-US because the raw table has no Rutovitz 2025 row for this specific transmission technology.,,,,,,,unmapped_constant,No matching Technology Catalogue or Rutovitz 2015 Table 1 construction-time row.,Linear interpolation,,,,,No catalogue ratio mapping; value held constant,2030,2048,0.12,Linear interpolation between known datapoints
Transmission (single circuit),2048,Construction&Manufacturing,Indirect,job-yr/mile,0.3,0.3,JEDI-US,JEDI-US,Fallback to JEDI-US because the raw table has no Rutovitz 2025 row for this specific transmission technology.,,,,,,,unmapped_constant,No matching Technology Catalogue or Rutovitz 2015 Table 1 construction-time row.,Linear interpolation,,,,,No catalogue ratio mapping; value held constant,2030,2048,0.3,Linear interpolation between known datapoints
Transmission (single circuit),2048,Construction&Manufacturing,Induced,job-yr/mile,0.24,0.24,JEDI-US,JEDI-US,Fallback to JEDI-US because the raw table has no Rutovitz 2025 row for this specific transmission technology.,,,,,,,unmapped_constant,No matching Technology Catalogue or Rutovitz 2015 Table 1 construction-time row.,Linear interpolation,,,,,No catalogue ratio mapping; value held constant,2030,2048,0.24,Linear interpolation between known datapoints
Transmission (single circuit),2048,O&M,Direct,job/mile,0.0,0.0,JEDI-US,JEDI-US,Fallback to JEDI-US because the raw table has no Rutovitz 2025 row for this specific transmission technology.,,,,,,,unmapped_constant,No matching Technology Catalogue or Rutovitz 2015 Table 1 construction-time row.,Linear interpolation,,,,,No catalogue ratio mapping; value held constant,2030,2048,0.0,Linear interpolation between known datapoints
Transmission (single circuit),2048,O&M,Indirect,job/mile,0.026,0.026,JEDI-US,JEDI-US,Fallback to JEDI-US because the raw table has no Rutovitz 2025 row for this specific transmission technology.,,,,,,,unmapped_constant,No matching Technology Catalogue or Rutovitz 2015 Table 1 construction-time row.,Linear interpolation,,,,,No catalogue ratio mapping; value held constant,2030,2048,0.026,Linear interpolation between known datapoints
Transmission (single circuit),2048,O&M,Induced,job/mile,0.013,0.013,JEDI-US,JEDI-US,Fallback to JEDI-US because the raw table has no Rutovitz 2025 row for this specific transmission technology.,,,,,,,unmapped_constant,No matching Technology Catalogue or Rutovitz 2015 Table 1 construction-time row.,Linear interpolation,,,,,No catalogue ratio mapping; value held constant,2030,2048,0.013,Linear interpolation between known datapoints
Transmission (single circuit),2049,Construction&Manufacturing,Direct,job-yr/mile,0.12,0.12,JEDI-US,JEDI-US,Fallback to JEDI-US because the raw table has no Rutovitz 2025 row for this specific transmission technology.,,,,,,,unmapped_constant,No matching Technology Catalogue or Rutovitz 2015 Table 1 construction-time row.,Linear interpolation,,,,,No catalogue ratio mapping; value held constant,2030,2049,0.12,Linear interpolation between known datapoints
Transmission (single circuit),2049,Construction&Manufacturing,Indirect,job-yr/mile,0.3,0.3,JEDI-US,JEDI-US,Fallback to JEDI-US because the raw table has no Rutovitz 2025 row for this specific transmission technology.,,,,,,,unmapped_constant,No matching Technology Catalogue or Rutovitz 2015 Table 1 construction-time row.,Linear interpolation,,,,,No catalogue ratio mapping; value held constant,2030,2049,0.3,Linear interpolation between known datapoints
Transmission (single circuit),2049,Construction&Manufacturing,Induced,job-yr/mile,0.24,0.24,JEDI-US,JEDI-US,Fallback to JEDI-US because the raw table has no Rutovitz 2025 row for this specific transmission technology.,,,,,,,unmapped_constant,No matching Technology Catalogue or Rutovitz 2015 Table 1 construction-time row.,Linear interpolation,,,,,No catalogue ratio mapping; value held constant,2030,2049,0.24,Linear interpolation between known datapoints
Transmission (single circuit),2049,O&M,Direct,job/mile,0.0,0.0,JEDI-US,JEDI-US,Fallback to JEDI-US because the raw table has no Rutovitz 2025 row for this specific transmission technology.,,,,,,,unmapped_constant,No matching Technology Catalogue or Rutovitz 2015 Table 1 construction-time row.,Linear interpolation,,,,,No catalogue ratio mapping; value held constant,2030,2049,0.0,Linear interpolation between known datapoints
Transmission (single circuit),2049,O&M,Indirect,job/mile,0.026,0.026,JEDI-US,JEDI-US,Fallback to JEDI-US because the raw table has no Rutovitz 2025 row for this specific transmission technology.,,,,,,,unmapped_constant,No matching Technology Catalogue or Rutovitz 2015 Table 1 construction-time row.,Linear interpolation,,,,,No catalogue ratio mapping; value held constant,2030,2049,0.026,Linear interpolation between known datapoints
Transmission (single circuit),2049,O&M,Induced,job/mile,0.013,0.013,JEDI-US,JEDI-US,Fallback to JEDI-US because the raw table has no Rutovitz 2025 row for this specific transmission technology.,,,,,,,unmapped_constant,No matching Technology Catalogue or Rutovitz 2015 Table 1 construction-time row.,Linear interpolation,,,,,No catalogue ratio mapping; value held constant,2030,2049,0.013,Linear interpolation between known datapoints
Transmission (single circuit),2050,Construction&Manufacturing,Direct,job-yr/mile,0.12,0.12,JEDI-US,JEDI-US,Fallback to JEDI-US because the raw table has no Rutovitz 2025 row for this specific transmission technology.,,,,,,,unmapped_constant,No matching Technology Catalogue or Rutovitz 2015 Table 1 construction-time row.,Constant projection for unmapped catalogue ratio,,,,,No catalogue ratio mapping; value held constant,2030,2050,0.12,Known datapoint
Transmission (single circuit),2050,Construction&Manufacturing,Indirect,job-yr/mile,0.3,0.3,JEDI-US,JEDI-US,Fallback to JEDI-US because the raw table has no Rutovitz 2025 row for this specific transmission technology.,,,,,,,unmapped_constant,No matching Technology Catalogue or Rutovitz 2015 Table 1 construction-time row.,Constant projection for unmapped catalogue ratio,,,,,No catalogue ratio mapping; value held constant,2030,2050,0.3,Known datapoint
Transmission (single circuit),2050,Construction&Manufacturing,Induced,job-yr/mile,0.24,0.24,JEDI-US,JEDI-US,Fallback to JEDI-US because the raw table has no Rutovitz 2025 row for this specific transmission technology.,,,,,,,unmapped_constant,No matching Technology Catalogue or Rutovitz 2015 Table 1 construction-time row.,Constant projection for unmapped catalogue ratio,,,,,No catalogue ratio mapping; value held constant,2030,2050,0.24,Known datapoint
Transmission (single circuit),2050,O&M,Direct,job/mile,0.0,0.0,JEDI-US,JEDI-US,Fallback to JEDI-US because the raw table has no Rutovitz 2025 row for this specific transmission technology.,,,,,,,unmapped_constant,No matching Technology Catalogue or Rutovitz 2015 Table 1 construction-time row.,Constant projection for unmapped catalogue ratio,,,,,No catalogue ratio mapping; value held constant,2030,2050,0.0,Known datapoint
Transmission (single circuit),2050,O&M,Indirect,job/mile,0.026,0.026,JEDI-US,JEDI-US,Fallback to JEDI-US because the raw table has no Rutovitz 2025 row for this specific transmission technology.,,,,,,,unmapped_constant,No matching Technology Catalogue or Rutovitz 2015 Table 1 construction-time row.,Constant projection for unmapped catalogue ratio,,,,,No catalogue ratio mapping; value held constant,2030,2050,0.026,Known datapoint
Transmission (single circuit),2050,O&M,Induced,job/mile,0.013,0.013,JEDI-US,JEDI-US,Fallback to JEDI-US because the raw table has no Rutovitz 2025 row for this specific transmission technology.,,,,,,,unmapped_constant,No matching Technology Catalogue or Rutovitz 2015 Table 1 construction-time row.,Constant projection for unmapped catalogue ratio,,,,,No catalogue ratio mapping; value held constant,2030,2050,0.013,Known datapoint
Transmission (single circuit),2051,Construction&Manufacturing,Direct,job-yr/mile,0.12,0.12,JEDI-US,JEDI-US,Fallback to JEDI-US because the raw table has no Rutovitz 2025 row for this specific transmission technology.,,,,,,,unmapped_constant,No matching Technology Catalogue or Rutovitz 2015 Table 1 construction-time row.,Linear interpolation,,,,,No catalogue ratio mapping; value held constant,2030,2051,0.12,Linear interpolation to 2050; held constant after 2050
Transmission (single circuit),2051,Construction&Manufacturing,Indirect,job-yr/mile,0.3,0.3,JEDI-US,JEDI-US,Fallback to JEDI-US because the raw table has no Rutovitz 2025 row for this specific transmission technology.,,,,,,,unmapped_constant,No matching Technology Catalogue or Rutovitz 2015 Table 1 construction-time row.,Linear interpolation,,,,,No catalogue ratio mapping; value held constant,2030,2051,0.3,Linear interpolation to 2050; held constant after 2050
Transmission (single circuit),2051,Construction&Manufacturing,Induced,job-yr/mile,0.24,0.24,JEDI-US,JEDI-US,Fallback to JEDI-US because the raw table has no Rutovitz 2025 row for this specific transmission technology.,,,,,,,unmapped_constant,No matching Technology Catalogue or Rutovitz 2015 Table 1 construction-time row.,Linear interpolation,,,,,No catalogue ratio mapping; value held constant,2030,2051,0.24,Linear interpolation to 2050; held constant after 2050
Transmission (single circuit),2051,O&M,Direct,job/mile,0.0,0.0,JEDI-US,JEDI-US,Fallback to JEDI-US because the raw table has no Rutovitz 2025 row for this specific transmission technology.,,,,,,,unmapped_constant,No matching Technology Catalogue or Rutovitz 2015 Table 1 construction-time row.,Linear interpolation,,,,,No catalogue ratio mapping; value held constant,2030,2051,0.0,Linear interpolation to 2050; held constant after 2050
Transmission (single circuit),2051,O&M,Indirect,job/mile,0.026,0.026,JEDI-US,JEDI-US,Fallback to JEDI-US because the raw table has no Rutovitz 2025 row for this specific transmission technology.,,,,,,,unmapped_constant,No matching Technology Catalogue or Rutovitz 2015 Table 1 construction-time row.,Linear interpolation,,,,,No catalogue ratio mapping; value held constant,2030,2051,0.026,Linear interpolation to 2050; held constant after 2050
Transmission (single circuit),2051,O&M,Induced,job/mile,0.013,0.013,JEDI-US,JEDI-US,Fallback to JEDI-US because the raw table has no Rutovitz 2025 row for this specific transmission technology.,,,,,,,unmapped_constant,No matching Technology Catalogue or Rutovitz 2015 Table 1 construction-time row.,Linear interpolation,,,,,No catalogue ratio mapping; value held constant,2030,2051,0.013,Linear interpolation to 2050; held constant after 2050
Transmission (single circuit),2052,Construction&Manufacturing,Direct,job-yr/mile,0.12,0.12,JEDI-US,JEDI-US,Fallback to JEDI-US because the raw table has no Rutovitz 2025 row for this specific transmission technology.,,,,,,,unmapped_constant,No matching Technology Catalogue or Rutovitz 2015 Table 1 construction-time row.,Linear interpolation,,,,,No catalogue ratio mapping; value held constant,2030,2052,0.12,Linear interpolation to 2050; held constant after 2050
Transmission (single circuit),2052,Construction&Manufacturing,Indirect,job-yr/mile,0.3,0.3,JEDI-US,JEDI-US,Fallback to JEDI-US because the raw table has no Rutovitz 2025 row for this specific transmission technology.,,,,,,,unmapped_constant,No matching Technology Catalogue or Rutovitz 2015 Table 1 construction-time row.,Linear interpolation,,,,,No catalogue ratio mapping; value held constant,2030,2052,0.3,Linear interpolation to 2050; held constant after 2050
Transmission (single circuit),2052,Construction&Manufacturing,Induced,job-yr/mile,0.24,0.24,JEDI-US,JEDI-US,Fallback to JEDI-US because the raw table has no Rutovitz 2025 row for this specific transmission technology.,,,,,,,unmapped_constant,No matching Technology Catalogue or Rutovitz 2015 Table 1 construction-time row.,Linear interpolation,,,,,No catalogue ratio mapping; value held constant,2030,2052,0.24,Linear interpolation to 2050; held constant after 2050
Transmission (single circuit),2052,O&M,Direct,job/mile,0.0,0.0,JEDI-US,JEDI-US,Fallback to JEDI-US because the raw table has no Rutovitz 2025 row for this specific transmission technology.,,,,,,,unmapped_constant,No matching Technology Catalogue or Rutovitz 2015 Table 1 construction-time row.,Linear interpolation,,,,,No catalogue ratio mapping; value held constant,2030,2052,0.0,Linear interpolation to 2050; held constant after 2050
Transmission (single circuit),2052,O&M,Indirect,job/mile,0.026,0.026,JEDI-US,JEDI-US,Fallback to JEDI-US because the raw table has no Rutovitz 2025 row for this specific transmission technology.,,,,,,,unmapped_constant,No matching Technology Catalogue or Rutovitz 2015 Table 1 construction-time row.,Linear interpolation,,,,,No catalogue ratio mapping; value held constant,2030,2052,0.026,Linear interpolation to 2050; held constant after 2050
Transmission (single circuit),2052,O&M,Induced,job/mile,0.013,0.013,JEDI-US,JEDI-US,Fallback to JEDI-US because the raw table has no Rutovitz 2025 row for this specific transmission technology.,,,,,,,unmapped_constant,No matching Technology Catalogue or Rutovitz 2015 Table 1 construction-time row.,Linear interpolation,,,,,No catalogue ratio mapping; value held constant,2030,2052,0.013,Linear interpolation to 2050; held constant after 2050
Transmission (single circuit),2053,Construction&Manufacturing,Direct,job-yr/mile,0.12,0.12,JEDI-US,JEDI-US,Fallback to JEDI-US because the raw table has no Rutovitz 2025 row for this specific transmission technology.,,,,,,,unmapped_constant,No matching Technology Catalogue or Rutovitz 2015 Table 1 construction-time row.,Linear interpolation,,,,,No catalogue ratio mapping; value held constant,2030,2053,0.12,Linear interpolation to 2050; held constant after 2050
Transmission (single circuit),2053,Construction&Manufacturing,Indirect,job-yr/mile,0.3,0.3,JEDI-US,JEDI-US,Fallback to JEDI-US because the raw table has no Rutovitz 2025 row for this specific transmission technology.,,,,,,,unmapped_constant,No matching Technology Catalogue or Rutovitz 2015 Table 1 construction-time row.,Linear interpolation,,,,,No catalogue ratio mapping; value held constant,2030,2053,0.3,Linear interpolation to 2050; held constant after 2050
Transmission (single circuit),2053,Construction&Manufacturing,Induced,job-yr/mile,0.24,0.24,JEDI-US,JEDI-US,Fallback to JEDI-US because the raw table has no Rutovitz 2025 row for this specific transmission technology.,,,,,,,unmapped_constant,No matching Technology Catalogue or Rutovitz 2015 Table 1 construction-time row.,Linear interpolation,,,,,No catalogue ratio mapping; value held constant,2030,2053,0.24,Linear interpolation to 2050; held constant after 2050
Transmission (single circuit),2053,O&M,Direct,job/mile,0.0,0.0,JEDI-US,JEDI-US,Fallback to JEDI-US because the raw table has no Rutovitz 2025 row for this specific transmission technology.,,,,,,,unmapped_constant,No matching Technology Catalogue or Rutovitz 2015 Table 1 construction-time row.,Linear interpolation,,,,,No catalogue ratio mapping; value held constant,2030,2053,0.0,Linear interpolation to 2050; held constant after 2050
Transmission (single circuit),2053,O&M,Indirect,job/mile,0.026,0.026,JEDI-US,JEDI-US,Fallback to JEDI-US because the raw table has no Rutovitz 2025 row for this specific transmission technology.,,,,,,,unmapped_constant,No matching Technology Catalogue or Rutovitz 2015 Table 1 construction-time row.,Linear interpolation,,,,,No catalogue ratio mapping; value held constant,2030,2053,0.026,Linear interpolation to 2050; held constant after 2050
Transmission (single circuit),2053,O&M,Induced,job/mile,0.013,0.013,JEDI-US,JEDI-US,Fallback to JEDI-US because the raw table has no Rutovitz 2025 row for this specific transmission technology.,,,,,,,unmapped_constant,No matching Technology Catalogue or Rutovitz 2015 Table 1 construction-time row.,Linear interpolation,,,,,No catalogue ratio mapping; value held constant,2030,2053,0.013,Linear interpolation to 2050; held constant after 2050
Transmission (single circuit),2054,Construction&Manufacturing,Direct,job-yr/mile,0.12,0.12,JEDI-US,JEDI-US,Fallback to JEDI-US because the raw table has no Rutovitz 2025 row for this specific transmission technology.,,,,,,,unmapped_constant,No matching Technology Catalogue or Rutovitz 2015 Table 1 construction-time row.,Linear interpolation,,,,,No catalogue ratio mapping; value held constant,2030,2054,0.12,Linear interpolation to 2050; held constant after 2050
Transmission (single circuit),2054,Construction&Manufacturing,Indirect,job-yr/mile,0.3,0.3,JEDI-US,JEDI-US,Fallback to JEDI-US because the raw table has no Rutovitz 2025 row for this specific transmission technology.,,,,,,,unmapped_constant,No matching Technology Catalogue or Rutovitz 2015 Table 1 construction-time row.,Linear interpolation,,,,,No catalogue ratio mapping; value held constant,2030,2054,0.3,Linear interpolation to 2050; held constant after 2050
Transmission (single circuit),2054,Construction&Manufacturing,Induced,job-yr/mile,0.24,0.24,JEDI-US,JEDI-US,Fallback to JEDI-US because the raw table has no Rutovitz 2025 row for this specific transmission technology.,,,,,,,unmapped_constant,No matching Technology Catalogue or Rutovitz 2015 Table 1 construction-time row.,Linear interpolation,,,,,No catalogue ratio mapping; value held constant,2030,2054,0.24,Linear interpolation to 2050; held constant after 2050
Transmission (single circuit),2054,O&M,Direct,job/mile,0.0,0.0,JEDI-US,JEDI-US,Fallback to JEDI-US because the raw table has no Rutovitz 2025 row for this specific transmission technology.,,,,,,,unmapped_constant,No matching Technology Catalogue or Rutovitz 2015 Table 1 construction-time row.,Linear interpolation,,,,,No catalogue ratio mapping; value held constant,2030,2054,0.0,Linear interpolation to 2050; held constant after 2050
Transmission (single circuit),2054,O&M,Indirect,job/mile,0.026,0.026,JEDI-US,JEDI-US,Fallback to JEDI-US because the raw table has no Rutovitz 2025 row for this specific transmission technology.,,,,,,,unmapped_constant,No matching Technology Catalogue or Rutovitz 2015 Table 1 construction-time row.,Linear interpolation,,,,,No catalogue ratio mapping; value held constant,2030,2054,0.026,Linear interpolation to 2050; held constant after 2050
Transmission (single circuit),2054,O&M,Induced,job/mile,0.013,0.013,JEDI-US,JEDI-US,Fallback to JEDI-US because the raw table has no Rutovitz 2025 row for this specific transmission technology.,,,,,,,unmapped_constant,No matching Technology Catalogue or Rutovitz 2015 Table 1 construction-time row.,Linear interpolation,,,,,No catalogue ratio mapping; value held constant,2030,2054,0.013,Linear interpolation to 2050; held constant after 2050
Transmission (single circuit),2055,Construction&Manufacturing,Direct,job-yr/mile,0.12,0.12,JEDI-US,JEDI-US,Fallback to JEDI-US because the raw table has no Rutovitz 2025 row for this specific transmission technology.,,,,,,,unmapped_constant,No matching Technology Catalogue or Rutovitz 2015 Table 1 construction-time row.,Linear interpolation,,,,,No catalogue ratio mapping; value held constant,2030,2055,0.12,Linear interpolation to 2050; held constant after 2050
Transmission (single circuit),2055,Construction&Manufacturing,Indirect,job-yr/mile,0.3,0.3,JEDI-US,JEDI-US,Fallback to JEDI-US because the raw table has no Rutovitz 2025 row for this specific transmission technology.,,,,,,,unmapped_constant,No matching Technology Catalogue or Rutovitz 2015 Table 1 construction-time row.,Linear interpolation,,,,,No catalogue ratio mapping; value held constant,2030,2055,0.3,Linear interpolation to 2050; held constant after 2050
Transmission (single circuit),2055,Construction&Manufacturing,Induced,job-yr/mile,0.24,0.24,JEDI-US,JEDI-US,Fallback to JEDI-US because the raw table has no Rutovitz 2025 row for this specific transmission technology.,,,,,,,unmapped_constant,No matching Technology Catalogue or Rutovitz 2015 Table 1 construction-time row.,Linear interpolation,,,,,No catalogue ratio mapping; value held constant,2030,2055,0.24,Linear interpolation to 2050; held constant after 2050
Transmission (single circuit),2055,O&M,Direct,job/mile,0.0,0.0,JEDI-US,JEDI-US,Fallback to JEDI-US because the raw table has no Rutovitz 2025 row for this specific transmission technology.,,,,,,,unmapped_constant,No matching Technology Catalogue or Rutovitz 2015 Table 1 construction-time row.,Linear interpolation,,,,,No catalogue ratio mapping; value held constant,2030,2055,0.0,Linear interpolation to 2050; held constant after 2050
Transmission (single circuit),2055,O&M,Indirect,job/mile,0.026,0.026,JEDI-US,JEDI-US,Fallback to JEDI-US because the raw table has no Rutovitz 2025 row for this specific transmission technology.,,,,,,,unmapped_constant,No matching Technology Catalogue or Rutovitz 2015 Table 1 construction-time row.,Linear interpolation,,,,,No catalogue ratio mapping; value held constant,2030,2055,0.026,Linear interpolation to 2050; held constant after 2050
Transmission (single circuit),2055,O&M,Induced,job/mile,0.013,0.013,JEDI-US,JEDI-US,Fallback to JEDI-US because the raw table has no Rutovitz 2025 row for this specific transmission technology.,,,,,,,unmapped_constant,No matching Technology Catalogue or Rutovitz 2015 Table 1 construction-time row.,Linear interpolation,,,,,No catalogue ratio mapping; value held constant,2030,2055,0.013,Linear interpolation to 2050; held constant after 2050
Utility-scale solar PV,2024,Construction&Manufacturing,Direct,job-yr/MW,9.97,9.97,I-JEDI,I-JEDI,,27.0,2024.0,0.5,2024.0,Colombian Technology Catalogue,2.d. Utility scale PV(tracking),direct,,Original,,,,,,2024,2024,9.97,Known datapoint
Utility-scale solar PV,2024,Construction&Manufacturing,Indirect,job-yr/MW,6.364,6.364,I-JEDI,I-JEDI,,27.0,2024.0,0.5,2024.0,Colombian Technology Catalogue,2.d. Utility scale PV(tracking),direct,,Original,,,,,,2024,2024,6.364,Known datapoint
Utility-scale solar PV,2024,Construction&Manufacturing,Induced,job-yr/MW,6.366,6.366,I-JEDI,I-JEDI,,27.0,2024.0,0.5,2024.0,Colombian Technology Catalogue,2.d. Utility scale PV(tracking),direct,,Original,,,,,,2024,2024,6.366,Known datapoint
Utility-scale solar PV,2024,O&M,Direct,job/MW,0.0965,0.0965,I-JEDI,I-JEDI,,27.0,2024.0,0.5,2024.0,Colombian Technology Catalogue,2.d. Utility scale PV(tracking),direct,,Original,,,,,,2024,2024,0.0965,Known datapoint
Utility-scale solar PV,2024,O&M,Indirect,job/MW,0.066,0.066,I-JEDI,I-JEDI,,27.0,2024.0,0.5,2024.0,Colombian Technology Catalogue,2.d. Utility scale PV(tracking),direct,,Original,,,,,,2024,2024,0.066,Known datapoint
Utility-scale solar PV,2024,O&M,Induced,job/MW,0.0498,0.0498,I-JEDI,I-JEDI,,27.0,2024.0,0.5,2024.0,Colombian Technology Catalogue,2.d. Utility scale PV(tracking),direct,,Original,,,,,,2024,2024,0.0498,Known datapoint
Utility-scale solar PV,2025,Construction&Manufacturing,Direct,job-yr/MW,9.45515142563,9.45515142563,I-JEDI,I-JEDI,,27.0,2024.0,0.5,2024.0,Colombian Technology Catalogue,2.d. Utility scale PV(tracking),direct,,Linear interpolation,,,Utility scale PV(tracking),,CAPEX 2050/2030=0.6719044761324922,2030,2025,9.45515142563,Linear interpolation between known datapoints
Utility-scale solar PV,2025,Construction&Manufacturing,Indirect,job-yr/MW,6.03536446065,6.03536446065,I-JEDI,I-JEDI,,27.0,2024.0,0.5,2024.0,Colombian Technology Catalogue,2.d. Utility scale PV(tracking),direct,,Linear interpolation,,,Utility scale PV(tracking),,CAPEX 2050/2030=0.6719044761324922,2030,2025,6.03536446065,Linear interpolation between known datapoints
Utility-scale solar PV,2025,Construction&Manufacturing,Induced,job-yr/MW,6.0372611811,6.0372611811,I-JEDI,I-JEDI,,27.0,2024.0,0.5,2024.0,Colombian Technology Catalogue,2.d. Utility scale PV(tracking),direct,,Linear interpolation,,,Utility scale PV(tracking),,CAPEX 2050/2030=0.6719044761324922,2030,2025,6.0372611811,Linear interpolation between known datapoints
Utility-scale solar PV,2025,O&M,Direct,job/MW,0.0941092342342,0.0941092342342,I-JEDI,I-JEDI,,27.0,2024.0,0.5,2024.0,Colombian Technology Catalogue,2.d. Utility scale PV(tracking),direct,,Linear interpolation,,,Utility scale PV(tracking),,OPEX 2050/2030=0.8571428571428571,2030,2025,0.0941092342342,Linear interpolation between known datapoints
Utility-scale solar PV,2025,O&M,Indirect,job/MW,0.0643648648649,0.0643648648649,I-JEDI,I-JEDI,,27.0,2024.0,0.5,2024.0,Colombian Technology Catalogue,2.d. Utility scale PV(tracking),direct,,Linear interpolation,,,Utility scale PV(tracking),,OPEX 2050/2030=0.8571428571428571,2030,2025,0.0643648648649,Linear interpolation between known datapoints
Utility-scale solar PV,2025,O&M,Induced,job/MW,0.0485662162162,0.0485662162162,I-JEDI,I-JEDI,,27.0,2024.0,0.5,2024.0,Colombian Technology Catalogue,2.d. Utility scale PV(tracking),direct,,Linear interpolation,,,Utility scale PV(tracking),,OPEX 2050/2030=0.8571428571428571,2030,2025,0.0485662162162,Linear interpolation between known datapoints
Utility-scale solar PV,2026,Construction&Manufacturing,Direct,job-yr/MW,8.94030285125,8.94030285125,I-JEDI,I-JEDI,,27.0,2024.0,0.5,2024.0,Colombian Technology Catalogue,2.d. Utility scale PV(tracking),direct,,Linear interpolation,,,Utility scale PV(tracking),,CAPEX 2050/2030=0.6719044761324922,2030,2026,8.94030285125,Linear interpolation between known datapoints
Utility-scale solar PV,2026,Construction&Manufacturing,Indirect,job-yr/MW,5.7067289213,5.7067289213,I-JEDI,I-JEDI,,27.0,2024.0,0.5,2024.0,Colombian Technology Catalogue,2.d. Utility scale PV(tracking),direct,,Linear interpolation,,,Utility scale PV(tracking),,CAPEX 2050/2030=0.6719044761324922,2030,2026,5.7067289213,Linear interpolation between known datapoints
Utility-scale solar PV,2026,Construction&Manufacturing,Induced,job-yr/MW,5.70852236219,5.70852236219,I-JEDI,I-JEDI,,27.0,2024.0,0.5,2024.0,Colombian Technology Catalogue,2.d. Utility scale PV(tracking),direct,,Linear interpolation,,,Utility scale PV(tracking),,CAPEX 2050/2030=0.6719044761324922,2030,2026,5.70852236219,Linear interpolation between known datapoints
Utility-scale solar PV,2026,O&M,Direct,job/MW,0.0917184684685,0.0917184684685,I-JEDI,I-JEDI,,27.0,2024.0,0.5,2024.0,Colombian Technology Catalogue,2.d. Utility scale PV(tracking),direct,,Linear interpolation,,,Utility scale PV(tracking),,OPEX 2050/2030=0.8571428571428571,2030,2026,0.0917184684685,Linear interpolation between known datapoints
Utility-scale solar PV,2026,O&M,Indirect,job/MW,0.0627297297297,0.0627297297297,I-JEDI,I-JEDI,,27.0,2024.0,0.5,2024.0,Colombian Technology Catalogue,2.d. Utility scale PV(tracking),direct,,Linear interpolation,,,Utility scale PV(tracking),,OPEX 2050/2030=0.8571428571428571,2030,2026,0.0627297297297,Linear interpolation between known datapoints
Utility-scale solar PV,2026,O&M,Induced,job/MW,0.0473324324324,0.0473324324324,I-JEDI,I-JEDI,,27.0,2024.0,0.5,2024.0,Colombian Technology Catalogue,2.d. Utility scale PV(tracking),direct,,Linear interpolation,,,Utility scale PV(tracking),,OPEX 2050/2030=0.8571428571428571,2030,2026,0.0473324324324,Linear interpolation between known datapoints
Utility-scale solar PV,2027,Construction&Manufacturing,Direct,job-yr/MW,8.42545427688,8.42545427688,I-JEDI,I-JEDI,,27.0,2024.0,0.5,2024.0,Colombian Technology Catalogue,2.d. Utility scale PV(tracking),direct,,Linear interpolation,,,Utility scale PV(tracking),,CAPEX 2050/2030=0.6719044761324922,2030,2027,8.42545427688,Linear interpolation between known datapoints
Utility-scale solar PV,2027,Construction&Manufacturing,Indirect,job-yr/MW,5.37809338195,5.37809338195,I-JEDI,I-JEDI,,27.0,2024.0,0.5,2024.0,Colombian Technology Catalogue,2.d. Utility scale PV(tracking),direct,,Linear interpolation,,,Utility scale PV(tracking),,CAPEX 2050/2030=0.6719044761324922,2030,2027,5.37809338195,Linear interpolation between known datapoints
Utility-scale solar PV,2027,Construction&Manufacturing,Induced,job-yr/MW,5.37978354329,5.37978354329,I-JEDI,I-JEDI,,27.0,2024.0,0.5,2024.0,Colombian Technology Catalogue,2.d. Utility scale PV(tracking),direct,,Linear interpolation,,,Utility scale PV(tracking),,CAPEX 2050/2030=0.6719044761324922,2030,2027,5.37978354329,Linear interpolation between known datapoints
Utility-scale solar PV,2027,O&M,Direct,job/MW,0.0893277027027,0.0893277027027,I-JEDI,I-JEDI,,27.0,2024.0,0.5,2024.0,Colombian Technology Catalogue,2.d. Utility scale PV(tracking),direct,,Linear interpolation,,,Utility scale PV(tracking),,OPEX 2050/2030=0.8571428571428571,2030,2027,0.0893277027027,Linear interpolation between known datapoints
Utility-scale solar PV,2027,O&M,Indirect,job/MW,0.0610945945946,0.0610945945946,I-JEDI,I-JEDI,,27.0,2024.0,0.5,2024.0,Colombian Technology Catalogue,2.d. Utility scale PV(tracking),direct,,Linear interpolation,,,Utility scale PV(tracking),,OPEX 2050/2030=0.8571428571428571,2030,2027,0.0610945945946,Linear interpolation between known datapoints
Utility-scale solar PV,2027,O&M,Induced,job/MW,0.0460986486486,0.0460986486486,I-JEDI,I-JEDI,,27.0,2024.0,0.5,2024.0,Colombian Technology Catalogue,2.d. Utility scale PV(tracking),direct,,Linear interpolation,,,Utility scale PV(tracking),,OPEX 2050/2030=0.8571428571428571,2030,2027,0.0460986486486,Linear interpolation between known datapoints
Utility-scale solar PV,2028,Construction&Manufacturing,Direct,job-yr/MW,7.9106057025,7.9106057025,I-JEDI,I-JEDI,,27.0,2024.0,0.5,2024.0,Colombian Technology Catalogue,2.d. Utility scale PV(tracking),direct,,Linear interpolation,,,Utility scale PV(tracking),,CAPEX 2050/2030=0.6719044761324922,2030,2028,7.9106057025,Linear interpolation between known datapoints
Utility-scale solar PV,2028,Construction&Manufacturing,Indirect,job-yr/MW,5.0494578426,5.0494578426,I-JEDI,I-JEDI,,27.0,2024.0,0.5,2024.0,Colombian Technology Catalogue,2.d. Utility scale PV(tracking),direct,,Linear interpolation,,,Utility scale PV(tracking),,CAPEX 2050/2030=0.6719044761324922,2030,2028,5.0494578426,Linear interpolation between known datapoints
Utility-scale solar PV,2028,Construction&Manufacturing,Induced,job-yr/MW,5.05104472439,5.05104472439,I-JEDI,I-JEDI,,27.0,2024.0,0.5,2024.0,Colombian Technology Catalogue,2.d. Utility scale PV(tracking),direct,,Linear interpolation,,,Utility scale PV(tracking),,CAPEX 2050/2030=0.6719044761324922,2030,2028,5.05104472439,Linear interpolation between known datapoints
Utility-scale solar PV,2028,O&M,Direct,job/MW,0.0869369369369,0.0869369369369,I-JEDI,I-JEDI,,27.0,2024.0,0.5,2024.0,Colombian Technology Catalogue,2.d. Utility scale PV(tracking),direct,,Linear interpolation,,,Utility scale PV(tracking),,OPEX 2050/2030=0.8571428571428571,2030,2028,0.0869369369369,Linear interpolation between known datapoints
Utility-scale solar PV,2028,O&M,Indirect,job/MW,0.0594594594595,0.0594594594595,I-JEDI,I-JEDI,,27.0,2024.0,0.5,2024.0,Colombian Technology Catalogue,2.d. Utility scale PV(tracking),direct,,Linear interpolation,,,Utility scale PV(tracking),,OPEX 2050/2030=0.8571428571428571,2030,2028,0.0594594594595,Linear interpolation between known datapoints
Utility-scale solar PV,2028,O&M,Induced,job/MW,0.0448648648649,0.0448648648649,I-JEDI,I-JEDI,,27.0,2024.0,0.5,2024.0,Colombian Technology Catalogue,2.d. Utility scale PV(tracking),direct,,Linear interpolation,,,Utility scale PV(tracking),,OPEX 2050/2030=0.8571428571428571,2030,2028,0.0448648648649,Linear interpolation between known datapoints
Utility-scale solar PV,2029,Construction&Manufacturing,Direct,job-yr/MW,7.39575712813,7.39575712813,I-JEDI,I-JEDI,,27.0,2024.0,0.5,2024.0,Colombian Technology Catalogue,2.d. Utility scale PV(tracking),direct,,Linear interpolation,,,Utility scale PV(tracking),,CAPEX 2050/2030=0.6719044761324922,2030,2029,7.39575712813,Linear interpolation between known datapoints
Utility-scale solar PV,2029,Construction&Manufacturing,Indirect,job-yr/MW,4.72082230325,4.72082230325,I-JEDI,I-JEDI,,27.0,2024.0,0.5,2024.0,Colombian Technology Catalogue,2.d. Utility scale PV(tracking),direct,,Linear interpolation,,,Utility scale PV(tracking),,CAPEX 2050/2030=0.6719044761324922,2030,2029,4.72082230325,Linear interpolation between known datapoints
Utility-scale solar PV,2029,Construction&Manufacturing,Induced,job-yr/MW,4.72230590548,4.72230590548,I-JEDI,I-JEDI,,27.0,2024.0,0.5,2024.0,Colombian Technology Catalogue,2.d. Utility scale PV(tracking),direct,,Linear interpolation,,,Utility scale PV(tracking),,CAPEX 2050/2030=0.6719044761324922,2030,2029,4.72230590548,Linear interpolation between known datapoints
Utility-scale solar PV,2029,O&M,Direct,job/MW,0.0845461711712,0.0845461711712,I-JEDI,I-JEDI,,27.0,2024.0,0.5,2024.0,Colombian Technology Catalogue,2.d. Utility scale PV(tracking),direct,,Linear interpolation,,,Utility scale PV(tracking),,OPEX 2050/2030=0.8571428571428571,2030,2029,0.0845461711712,Linear interpolation between known datapoints
Utility-scale solar PV,2029,O&M,Indirect,job/MW,0.0578243243243,0.0578243243243,I-JEDI,I-JEDI,,27.0,2024.0,0.5,2024.0,Colombian Technology Catalogue,2.d. Utility scale PV(tracking),direct,,Linear interpolation,,,Utility scale PV(tracking),,OPEX 2050/2030=0.8571428571428571,2030,2029,0.0578243243243,Linear interpolation between known datapoints
Utility-scale solar PV,2029,O&M,Induced,job/MW,0.0436310810811,0.0436310810811,I-JEDI,I-JEDI,,27.0,2024.0,0.5,2024.0,Colombian Technology Catalogue,2.d. Utility scale PV(tracking),direct,,Linear interpolation,,,Utility scale PV(tracking),,OPEX 2050/2030=0.8571428571428571,2030,2029,0.0436310810811,Linear interpolation between known datapoints
Utility-scale solar PV,2030,Construction&Manufacturing,Direct,job-yr/MW,6.88090855376,6.88090855376,I-JEDI,I-JEDI,,27.0,2024.0,0.5,2024.0,Colombian Technology Catalogue,2.d. Utility scale PV(tracking),direct,,CAPEX/OPEX ratio projection,,,Utility scale PV(tracking),,CAPEX 2030/2024=0.6901613393937807,2024,2030,6.88090855376,Known datapoint
Utility-scale solar PV,2030,Construction&Manufacturing,Indirect,job-yr/MW,4.3921867639,4.3921867639,I-JEDI,I-JEDI,,27.0,2024.0,0.5,2024.0,Colombian Technology Catalogue,2.d. Utility scale PV(tracking),direct,,CAPEX/OPEX ratio projection,,,Utility scale PV(tracking),,CAPEX 2030/2024=0.6901613393937807,2024,2030,4.3921867639,Known datapoint
Utility-scale solar PV,2030,Construction&Manufacturing,Induced,job-yr/MW,4.39356708658,4.39356708658,I-JEDI,I-JEDI,,27.0,2024.0,0.5,2024.0,Colombian Technology Catalogue,2.d. Utility scale PV(tracking),direct,,CAPEX/OPEX ratio projection,,,Utility scale PV(tracking),,CAPEX 2030/2024=0.6901613393937807,2024,2030,4.39356708658,Known datapoint
Utility-scale solar PV,2030,O&M,Direct,job/MW,0.0821554054054,0.0821554054054,I-JEDI,I-JEDI,,27.0,2024.0,0.5,2024.0,Colombian Technology Catalogue,2.d. Utility scale PV(tracking),direct,,CAPEX/OPEX ratio projection,,,Utility scale PV(tracking),,OPEX 2030/2024=0.8513513513513513,2024,2030,0.0821554054054,Known datapoint
Utility-scale solar PV,2030,O&M,Indirect,job/MW,0.0561891891892,0.0561891891892,I-JEDI,I-JEDI,,27.0,2024.0,0.5,2024.0,Colombian Technology Catalogue,2.d. Utility scale PV(tracking),direct,,CAPEX/OPEX ratio projection,,,Utility scale PV(tracking),,OPEX 2030/2024=0.8513513513513513,2024,2030,0.0561891891892,Known datapoint
Utility-scale solar PV,2030,O&M,Induced,job/MW,0.0423972972973,0.0423972972973,I-JEDI,I-JEDI,,27.0,2024.0,0.5,2024.0,Colombian Technology Catalogue,2.d. Utility scale PV(tracking),direct,,CAPEX/OPEX ratio projection,,,Utility scale PV(tracking),,OPEX 2030/2024=0.8513513513513513,2024,2030,0.0423972972973,Known datapoint
Utility-scale solar PV,2031,Construction&Manufacturing,Direct,job-yr/MW,6.76802878892,6.76802878892,I-JEDI,I-JEDI,,27.0,2024.0,0.5,2024.0,Colombian Technology Catalogue,2.d. Utility scale PV(tracking),direct,,Linear interpolation,,,Utility scale PV(tracking),,CAPEX 2050/2030=0.6719044761324922,2030,2031,6.76802878892,Linear interpolation between known datapoints
Utility-scale solar PV,2031,Construction&Manufacturing,Indirect,job-yr/MW,4.32013392304,4.32013392304,I-JEDI,I-JEDI,,27.0,2024.0,0.5,2024.0,Colombian Technology Catalogue,2.d. Utility scale PV(tracking),direct,,Linear interpolation,,,Utility scale PV(tracking),,CAPEX 2050/2030=0.6719044761324922,2030,2031,4.32013392304,Linear interpolation between known datapoints
Utility-scale solar PV,2031,Construction&Manufacturing,Induced,job-yr/MW,4.32149160183,4.32149160183,I-JEDI,I-JEDI,,27.0,2024.0,0.5,2024.0,Colombian Technology Catalogue,2.d. Utility scale PV(tracking),direct,,Linear interpolation,,,Utility scale PV(tracking),,CAPEX 2050/2030=0.6719044761324922,2030,2031,4.32149160183,Linear interpolation between known datapoints
Utility-scale solar PV,2031,O&M,Direct,job/MW,0.0815685810811,0.0815685810811,I-JEDI,I-JEDI,,27.0,2024.0,0.5,2024.0,Colombian Technology Catalogue,2.d. Utility scale PV(tracking),direct,,Linear interpolation,,,Utility scale PV(tracking),,OPEX 2050/2030=0.8571428571428571,2030,2031,0.0815685810811,Linear interpolation between known datapoints
Utility-scale solar PV,2031,O&M,Indirect,job/MW,0.0557878378378,0.0557878378378,I-JEDI,I-JEDI,,27.0,2024.0,0.5,2024.0,Colombian Technology Catalogue,2.d. Utility scale PV(tracking),direct,,Linear interpolation,,,Utility scale PV(tracking),,OPEX 2050/2030=0.8571428571428571,2030,2031,0.0557878378378,Linear interpolation between known datapoints
Utility-scale solar PV,2031,O&M,Induced,job/MW,0.0420944594595,0.0420944594595,I-JEDI,I-JEDI,,27.0,2024.0,0.5,2024.0,Colombian Technology Catalogue,2.d. Utility scale PV(tracking),direct,,Linear interpolation,,,Utility scale PV(tracking),,OPEX 2050/2030=0.8571428571428571,2030,2031,0.0420944594595,Linear interpolation between known datapoints
Utility-scale solar PV,2032,Construction&Manufacturing,Direct,job-yr/MW,6.65514902409,6.65514902409,I-JEDI,I-JEDI,,27.0,2024.0,0.5,2024.0,Colombian Technology Catalogue,2.d. Utility scale PV(tracking),direct,,Linear interpolation,,,Utility scale PV(tracking),,CAPEX 2050/2030=0.6719044761324922,2030,2032,6.65514902409,Linear interpolation between known datapoints
Utility-scale solar PV,2032,Construction&Manufacturing,Indirect,job-yr/MW,4.24808108218,4.24808108218,I-JEDI,I-JEDI,,27.0,2024.0,0.5,2024.0,Colombian Technology Catalogue,2.d. Utility scale PV(tracking),direct,,Linear interpolation,,,Utility scale PV(tracking),,CAPEX 2050/2030=0.6719044761324922,2030,2032,4.24808108218,Linear interpolation between known datapoints
Utility-scale solar PV,2032,Construction&Manufacturing,Induced,job-yr/MW,4.24941611709,4.24941611709,I-JEDI,I-JEDI,,27.0,2024.0,0.5,2024.0,Colombian Technology Catalogue,2.d. Utility scale PV(tracking),direct,,Linear interpolation,,,Utility scale PV(tracking),,CAPEX 2050/2030=0.6719044761324922,2030,2032,4.24941611709,Linear interpolation between known datapoints
Utility-scale solar PV,2032,O&M,Direct,job/MW,0.0809817567568,0.0809817567568,I-JEDI,I-JEDI,,27.0,2024.0,0.5,2024.0,Colombian Technology Catalogue,2.d. Utility scale PV(tracking),direct,,Linear interpolation,,,Utility scale PV(tracking),,OPEX 2050/2030=0.8571428571428571,2030,2032,0.0809817567568,Linear interpolation between known datapoints
Utility-scale solar PV,2032,O&M,Indirect,job/MW,0.0553864864865,0.0553864864865,I-JEDI,I-JEDI,,27.0,2024.0,0.5,2024.0,Colombian Technology Catalogue,2.d. Utility scale PV(tracking),direct,,Linear interpolation,,,Utility scale PV(tracking),,OPEX 2050/2030=0.8571428571428571,2030,2032,0.0553864864865,Linear interpolation between known datapoints
Utility-scale solar PV,2032,O&M,Induced,job/MW,0.0417916216216,0.0417916216216,I-JEDI,I-JEDI,,27.0,2024.0,0.5,2024.0,Colombian Technology Catalogue,2.d. Utility scale PV(tracking),direct,,Linear interpolation,,,Utility scale PV(tracking),,OPEX 2050/2030=0.8571428571428571,2030,2032,0.0417916216216,Linear interpolation between known datapoints
Utility-scale solar PV,2033,Construction&Manufacturing,Direct,job-yr/MW,6.54226925926,6.54226925926,I-JEDI,I-JEDI,,27.0,2024.0,0.5,2024.0,Colombian Technology Catalogue,2.d. Utility scale PV(tracking),direct,,Linear interpolation,,,Utility scale PV(tracking),,CAPEX 2050/2030=0.6719044761324922,2030,2033,6.54226925926,Linear interpolation between known datapoints
Utility-scale solar PV,2033,Construction&Manufacturing,Indirect,job-yr/MW,4.17602824132,4.17602824132,I-JEDI,I-JEDI,,27.0,2024.0,0.5,2024.0,Colombian Technology Catalogue,2.d. Utility scale PV(tracking),direct,,Linear interpolation,,,Utility scale PV(tracking),,CAPEX 2050/2030=0.6719044761324922,2030,2033,4.17602824132,Linear interpolation between known datapoints
Utility-scale solar PV,2033,Construction&Manufacturing,Induced,job-yr/MW,4.17734063234,4.17734063234,I-JEDI,I-JEDI,,27.0,2024.0,0.5,2024.0,Colombian Technology Catalogue,2.d. Utility scale PV(tracking),direct,,Linear interpolation,,,Utility scale PV(tracking),,CAPEX 2050/2030=0.6719044761324922,2030,2033,4.17734063234,Linear interpolation between known datapoints
Utility-scale solar PV,2033,O&M,Direct,job/MW,0.0803949324324,0.0803949324324,I-JEDI,I-JEDI,,27.0,2024.0,0.5,2024.0,Colombian Technology Catalogue,2.d. Utility scale PV(tracking),direct,,Linear interpolation,,,Utility scale PV(tracking),,OPEX 2050/2030=0.8571428571428571,2030,2033,0.0803949324324,Linear interpolation between known datapoints
Utility-scale solar PV,2033,O&M,Indirect,job/MW,0.0549851351351,0.0549851351351,I-JEDI,I-JEDI,,27.0,2024.0,0.5,2024.0,Colombian Technology Catalogue,2.d. Utility scale PV(tracking),direct,,Linear interpolation,,,Utility scale PV(tracking),,OPEX 2050/2030=0.8571428571428571,2030,2033,0.0549851351351,Linear interpolation between known datapoints
Utility-scale solar PV,2033,O&M,Induced,job/MW,0.0414887837838,0.0414887837838,I-JEDI,I-JEDI,,27.0,2024.0,0.5,2024.0,Colombian Technology Catalogue,2.d. Utility scale PV(tracking),direct,,Linear interpolation,,,Utility scale PV(tracking),,OPEX 2050/2030=0.8571428571428571,2030,2033,0.0414887837838,Linear interpolation between known datapoints
Utility-scale solar PV,2034,Construction&Manufacturing,Direct,job-yr/MW,6.42938949443,6.42938949443,I-JEDI,I-JEDI,,27.0,2024.0,0.5,2024.0,Colombian Technology Catalogue,2.d. Utility scale PV(tracking),direct,,Linear interpolation,,,Utility scale PV(tracking),,CAPEX 2050/2030=0.6719044761324922,2030,2034,6.42938949443,Linear interpolation between known datapoints
Utility-scale solar PV,2034,Construction&Manufacturing,Indirect,job-yr/MW,4.10397540046,4.10397540046,I-JEDI,I-JEDI,,27.0,2024.0,0.5,2024.0,Colombian Technology Catalogue,2.d. Utility scale PV(tracking),direct,,Linear interpolation,,,Utility scale PV(tracking),,CAPEX 2050/2030=0.6719044761324922,2030,2034,4.10397540046,Linear interpolation between known datapoints
Utility-scale solar PV,2034,Construction&Manufacturing,Induced,job-yr/MW,4.1052651476,4.1052651476,I-JEDI,I-JEDI,,27.0,2024.0,0.5,2024.0,Colombian Technology Catalogue,2.d. Utility scale PV(tracking),direct,,Linear interpolation,,,Utility scale PV(tracking),,CAPEX 2050/2030=0.6719044761324922,2030,2034,4.1052651476,Linear interpolation between known datapoints
Utility-scale solar PV,2034,O&M,Direct,job/MW,0.0798081081081,0.0798081081081,I-JEDI,I-JEDI,,27.0,2024.0,0.5,2024.0,Colombian Technology Catalogue,2.d. Utility scale PV(tracking),direct,,Linear interpolation,,,Utility scale PV(tracking),,OPEX 2050/2030=0.8571428571428571,2030,2034,0.0798081081081,Linear interpolation between known datapoints
Utility-scale solar PV,2034,O&M,Indirect,job/MW,0.0545837837838,0.0545837837838,I-JEDI,I-JEDI,,27.0,2024.0,0.5,2024.0,Colombian Technology Catalogue,2.d. Utility scale PV(tracking),direct,,Linear interpolation,,,Utility scale PV(tracking),,OPEX 2050/2030=0.8571428571428571,2030,2034,0.0545837837838,Linear interpolation between known datapoints
Utility-scale solar PV,2034,O&M,Induced,job/MW,0.0411859459459,0.0411859459459,I-JEDI,I-JEDI,,27.0,2024.0,0.5,2024.0,Colombian Technology Catalogue,2.d. Utility scale PV(tracking),direct,,Linear interpolation,,,Utility scale PV(tracking),,OPEX 2050/2030=0.8571428571428571,2030,2034,0.0411859459459,Linear interpolation between known datapoints
Utility-scale solar PV,2035,Construction&Manufacturing,Direct,job-yr/MW,6.3165097296,6.3165097296,I-JEDI,I-JEDI,,27.0,2024.0,0.5,2024.0,Colombian Technology Catalogue,2.d. Utility scale PV(tracking),direct,,Linear interpolation,,,Utility scale PV(tracking),,CAPEX 2050/2030=0.6719044761324922,2030,2035,6.3165097296,Linear interpolation between known datapoints
Utility-scale solar PV,2035,Construction&Manufacturing,Indirect,job-yr/MW,4.0319225596,4.0319225596,I-JEDI,I-JEDI,,27.0,2024.0,0.5,2024.0,Colombian Technology Catalogue,2.d. Utility scale PV(tracking),direct,,Linear interpolation,,,Utility scale PV(tracking),,CAPEX 2050/2030=0.6719044761324922,2030,2035,4.0319225596,Linear interpolation between known datapoints
Utility-scale solar PV,2035,Construction&Manufacturing,Induced,job-yr/MW,4.03318966285,4.03318966285,I-JEDI,I-JEDI,,27.0,2024.0,0.5,2024.0,Colombian Technology Catalogue,2.d. Utility scale PV(tracking),direct,,Linear interpolation,,,Utility scale PV(tracking),,CAPEX 2050/2030=0.6719044761324922,2030,2035,4.03318966285,Linear interpolation between known datapoints
Utility-scale solar PV,2035,O&M,Direct,job/MW,0.0792212837838,0.0792212837838,I-JEDI,I-JEDI,,27.0,2024.0,0.5,2024.0,Colombian Technology Catalogue,2.d. Utility scale PV(tracking),direct,,Linear interpolation,,,Utility scale PV(tracking),,OPEX 2050/2030=0.8571428571428571,2030,2035,0.0792212837838,Linear interpolation between known datapoints
Utility-scale solar PV,2035,O&M,Indirect,job/MW,0.0541824324324,0.0541824324324,I-JEDI,I-JEDI,,27.0,2024.0,0.5,2024.0,Colombian Technology Catalogue,2.d. Utility scale PV(tracking),direct,,Linear interpolation,,,Utility scale PV(tracking),,OPEX 2050/2030=0.8571428571428571,2030,2035,0.0541824324324,Linear interpolation between known datapoints
Utility-scale solar PV,2035,O&M,Induced,job/MW,0.0408831081081,0.0408831081081,I-JEDI,I-JEDI,,27.0,2024.0,0.5,2024.0,Colombian Technology Catalogue,2.d. Utility scale PV(tracking),direct,,Linear interpolation,,,Utility scale PV(tracking),,OPEX 2050/2030=0.8571428571428571,2030,2035,0.0408831081081,Linear interpolation between known datapoints
Utility-scale solar PV,2036,Construction&Manufacturing,Direct,job-yr/MW,6.20362996477,6.20362996477,I-JEDI,I-JEDI,,27.0,2024.0,0.5,2024.0,Colombian Technology Catalogue,2.d. Utility scale PV(tracking),direct,,Linear interpolation,,,Utility scale PV(tracking),,CAPEX 2050/2030=0.6719044761324922,2030,2036,6.20362996477,Linear interpolation between known datapoints
Utility-scale solar PV,2036,Construction&Manufacturing,Indirect,job-yr/MW,3.95986971873,3.95986971873,I-JEDI,I-JEDI,,27.0,2024.0,0.5,2024.0,Colombian Technology Catalogue,2.d. Utility scale PV(tracking),direct,,Linear interpolation,,,Utility scale PV(tracking),,CAPEX 2050/2030=0.6719044761324922,2030,2036,3.95986971873,Linear interpolation between known datapoints
Utility-scale solar PV,2036,Construction&Manufacturing,Induced,job-yr/MW,3.96111417811,3.96111417811,I-JEDI,I-JEDI,,27.0,2024.0,0.5,2024.0,Colombian Technology Catalogue,2.d. Utility scale PV(tracking),direct,,Linear interpolation,,,Utility scale PV(tracking),,CAPEX 2050/2030=0.6719044761324922,2030,2036,3.96111417811,Linear interpolation between known datapoints
Utility-scale solar PV,2036,O&M,Direct,job/MW,0.0786344594595,0.0786344594595,I-JEDI,I-JEDI,,27.0,2024.0,0.5,2024.0,Colombian Technology Catalogue,2.d. Utility scale PV(tracking),direct,,Linear interpolation,,,Utility scale PV(tracking),,OPEX 2050/2030=0.8571428571428571,2030,2036,0.0786344594595,Linear interpolation between known datapoints
Utility-scale solar PV,2036,O&M,Indirect,job/MW,0.0537810810811,0.0537810810811,I-JEDI,I-JEDI,,27.0,2024.0,0.5,2024.0,Colombian Technology Catalogue,2.d. Utility scale PV(tracking),direct,,Linear interpolation,,,Utility scale PV(tracking),,OPEX 2050/2030=0.8571428571428571,2030,2036,0.0537810810811,Linear interpolation between known datapoints
Utility-scale solar PV,2036,O&M,Induced,job/MW,0.0405802702703,0.0405802702703,I-JEDI,I-JEDI,,27.0,2024.0,0.5,2024.0,Colombian Technology Catalogue,2.d. Utility scale PV(tracking),direct,,Linear interpolation,,,Utility scale PV(tracking),,OPEX 2050/2030=0.8571428571428571,2030,2036,0.0405802702703,Linear interpolation between known datapoints
Utility-scale solar PV,2037,Construction&Manufacturing,Direct,job-yr/MW,6.09075019994,6.09075019994,I-JEDI,I-JEDI,,27.0,2024.0,0.5,2024.0,Colombian Technology Catalogue,2.d. Utility scale PV(tracking),direct,,Linear interpolation,,,Utility scale PV(tracking),,CAPEX 2050/2030=0.6719044761324922,2030,2037,6.09075019994,Linear interpolation between known datapoints
Utility-scale solar PV,2037,Construction&Manufacturing,Indirect,job-yr/MW,3.88781687787,3.88781687787,I-JEDI,I-JEDI,,27.0,2024.0,0.5,2024.0,Colombian Technology Catalogue,2.d. Utility scale PV(tracking),direct,,Linear interpolation,,,Utility scale PV(tracking),,CAPEX 2050/2030=0.6719044761324922,2030,2037,3.88781687787,Linear interpolation between known datapoints
Utility-scale solar PV,2037,Construction&Manufacturing,Induced,job-yr/MW,3.88903869336,3.88903869336,I-JEDI,I-JEDI,,27.0,2024.0,0.5,2024.0,Colombian Technology Catalogue,2.d. Utility scale PV(tracking),direct,,Linear interpolation,,,Utility scale PV(tracking),,CAPEX 2050/2030=0.6719044761324922,2030,2037,3.88903869336,Linear interpolation between known datapoints
Utility-scale solar PV,2037,O&M,Direct,job/MW,0.0780476351351,0.0780476351351,I-JEDI,I-JEDI,,27.0,2024.0,0.5,2024.0,Colombian Technology Catalogue,2.d. Utility scale PV(tracking),direct,,Linear interpolation,,,Utility scale PV(tracking),,OPEX 2050/2030=0.8571428571428571,2030,2037,0.0780476351351,Linear interpolation between known datapoints
Utility-scale solar PV,2037,O&M,Indirect,job/MW,0.0533797297297,0.0533797297297,I-JEDI,I-JEDI,,27.0,2024.0,0.5,2024.0,Colombian Technology Catalogue,2.d. Utility scale PV(tracking),direct,,Linear interpolation,,,Utility scale PV(tracking),,OPEX 2050/2030=0.8571428571428571,2030,2037,0.0533797297297,Linear interpolation between known datapoints
Utility-scale solar PV,2037,O&M,Induced,job/MW,0.0402774324324,0.0402774324324,I-JEDI,I-JEDI,,27.0,2024.0,0.5,2024.0,Colombian Technology Catalogue,2.d. Utility scale PV(tracking),direct,,Linear interpolation,,,Utility scale PV(tracking),,OPEX 2050/2030=0.8571428571428571,2030,2037,0.0402774324324,Linear interpolation between known datapoints
Utility-scale solar PV,2038,Construction&Manufacturing,Direct,job-yr/MW,5.9778704351,5.9778704351,I-JEDI,I-JEDI,,27.0,2024.0,0.5,2024.0,Colombian Technology Catalogue,2.d. Utility scale PV(tracking),direct,,Linear interpolation,,,Utility scale PV(tracking),,CAPEX 2050/2030=0.6719044761324922,2030,2038,5.9778704351,Linear interpolation between known datapoints
Utility-scale solar PV,2038,Construction&Manufacturing,Indirect,job-yr/MW,3.81576403701,3.81576403701,I-JEDI,I-JEDI,,27.0,2024.0,0.5,2024.0,Colombian Technology Catalogue,2.d. Utility scale PV(tracking),direct,,Linear interpolation,,,Utility scale PV(tracking),,CAPEX 2050/2030=0.6719044761324922,2030,2038,3.81576403701,Linear interpolation between known datapoints
Utility-scale solar PV,2038,Construction&Manufacturing,Induced,job-yr/MW,3.81696320861,3.81696320861,I-JEDI,I-JEDI,,27.0,2024.0,0.5,2024.0,Colombian Technology Catalogue,2.d. Utility scale PV(tracking),direct,,Linear interpolation,,,Utility scale PV(tracking),,CAPEX 2050/2030=0.6719044761324922,2030,2038,3.81696320861,Linear interpolation between known datapoints
Utility-scale solar PV,2038,O&M,Direct,job/MW,0.0774608108108,0.0774608108108,I-JEDI,I-JEDI,,27.0,2024.0,0.5,2024.0,Colombian Technology Catalogue,2.d. Utility scale PV(tracking),direct,,Linear interpolation,,,Utility scale PV(tracking),,OPEX 2050/2030=0.8571428571428571,2030,2038,0.0774608108108,Linear interpolation between known datapoints
Utility-scale solar PV,2038,O&M,Indirect,job/MW,0.0529783783784,0.0529783783784,I-JEDI,I-JEDI,,27.0,2024.0,0.5,2024.0,Colombian Technology Catalogue,2.d. Utility scale PV(tracking),direct,,Linear interpolation,,,Utility scale PV(tracking),,OPEX 2050/2030=0.8571428571428571,2030,2038,0.0529783783784,Linear interpolation between known datapoints
Utility-scale solar PV,2038,O&M,Induced,job/MW,0.0399745945946,0.0399745945946,I-JEDI,I-JEDI,,27.0,2024.0,0.5,2024.0,Colombian Technology Catalogue,2.d. Utility scale PV(tracking),direct,,Linear interpolation,,,Utility scale PV(tracking),,OPEX 2050/2030=0.8571428571428571,2030,2038,0.0399745945946,Linear interpolation between known datapoints
Utility-scale solar PV,2039,Construction&Manufacturing,Direct,job-yr/MW,5.86499067027,5.86499067027,I-JEDI,I-JEDI,,27.0,2024.0,0.5,2024.0,Colombian Technology Catalogue,2.d. Utility scale PV(tracking),direct,,Linear interpolation,,,Utility scale PV(tracking),,CAPEX 2050/2030=0.6719044761324922,2030,2039,5.86499067027,Linear interpolation between known datapoints
Utility-scale solar PV,2039,Construction&Manufacturing,Indirect,job-yr/MW,3.74371119615,3.74371119615,I-JEDI,I-JEDI,,27.0,2024.0,0.5,2024.0,Colombian Technology Catalogue,2.d. Utility scale PV(tracking),direct,,Linear interpolation,,,Utility scale PV(tracking),,CAPEX 2050/2030=0.6719044761324922,2030,2039,3.74371119615,Linear interpolation between known datapoints
Utility-scale solar PV,2039,Construction&Manufacturing,Induced,job-yr/MW,3.74488772387,3.74488772387,I-JEDI,I-JEDI,,27.0,2024.0,0.5,2024.0,Colombian Technology Catalogue,2.d. Utility scale PV(tracking),direct,,Linear interpolation,,,Utility scale PV(tracking),,CAPEX 2050/2030=0.6719044761324922,2030,2039,3.74488772387,Linear interpolation between known datapoints
Utility-scale solar PV,2039,O&M,Direct,job/MW,0.0768739864865,0.0768739864865,I-JEDI,I-JEDI,,27.0,2024.0,0.5,2024.0,Colombian Technology Catalogue,2.d. Utility scale PV(tracking),direct,,Linear interpolation,,,Utility scale PV(tracking),,OPEX 2050/2030=0.8571428571428571,2030,2039,0.0768739864865,Linear interpolation between known datapoints
Utility-scale solar PV,2039,O&M,Indirect,job/MW,0.052577027027,0.052577027027,I-JEDI,I-JEDI,,27.0,2024.0,0.5,2024.0,Colombian Technology Catalogue,2.d. Utility scale PV(tracking),direct,,Linear interpolation,,,Utility scale PV(tracking),,OPEX 2050/2030=0.8571428571428571,2030,2039,0.052577027027,Linear interpolation between known datapoints
Utility-scale solar PV,2039,O&M,Induced,job/MW,0.0396717567568,0.0396717567568,I-JEDI,I-JEDI,,27.0,2024.0,0.5,2024.0,Colombian Technology Catalogue,2.d. Utility scale PV(tracking),direct,,Linear interpolation,,,Utility scale PV(tracking),,OPEX 2050/2030=0.8571428571428571,2030,2039,0.0396717567568,Linear interpolation between known datapoints
Utility-scale solar PV,2040,Construction&Manufacturing,Direct,job-yr/MW,5.75211090544,5.75211090544,I-JEDI,I-JEDI,,27.0,2024.0,0.5,2024.0,Colombian Technology Catalogue,2.d. Utility scale PV(tracking),direct,,Linear interpolation,,,Utility scale PV(tracking),,CAPEX 2050/2030=0.6719044761324922,2030,2040,5.75211090544,Linear interpolation between known datapoints
Utility-scale solar PV,2040,Construction&Manufacturing,Indirect,job-yr/MW,3.67165835529,3.67165835529,I-JEDI,I-JEDI,,27.0,2024.0,0.5,2024.0,Colombian Technology Catalogue,2.d. Utility scale PV(tracking),direct,,Linear interpolation,,,Utility scale PV(tracking),,CAPEX 2050/2030=0.6719044761324922,2030,2040,3.67165835529,Linear interpolation between known datapoints
Utility-scale solar PV,2040,Construction&Manufacturing,Induced,job-yr/MW,3.67281223912,3.67281223912,I-JEDI,I-JEDI,,27.0,2024.0,0.5,2024.0,Colombian Technology Catalogue,2.d. Utility scale PV(tracking),direct,,Linear interpolation,,,Utility scale PV(tracking),,CAPEX 2050/2030=0.6719044761324922,2030,2040,3.67281223912,Linear interpolation between known datapoints
Utility-scale solar PV,2040,O&M,Direct,job/MW,0.0762871621622,0.0762871621622,I-JEDI,I-JEDI,,27.0,2024.0,0.5,2024.0,Colombian Technology Catalogue,2.d. Utility scale PV(tracking),direct,,Linear interpolation,,,Utility scale PV(tracking),,OPEX 2050/2030=0.8571428571428571,2030,2040,0.0762871621622,Linear interpolation between known datapoints
Utility-scale solar PV,2040,O&M,Indirect,job/MW,0.0521756756757,0.0521756756757,I-JEDI,I-JEDI,,27.0,2024.0,0.5,2024.0,Colombian Technology Catalogue,2.d. Utility scale PV(tracking),direct,,Linear interpolation,,,Utility scale PV(tracking),,OPEX 2050/2030=0.8571428571428571,2030,2040,0.0521756756757,Linear interpolation between known datapoints
Utility-scale solar PV,2040,O&M,Induced,job/MW,0.0393689189189,0.0393689189189,I-JEDI,I-JEDI,,27.0,2024.0,0.5,2024.0,Colombian Technology Catalogue,2.d. Utility scale PV(tracking),direct,,Linear interpolation,,,Utility scale PV(tracking),,OPEX 2050/2030=0.8571428571428571,2030,2040,0.0393689189189,Linear interpolation between known datapoints
Utility-scale solar PV,2041,Construction&Manufacturing,Direct,job-yr/MW,5.63923114061,5.63923114061,I-JEDI,I-JEDI,,27.0,2024.0,0.5,2024.0,Colombian Technology Catalogue,2.d. Utility scale PV(tracking),direct,,Linear interpolation,,,Utility scale PV(tracking),,CAPEX 2050/2030=0.6719044761324922,2030,2041,5.63923114061,Linear interpolation between known datapoints
Utility-scale solar PV,2041,Construction&Manufacturing,Indirect,job-yr/MW,3.59960551443,3.59960551443,I-JEDI,I-JEDI,,27.0,2024.0,0.5,2024.0,Colombian Technology Catalogue,2.d. Utility scale PV(tracking),direct,,Linear interpolation,,,Utility scale PV(tracking),,CAPEX 2050/2030=0.6719044761324922,2030,2041,3.59960551443,Linear interpolation between known datapoints
Utility-scale solar PV,2041,Construction&Manufacturing,Induced,job-yr/MW,3.60073675438,3.60073675438,I-JEDI,I-JEDI,,27.0,2024.0,0.5,2024.0,Colombian Technology Catalogue,2.d. Utility scale PV(tracking),direct,,Linear interpolation,,,Utility scale PV(tracking),,CAPEX 2050/2030=0.6719044761324922,2030,2041,3.60073675438,Linear interpolation between known datapoints
Utility-scale solar PV,2041,O&M,Direct,job/MW,0.0757003378378,0.0757003378378,I-JEDI,I-JEDI,,27.0,2024.0,0.5,2024.0,Colombian Technology Catalogue,2.d. Utility scale PV(tracking),direct,,Linear interpolation,,,Utility scale PV(tracking),,OPEX 2050/2030=0.8571428571428571,2030,2041,0.0757003378378,Linear interpolation between known datapoints
Utility-scale solar PV,2041,O&M,Indirect,job/MW,0.0517743243243,0.0517743243243,I-JEDI,I-JEDI,,27.0,2024.0,0.5,2024.0,Colombian Technology Catalogue,2.d. Utility scale PV(tracking),direct,,Linear interpolation,,,Utility scale PV(tracking),,OPEX 2050/2030=0.8571428571428571,2030,2041,0.0517743243243,Linear interpolation between known datapoints
Utility-scale solar PV,2041,O&M,Induced,job/MW,0.0390660810811,0.0390660810811,I-JEDI,I-JEDI,,27.0,2024.0,0.5,2024.0,Colombian Technology Catalogue,2.d. Utility scale PV(tracking),direct,,Linear interpolation,,,Utility scale PV(tracking),,OPEX 2050/2030=0.8571428571428571,2030,2041,0.0390660810811,Linear interpolation between known datapoints
Utility-scale solar PV,2042,Construction&Manufacturing,Direct,job-yr/MW,5.52635137578,5.52635137578,I-JEDI,I-JEDI,,27.0,2024.0,0.5,2024.0,Colombian Technology Catalogue,2.d. Utility scale PV(tracking),direct,,Linear interpolation,,,Utility scale PV(tracking),,CAPEX 2050/2030=0.6719044761324922,2030,2042,5.52635137578,Linear interpolation between known datapoints
Utility-scale solar PV,2042,Construction&Manufacturing,Indirect,job-yr/MW,3.52755267357,3.52755267357,I-JEDI,I-JEDI,,27.0,2024.0,0.5,2024.0,Colombian Technology Catalogue,2.d. Utility scale PV(tracking),direct,,Linear interpolation,,,Utility scale PV(tracking),,CAPEX 2050/2030=0.6719044761324922,2030,2042,3.52755267357,Linear interpolation between known datapoints
Utility-scale solar PV,2042,Construction&Manufacturing,Induced,job-yr/MW,3.52866126963,3.52866126963,I-JEDI,I-JEDI,,27.0,2024.0,0.5,2024.0,Colombian Technology Catalogue,2.d. Utility scale PV(tracking),direct,,Linear interpolation,,,Utility scale PV(tracking),,CAPEX 2050/2030=0.6719044761324922,2030,2042,3.52866126963,Linear interpolation between known datapoints
Utility-scale solar PV,2042,O&M,Direct,job/MW,0.0751135135135,0.0751135135135,I-JEDI,I-JEDI,,27.0,2024.0,0.5,2024.0,Colombian Technology Catalogue,2.d. Utility scale PV(tracking),direct,,Linear interpolation,,,Utility scale PV(tracking),,OPEX 2050/2030=0.8571428571428571,2030,2042,0.0751135135135,Linear interpolation between known datapoints
Utility-scale solar PV,2042,O&M,Indirect,job/MW,0.051372972973,0.051372972973,I-JEDI,I-JEDI,,27.0,2024.0,0.5,2024.0,Colombian Technology Catalogue,2.d. Utility scale PV(tracking),direct,,Linear interpolation,,,Utility scale PV(tracking),,OPEX 2050/2030=0.8571428571428571,2030,2042,0.051372972973,Linear interpolation between known datapoints
Utility-scale solar PV,2042,O&M,Induced,job/MW,0.0387632432432,0.0387632432432,I-JEDI,I-JEDI,,27.0,2024.0,0.5,2024.0,Colombian Technology Catalogue,2.d. Utility scale PV(tracking),direct,,Linear interpolation,,,Utility scale PV(tracking),,OPEX 2050/2030=0.8571428571428571,2030,2042,0.0387632432432,Linear interpolation between known datapoints
Utility-scale solar PV,2043,Construction&Manufacturing,Direct,job-yr/MW,5.41347161095,5.41347161095,I-JEDI,I-JEDI,,27.0,2024.0,0.5,2024.0,Colombian Technology Catalogue,2.d. Utility scale PV(tracking),direct,,Linear interpolation,,,Utility scale PV(tracking),,CAPEX 2050/2030=0.6719044761324922,2030,2043,5.41347161095,Linear interpolation between known datapoints
Utility-scale solar PV,2043,Construction&Manufacturing,Indirect,job-yr/MW,3.4554998327,3.4554998327,I-JEDI,I-JEDI,,27.0,2024.0,0.5,2024.0,Colombian Technology Catalogue,2.d. Utility scale PV(tracking),direct,,Linear interpolation,,,Utility scale PV(tracking),,CAPEX 2050/2030=0.6719044761324922,2030,2043,3.4554998327,Linear interpolation between known datapoints
Utility-scale solar PV,2043,Construction&Manufacturing,Induced,job-yr/MW,3.45658578488,3.45658578488,I-JEDI,I-JEDI,,27.0,2024.0,0.5,2024.0,Colombian Technology Catalogue,2.d. Utility scale PV(tracking),direct,,Linear interpolation,,,Utility scale PV(tracking),,CAPEX 2050/2030=0.6719044761324922,2030,2043,3.45658578488,Linear interpolation between known datapoints
Utility-scale solar PV,2043,O&M,Direct,job/MW,0.0745266891892,0.0745266891892,I-JEDI,I-JEDI,,27.0,2024.0,0.5,2024.0,Colombian Technology Catalogue,2.d. Utility scale PV(tracking),direct,,Linear interpolation,,,Utility scale PV(tracking),,OPEX 2050/2030=0.8571428571428571,2030,2043,0.0745266891892,Linear interpolation between known datapoints
Utility-scale solar PV,2043,O&M,Indirect,job/MW,0.0509716216216,0.0509716216216,I-JEDI,I-JEDI,,27.0,2024.0,0.5,2024.0,Colombian Technology Catalogue,2.d. Utility scale PV(tracking),direct,,Linear interpolation,,,Utility scale PV(tracking),,OPEX 2050/2030=0.8571428571428571,2030,2043,0.0509716216216,Linear interpolation between known datapoints
Utility-scale solar PV,2043,O&M,Induced,job/MW,0.0384604054054,0.0384604054054,I-JEDI,I-JEDI,,27.0,2024.0,0.5,2024.0,Colombian Technology Catalogue,2.d. Utility scale PV(tracking),direct,,Linear interpolation,,,Utility scale PV(tracking),,OPEX 2050/2030=0.8571428571428571,2030,2043,0.0384604054054,Linear interpolation between known datapoints
Utility-scale solar PV,2044,Construction&Manufacturing,Direct,job-yr/MW,5.30059184612,5.30059184612,I-JEDI,I-JEDI,,27.0,2024.0,0.5,2024.0,Colombian Technology Catalogue,2.d. Utility scale PV(tracking),direct,,Linear interpolation,,,Utility scale PV(tracking),,CAPEX 2050/2030=0.6719044761324922,2030,2044,5.30059184612,Linear interpolation between known datapoints
Utility-scale solar PV,2044,Construction&Manufacturing,Indirect,job-yr/MW,3.38344699184,3.38344699184,I-JEDI,I-JEDI,,27.0,2024.0,0.5,2024.0,Colombian Technology Catalogue,2.d. Utility scale PV(tracking),direct,,Linear interpolation,,,Utility scale PV(tracking),,CAPEX 2050/2030=0.6719044761324922,2030,2044,3.38344699184,Linear interpolation between known datapoints
Utility-scale solar PV,2044,Construction&Manufacturing,Induced,job-yr/MW,3.38451030014,3.38451030014,I-JEDI,I-JEDI,,27.0,2024.0,0.5,2024.0,Colombian Technology Catalogue,2.d. Utility scale PV(tracking),direct,,Linear interpolation,,,Utility scale PV(tracking),,CAPEX 2050/2030=0.6719044761324922,2030,2044,3.38451030014,Linear interpolation between known datapoints
Utility-scale solar PV,2044,O&M,Direct,job/MW,0.0739398648649,0.0739398648649,I-JEDI,I-JEDI,,27.0,2024.0,0.5,2024.0,Colombian Technology Catalogue,2.d. Utility scale PV(tracking),direct,,Linear interpolation,,,Utility scale PV(tracking),,OPEX 2050/2030=0.8571428571428571,2030,2044,0.0739398648649,Linear interpolation between known datapoints
Utility-scale solar PV,2044,O&M,Indirect,job/MW,0.0505702702703,0.0505702702703,I-JEDI,I-JEDI,,27.0,2024.0,0.5,2024.0,Colombian Technology Catalogue,2.d. Utility scale PV(tracking),direct,,Linear interpolation,,,Utility scale PV(tracking),,OPEX 2050/2030=0.8571428571428571,2030,2044,0.0505702702703,Linear interpolation between known datapoints
Utility-scale solar PV,2044,O&M,Induced,job/MW,0.0381575675676,0.0381575675676,I-JEDI,I-JEDI,,27.0,2024.0,0.5,2024.0,Colombian Technology Catalogue,2.d. Utility scale PV(tracking),direct,,Linear interpolation,,,Utility scale PV(tracking),,OPEX 2050/2030=0.8571428571428571,2030,2044,0.0381575675676,Linear interpolation between known datapoints
Utility-scale solar PV,2045,Construction&Manufacturing,Direct,job-yr/MW,5.18771208128,5.18771208128,I-JEDI,I-JEDI,,27.0,2024.0,0.5,2024.0,Colombian Technology Catalogue,2.d. Utility scale PV(tracking),direct,,Linear interpolation,,,Utility scale PV(tracking),,CAPEX 2050/2030=0.6719044761324922,2030,2045,5.18771208128,Linear interpolation between known datapoints
Utility-scale solar PV,2045,Construction&Manufacturing,Indirect,job-yr/MW,3.31139415098,3.31139415098,I-JEDI,I-JEDI,,27.0,2024.0,0.5,2024.0,Colombian Technology Catalogue,2.d. Utility scale PV(tracking),direct,,Linear interpolation,,,Utility scale PV(tracking),,CAPEX 2050/2030=0.6719044761324922,2030,2045,3.31139415098,Linear interpolation between known datapoints
Utility-scale solar PV,2045,Construction&Manufacturing,Induced,job-yr/MW,3.31243481539,3.31243481539,I-JEDI,I-JEDI,,27.0,2024.0,0.5,2024.0,Colombian Technology Catalogue,2.d. Utility scale PV(tracking),direct,,Linear interpolation,,,Utility scale PV(tracking),,CAPEX 2050/2030=0.6719044761324922,2030,2045,3.31243481539,Linear interpolation between known datapoints
Utility-scale solar PV,2045,O&M,Direct,job/MW,0.0733530405405,0.0733530405405,I-JEDI,I-JEDI,,27.0,2024.0,0.5,2024.0,Colombian Technology Catalogue,2.d. Utility scale PV(tracking),direct,,Linear interpolation,,,Utility scale PV(tracking),,OPEX 2050/2030=0.8571428571428571,2030,2045,0.0733530405405,Linear interpolation between known datapoints
Utility-scale solar PV,2045,O&M,Indirect,job/MW,0.0501689189189,0.0501689189189,I-JEDI,I-JEDI,,27.0,2024.0,0.5,2024.0,Colombian Technology Catalogue,2.d. Utility scale PV(tracking),direct,,Linear interpolation,,,Utility scale PV(tracking),,OPEX 2050/2030=0.8571428571428571,2030,2045,0.0501689189189,Linear interpolation between known datapoints
Utility-scale solar PV,2045,O&M,Induced,job/MW,0.0378547297297,0.0378547297297,I-JEDI,I-JEDI,,27.0,2024.0,0.5,2024.0,Colombian Technology Catalogue,2.d. Utility scale PV(tracking),direct,,Linear interpolation,,,Utility scale PV(tracking),,OPEX 2050/2030=0.8571428571428571,2030,2045,0.0378547297297,Linear interpolation between known datapoints
Utility-scale solar PV,2046,Construction&Manufacturing,Direct,job-yr/MW,5.07483231645,5.07483231645,I-JEDI,I-JEDI,,27.0,2024.0,0.5,2024.0,Colombian Technology Catalogue,2.d. Utility scale PV(tracking),direct,,Linear interpolation,,,Utility scale PV(tracking),,CAPEX 2050/2030=0.6719044761324922,2030,2046,5.07483231645,Linear interpolation between known datapoints
Utility-scale solar PV,2046,Construction&Manufacturing,Indirect,job-yr/MW,3.23934131012,3.23934131012,I-JEDI,I-JEDI,,27.0,2024.0,0.5,2024.0,Colombian Technology Catalogue,2.d. Utility scale PV(tracking),direct,,Linear interpolation,,,Utility scale PV(tracking),,CAPEX 2050/2030=0.6719044761324922,2030,2046,3.23934131012,Linear interpolation between known datapoints
Utility-scale solar PV,2046,Construction&Manufacturing,Induced,job-yr/MW,3.24035933065,3.24035933065,I-JEDI,I-JEDI,,27.0,2024.0,0.5,2024.0,Colombian Technology Catalogue,2.d. Utility scale PV(tracking),direct,,Linear interpolation,,,Utility scale PV(tracking),,CAPEX 2050/2030=0.6719044761324922,2030,2046,3.24035933065,Linear interpolation between known datapoints
Utility-scale solar PV,2046,O&M,Direct,job/MW,0.0727662162162,0.0727662162162,I-JEDI,I-JEDI,,27.0,2024.0,0.5,2024.0,Colombian Technology Catalogue,2.d. Utility scale PV(tracking),direct,,Linear interpolation,,,Utility scale PV(tracking),,OPEX 2050/2030=0.8571428571428571,2030,2046,0.0727662162162,Linear interpolation between known datapoints
Utility-scale solar PV,2046,O&M,Indirect,job/MW,0.0497675675676,0.0497675675676,I-JEDI,I-JEDI,,27.0,2024.0,0.5,2024.0,Colombian Technology Catalogue,2.d. Utility scale PV(tracking),direct,,Linear interpolation,,,Utility scale PV(tracking),,OPEX 2050/2030=0.8571428571428571,2030,2046,0.0497675675676,Linear interpolation between known datapoints
Utility-scale solar PV,2046,O&M,Induced,job/MW,0.0375518918919,0.0375518918919,I-JEDI,I-JEDI,,27.0,2024.0,0.5,2024.0,Colombian Technology Catalogue,2.d. Utility scale PV(tracking),direct,,Linear interpolation,,,Utility scale PV(tracking),,OPEX 2050/2030=0.8571428571428571,2030,2046,0.0375518918919,Linear interpolation between known datapoints
Utility-scale solar PV,2047,Construction&Manufacturing,Direct,job-yr/MW,4.96195255162,4.96195255162,I-JEDI,I-JEDI,,27.0,2024.0,0.5,2024.0,Colombian Technology Catalogue,2.d. Utility scale PV(tracking),direct,,Linear interpolation,,,Utility scale PV(tracking),,CAPEX 2050/2030=0.6719044761324922,2030,2047,4.96195255162,Linear interpolation between known datapoints
Utility-scale solar PV,2047,Construction&Manufacturing,Indirect,job-yr/MW,3.16728846926,3.16728846926,I-JEDI,I-JEDI,,27.0,2024.0,0.5,2024.0,Colombian Technology Catalogue,2.d. Utility scale PV(tracking),direct,,Linear interpolation,,,Utility scale PV(tracking),,CAPEX 2050/2030=0.6719044761324922,2030,2047,3.16728846926,Linear interpolation between known datapoints
Utility-scale solar PV,2047,Construction&Manufacturing,Induced,job-yr/MW,3.1682838459,3.1682838459,I-JEDI,I-JEDI,,27.0,2024.0,0.5,2024.0,Colombian Technology Catalogue,2.d. Utility scale PV(tracking),direct,,Linear interpolation,,,Utility scale PV(tracking),,CAPEX 2050/2030=0.6719044761324922,2030,2047,3.1682838459,Linear interpolation between known datapoints
Utility-scale solar PV,2047,O&M,Direct,job/MW,0.0721793918919,0.0721793918919,I-JEDI,I-JEDI,,27.0,2024.0,0.5,2024.0,Colombian Technology Catalogue,2.d. Utility scale PV(tracking),direct,,Linear interpolation,,,Utility scale PV(tracking),,OPEX 2050/2030=0.8571428571428571,2030,2047,0.0721793918919,Linear interpolation between known datapoints
Utility-scale solar PV,2047,O&M,Indirect,job/MW,0.0493662162162,0.0493662162162,I-JEDI,I-JEDI,,27.0,2024.0,0.5,2024.0,Colombian Technology Catalogue,2.d. Utility scale PV(tracking),direct,,Linear interpolation,,,Utility scale PV(tracking),,OPEX 2050/2030=0.8571428571428571,2030,2047,0.0493662162162,Linear interpolation between known datapoints
Utility-scale solar PV,2047,O&M,Induced,job/MW,0.0372490540541,0.0372490540541,I-JEDI,I-JEDI,,27.0,2024.0,0.5,2024.0,Colombian Technology Catalogue,2.d. Utility scale PV(tracking),direct,,Linear interpolation,,,Utility scale PV(tracking),,OPEX 2050/2030=0.8571428571428571,2030,2047,0.0372490540541,Linear interpolation between known datapoints
Utility-scale solar PV,2048,Construction&Manufacturing,Direct,job-yr/MW,4.84907278679,4.84907278679,I-JEDI,I-JEDI,,27.0,2024.0,0.5,2024.0,Colombian Technology Catalogue,2.d. Utility scale PV(tracking),direct,,Linear interpolation,,,Utility scale PV(tracking),,CAPEX 2050/2030=0.6719044761324922,2030,2048,4.84907278679,Linear interpolation between known datapoints
Utility-scale solar PV,2048,Construction&Manufacturing,Indirect,job-yr/MW,3.0952356284,3.0952356284,I-JEDI,I-JEDI,,27.0,2024.0,0.5,2024.0,Colombian Technology Catalogue,2.d. Utility scale PV(tracking),direct,,Linear interpolation,,,Utility scale PV(tracking),,CAPEX 2050/2030=0.6719044761324922,2030,2048,3.0952356284,Linear interpolation between known datapoints
Utility-scale solar PV,2048,Construction&Manufacturing,Induced,job-yr/MW,3.09620836115,3.09620836115,I-JEDI,I-JEDI,,27.0,2024.0,0.5,2024.0,Colombian Technology Catalogue,2.d. Utility scale PV(tracking),direct,,Linear interpolation,,,Utility scale PV(tracking),,CAPEX 2050/2030=0.6719044761324922,2030,2048,3.09620836115,Linear interpolation between known datapoints
Utility-scale solar PV,2048,O&M,Direct,job/MW,0.0715925675676,0.0715925675676,I-JEDI,I-JEDI,,27.0,2024.0,0.5,2024.0,Colombian Technology Catalogue,2.d. Utility scale PV(tracking),direct,,Linear interpolation,,,Utility scale PV(tracking),,OPEX 2050/2030=0.8571428571428571,2030,2048,0.0715925675676,Linear interpolation between known datapoints
Utility-scale solar PV,2048,O&M,Indirect,job/MW,0.0489648648649,0.0489648648649,I-JEDI,I-JEDI,,27.0,2024.0,0.5,2024.0,Colombian Technology Catalogue,2.d. Utility scale PV(tracking),direct,,Linear interpolation,,,Utility scale PV(tracking),,OPEX 2050/2030=0.8571428571428571,2030,2048,0.0489648648649,Linear interpolation between known datapoints
Utility-scale solar PV,2048,O&M,Induced,job/MW,0.0369462162162,0.0369462162162,I-JEDI,I-JEDI,,27.0,2024.0,0.5,2024.0,Colombian Technology Catalogue,2.d. Utility scale PV(tracking),direct,,Linear interpolation,,,Utility scale PV(tracking),,OPEX 2050/2030=0.8571428571428571,2030,2048,0.0369462162162,Linear interpolation between known datapoints
Utility-scale solar PV,2049,Construction&Manufacturing,Direct,job-yr/MW,4.73619302196,4.73619302196,I-JEDI,I-JEDI,,27.0,2024.0,0.5,2024.0,Colombian Technology Catalogue,2.d. Utility scale PV(tracking),direct,,Linear interpolation,,,Utility scale PV(tracking),,CAPEX 2050/2030=0.6719044761324922,2030,2049,4.73619302196,Linear interpolation between known datapoints
Utility-scale solar PV,2049,Construction&Manufacturing,Indirect,job-yr/MW,3.02318278754,3.02318278754,I-JEDI,I-JEDI,,27.0,2024.0,0.5,2024.0,Colombian Technology Catalogue,2.d. Utility scale PV(tracking),direct,,Linear interpolation,,,Utility scale PV(tracking),,CAPEX 2050/2030=0.6719044761324922,2030,2049,3.02318278754,Linear interpolation between known datapoints
Utility-scale solar PV,2049,Construction&Manufacturing,Induced,job-yr/MW,3.02413287641,3.02413287641,I-JEDI,I-JEDI,,27.0,2024.0,0.5,2024.0,Colombian Technology Catalogue,2.d. Utility scale PV(tracking),direct,,Linear interpolation,,,Utility scale PV(tracking),,CAPEX 2050/2030=0.6719044761324922,2030,2049,3.02413287641,Linear interpolation between known datapoints
Utility-scale solar PV,2049,O&M,Direct,job/MW,0.0710057432432,0.0710057432432,I-JEDI,I-JEDI,,27.0,2024.0,0.5,2024.0,Colombian Technology Catalogue,2.d. Utility scale PV(tracking),direct,,Linear interpolation,,,Utility scale PV(tracking),,OPEX 2050/2030=0.8571428571428571,2030,2049,0.0710057432432,Linear interpolation between known datapoints
Utility-scale solar PV,2049,O&M,Indirect,job/MW,0.0485635135135,0.0485635135135,I-JEDI,I-JEDI,,27.0,2024.0,0.5,2024.0,Colombian Technology Catalogue,2.d. Utility scale PV(tracking),direct,,Linear interpolation,,,Utility scale PV(tracking),,OPEX 2050/2030=0.8571428571428571,2030,2049,0.0485635135135,Linear interpolation between known datapoints
Utility-scale solar PV,2049,O&M,Induced,job/MW,0.0366433783784,0.0366433783784,I-JEDI,I-JEDI,,27.0,2024.0,0.5,2024.0,Colombian Technology Catalogue,2.d. Utility scale PV(tracking),direct,,Linear interpolation,,,Utility scale PV(tracking),,OPEX 2050/2030=0.8571428571428571,2030,2049,0.0366433783784,Linear interpolation between known datapoints
Utility-scale solar PV,2050,Construction&Manufacturing,Direct,job-yr/MW,4.62331325713,4.62331325713,I-JEDI,I-JEDI,,27.0,2024.0,0.5,2024.0,Colombian Technology Catalogue,2.d. Utility scale PV(tracking),direct,,CAPEX/OPEX ratio projection,,,Utility scale PV(tracking),,CAPEX 2050/2030=0.6719044761324922,2030,2050,4.62331325713,Known datapoint
Utility-scale solar PV,2050,Construction&Manufacturing,Indirect,job-yr/MW,2.95112994668,2.95112994668,I-JEDI,I-JEDI,,27.0,2024.0,0.5,2024.0,Colombian Technology Catalogue,2.d. Utility scale PV(tracking),direct,,CAPEX/OPEX ratio projection,,,Utility scale PV(tracking),,CAPEX 2050/2030=0.6719044761324922,2030,2050,2.95112994668,Known datapoint
Utility-scale solar PV,2050,Construction&Manufacturing,Induced,job-yr/MW,2.95205739166,2.95205739166,I-JEDI,I-JEDI,,27.0,2024.0,0.5,2024.0,Colombian Technology Catalogue,2.d. Utility scale PV(tracking),direct,,CAPEX/OPEX ratio projection,,,Utility scale PV(tracking),,CAPEX 2050/2030=0.6719044761324922,2030,2050,2.95205739166,Known datapoint
Utility-scale solar PV,2050,O&M,Direct,job/MW,0.0704189189189,0.0704189189189,I-JEDI,I-JEDI,,27.0,2024.0,0.5,2024.0,Colombian Technology Catalogue,2.d. Utility scale PV(tracking),direct,,CAPEX/OPEX ratio projection,,,Utility scale PV(tracking),,OPEX 2050/2030=0.8571428571428571,2030,2050,0.0704189189189,Known datapoint
Utility-scale solar PV,2050,O&M,Indirect,job/MW,0.0481621621622,0.0481621621622,I-JEDI,I-JEDI,,27.0,2024.0,0.5,2024.0,Colombian Technology Catalogue,2.d. Utility scale PV(tracking),direct,,CAPEX/OPEX ratio projection,,,Utility scale PV(tracking),,OPEX 2050/2030=0.8571428571428571,2030,2050,0.0481621621622,Known datapoint
Utility-scale solar PV,2050,O&M,Induced,job/MW,0.0363405405405,0.0363405405405,I-JEDI,I-JEDI,,27.0,2024.0,0.5,2024.0,Colombian Technology Catalogue,2.d. Utility scale PV(tracking),direct,,CAPEX/OPEX ratio projection,,,Utility scale PV(tracking),,OPEX 2050/2030=0.8571428571428571,2030,2050,0.0363405405405,Known datapoint
Utility-scale solar PV,2051,Construction&Manufacturing,Direct,job-yr/MW,4.62331325713,4.62331325713,I-JEDI,I-JEDI,,27.0,2024.0,0.5,2024.0,Colombian Technology Catalogue,2.d. Utility scale PV(tracking),direct,,Linear interpolation,,,Utility scale PV(tracking),,CAPEX 2050/2030=0.6719044761324922,2030,2051,4.62331325713,Linear interpolation to 2050; held constant after 2050
Utility-scale solar PV,2051,Construction&Manufacturing,Indirect,job-yr/MW,2.95112994668,2.95112994668,I-JEDI,I-JEDI,,27.0,2024.0,0.5,2024.0,Colombian Technology Catalogue,2.d. Utility scale PV(tracking),direct,,Linear interpolation,,,Utility scale PV(tracking),,CAPEX 2050/2030=0.6719044761324922,2030,2051,2.95112994668,Linear interpolation to 2050; held constant after 2050
Utility-scale solar PV,2051,Construction&Manufacturing,Induced,job-yr/MW,2.95205739166,2.95205739166,I-JEDI,I-JEDI,,27.0,2024.0,0.5,2024.0,Colombian Technology Catalogue,2.d. Utility scale PV(tracking),direct,,Linear interpolation,,,Utility scale PV(tracking),,CAPEX 2050/2030=0.6719044761324922,2030,2051,2.95205739166,Linear interpolation to 2050; held constant after 2050
Utility-scale solar PV,2051,O&M,Direct,job/MW,0.0704189189189,0.0704189189189,I-JEDI,I-JEDI,,27.0,2024.0,0.5,2024.0,Colombian Technology Catalogue,2.d. Utility scale PV(tracking),direct,,Linear interpolation,,,Utility scale PV(tracking),,OPEX 2050/2030=0.8571428571428571,2030,2051,0.0704189189189,Linear interpolation to 2050; held constant after 2050
Utility-scale solar PV,2051,O&M,Indirect,job/MW,0.0481621621622,0.0481621621622,I-JEDI,I-JEDI,,27.0,2024.0,0.5,2024.0,Colombian Technology Catalogue,2.d. Utility scale PV(tracking),direct,,Linear interpolation,,,Utility scale PV(tracking),,OPEX 2050/2030=0.8571428571428571,2030,2051,0.0481621621622,Linear interpolation to 2050; held constant after 2050
Utility-scale solar PV,2051,O&M,Induced,job/MW,0.0363405405405,0.0363405405405,I-JEDI,I-JEDI,,27.0,2024.0,0.5,2024.0,Colombian Technology Catalogue,2.d. Utility scale PV(tracking),direct,,Linear interpolation,,,Utility scale PV(tracking),,OPEX 2050/2030=0.8571428571428571,2030,2051,0.0363405405405,Linear interpolation to 2050; held constant after 2050
Utility-scale solar PV,2052,Construction&Manufacturing,Direct,job-yr/MW,4.62331325713,4.62331325713,I-JEDI,I-JEDI,,27.0,2024.0,0.5,2024.0,Colombian Technology Catalogue,2.d. Utility scale PV(tracking),direct,,Linear interpolation,,,Utility scale PV(tracking),,CAPEX 2050/2030=0.6719044761324922,2030,2052,4.62331325713,Linear interpolation to 2050; held constant after 2050
Utility-scale solar PV,2052,Construction&Manufacturing,Indirect,job-yr/MW,2.95112994668,2.95112994668,I-JEDI,I-JEDI,,27.0,2024.0,0.5,2024.0,Colombian Technology Catalogue,2.d. Utility scale PV(tracking),direct,,Linear interpolation,,,Utility scale PV(tracking),,CAPEX 2050/2030=0.6719044761324922,2030,2052,2.95112994668,Linear interpolation to 2050; held constant after 2050
Utility-scale solar PV,2052,Construction&Manufacturing,Induced,job-yr/MW,2.95205739166,2.95205739166,I-JEDI,I-JEDI,,27.0,2024.0,0.5,2024.0,Colombian Technology Catalogue,2.d. Utility scale PV(tracking),direct,,Linear interpolation,,,Utility scale PV(tracking),,CAPEX 2050/2030=0.6719044761324922,2030,2052,2.95205739166,Linear interpolation to 2050; held constant after 2050
Utility-scale solar PV,2052,O&M,Direct,job/MW,0.0704189189189,0.0704189189189,I-JEDI,I-JEDI,,27.0,2024.0,0.5,2024.0,Colombian Technology Catalogue,2.d. Utility scale PV(tracking),direct,,Linear interpolation,,,Utility scale PV(tracking),,OPEX 2050/2030=0.8571428571428571,2030,2052,0.0704189189189,Linear interpolation to 2050; held constant after 2050
Utility-scale solar PV,2052,O&M,Indirect,job/MW,0.0481621621622,0.0481621621622,I-JEDI,I-JEDI,,27.0,2024.0,0.5,2024.0,Colombian Technology Catalogue,2.d. Utility scale PV(tracking),direct,,Linear interpolation,,,Utility scale PV(tracking),,OPEX 2050/2030=0.8571428571428571,2030,2052,0.0481621621622,Linear interpolation to 2050; held constant after 2050
Utility-scale solar PV,2052,O&M,Induced,job/MW,0.0363405405405,0.0363405405405,I-JEDI,I-JEDI,,27.0,2024.0,0.5,2024.0,Colombian Technology Catalogue,2.d. Utility scale PV(tracking),direct,,Linear interpolation,,,Utility scale PV(tracking),,OPEX 2050/2030=0.8571428571428571,2030,2052,0.0363405405405,Linear interpolation to 2050; held constant after 2050
Utility-scale solar PV,2053,Construction&Manufacturing,Direct,job-yr/MW,4.62331325713,4.62331325713,I-JEDI,I-JEDI,,27.0,2024.0,0.5,2024.0,Colombian Technology Catalogue,2.d. Utility scale PV(tracking),direct,,Linear interpolation,,,Utility scale PV(tracking),,CAPEX 2050/2030=0.6719044761324922,2030,2053,4.62331325713,Linear interpolation to 2050; held constant after 2050
Utility-scale solar PV,2053,Construction&Manufacturing,Indirect,job-yr/MW,2.95112994668,2.95112994668,I-JEDI,I-JEDI,,27.0,2024.0,0.5,2024.0,Colombian Technology Catalogue,2.d. Utility scale PV(tracking),direct,,Linear interpolation,,,Utility scale PV(tracking),,CAPEX 2050/2030=0.6719044761324922,2030,2053,2.95112994668,Linear interpolation to 2050; held constant after 2050
Utility-scale solar PV,2053,Construction&Manufacturing,Induced,job-yr/MW,2.95205739166,2.95205739166,I-JEDI,I-JEDI,,27.0,2024.0,0.5,2024.0,Colombian Technology Catalogue,2.d. Utility scale PV(tracking),direct,,Linear interpolation,,,Utility scale PV(tracking),,CAPEX 2050/2030=0.6719044761324922,2030,2053,2.95205739166,Linear interpolation to 2050; held constant after 2050
Utility-scale solar PV,2053,O&M,Direct,job/MW,0.0704189189189,0.0704189189189,I-JEDI,I-JEDI,,27.0,2024.0,0.5,2024.0,Colombian Technology Catalogue,2.d. Utility scale PV(tracking),direct,,Linear interpolation,,,Utility scale PV(tracking),,OPEX 2050/2030=0.8571428571428571,2030,2053,0.0704189189189,Linear interpolation to 2050; held constant after 2050
Utility-scale solar PV,2053,O&M,Indirect,job/MW,0.0481621621622,0.0481621621622,I-JEDI,I-JEDI,,27.0,2024.0,0.5,2024.0,Colombian Technology Catalogue,2.d. Utility scale PV(tracking),direct,,Linear interpolation,,,Utility scale PV(tracking),,OPEX 2050/2030=0.8571428571428571,2030,2053,0.0481621621622,Linear interpolation to 2050; held constant after 2050
Utility-scale solar PV,2053,O&M,Induced,job/MW,0.0363405405405,0.0363405405405,I-JEDI,I-JEDI,,27.0,2024.0,0.5,2024.0,Colombian Technology Catalogue,2.d. Utility scale PV(tracking),direct,,Linear interpolation,,,Utility scale PV(tracking),,OPEX 2050/2030=0.8571428571428571,2030,2053,0.0363405405405,Linear interpolation to 2050; held constant after 2050
Utility-scale solar PV,2054,Construction&Manufacturing,Direct,job-yr/MW,4.62331325713,4.62331325713,I-JEDI,I-JEDI,,27.0,2024.0,0.5,2024.0,Colombian Technology Catalogue,2.d. Utility scale PV(tracking),direct,,Linear interpolation,,,Utility scale PV(tracking),,CAPEX 2050/2030=0.6719044761324922,2030,2054,4.62331325713,Linear interpolation to 2050; held constant after 2050
Utility-scale solar PV,2054,Construction&Manufacturing,Indirect,job-yr/MW,2.95112994668,2.95112994668,I-JEDI,I-JEDI,,27.0,2024.0,0.5,2024.0,Colombian Technology Catalogue,2.d. Utility scale PV(tracking),direct,,Linear interpolation,,,Utility scale PV(tracking),,CAPEX 2050/2030=0.6719044761324922,2030,2054,2.95112994668,Linear interpolation to 2050; held constant after 2050
Utility-scale solar PV,2054,Construction&Manufacturing,Induced,job-yr/MW,2.95205739166,2.95205739166,I-JEDI,I-JEDI,,27.0,2024.0,0.5,2024.0,Colombian Technology Catalogue,2.d. Utility scale PV(tracking),direct,,Linear interpolation,,,Utility scale PV(tracking),,CAPEX 2050/2030=0.6719044761324922,2030,2054,2.95205739166,Linear interpolation to 2050; held constant after 2050
Utility-scale solar PV,2054,O&M,Direct,job/MW,0.0704189189189,0.0704189189189,I-JEDI,I-JEDI,,27.0,2024.0,0.5,2024.0,Colombian Technology Catalogue,2.d. Utility scale PV(tracking),direct,,Linear interpolation,,,Utility scale PV(tracking),,OPEX 2050/2030=0.8571428571428571,2030,2054,0.0704189189189,Linear interpolation to 2050; held constant after 2050
Utility-scale solar PV,2054,O&M,Indirect,job/MW,0.0481621621622,0.0481621621622,I-JEDI,I-JEDI,,27.0,2024.0,0.5,2024.0,Colombian Technology Catalogue,2.d. Utility scale PV(tracking),direct,,Linear interpolation,,,Utility scale PV(tracking),,OPEX 2050/2030=0.8571428571428571,2030,2054,0.0481621621622,Linear interpolation to 2050; held constant after 2050
Utility-scale solar PV,2054,O&M,Induced,job/MW,0.0363405405405,0.0363405405405,I-JEDI,I-JEDI,,27.0,2024.0,0.5,2024.0,Colombian Technology Catalogue,2.d. Utility scale PV(tracking),direct,,Linear interpolation,,,Utility scale PV(tracking),,OPEX 2050/2030=0.8571428571428571,2030,2054,0.0363405405405,Linear interpolation to 2050; held constant after 2050
Utility-scale solar PV,2055,Construction&Manufacturing,Direct,job-yr/MW,4.62331325713,4.62331325713,I-JEDI,I-JEDI,,27.0,2024.0,0.5,2024.0,Colombian Technology Catalogue,2.d. Utility scale PV(tracking),direct,,Linear interpolation,,,Utility scale PV(tracking),,CAPEX 2050/2030=0.6719044761324922,2030,2055,4.62331325713,Linear interpolation to 2050; held constant after 2050
Utility-scale solar PV,2055,Construction&Manufacturing,Indirect,job-yr/MW,2.95112994668,2.95112994668,I-JEDI,I-JEDI,,27.0,2024.0,0.5,2024.0,Colombian Technology Catalogue,2.d. Utility scale PV(tracking),direct,,Linear interpolation,,,Utility scale PV(tracking),,CAPEX 2050/2030=0.6719044761324922,2030,2055,2.95112994668,Linear interpolation to 2050; held constant after 2050
Utility-scale solar PV,2055,Construction&Manufacturing,Induced,job-yr/MW,2.95205739166,2.95205739166,I-JEDI,I-JEDI,,27.0,2024.0,0.5,2024.0,Colombian Technology Catalogue,2.d. Utility scale PV(tracking),direct,,Linear interpolation,,,Utility scale PV(tracking),,CAPEX 2050/2030=0.6719044761324922,2030,2055,2.95205739166,Linear interpolation to 2050; held constant after 2050
Utility-scale solar PV,2055,O&M,Direct,job/MW,0.0704189189189,0.0704189189189,I-JEDI,I-JEDI,,27.0,2024.0,0.5,2024.0,Colombian Technology Catalogue,2.d. Utility scale PV(tracking),direct,,Linear interpolation,,,Utility scale PV(tracking),,OPEX 2050/2030=0.8571428571428571,2030,2055,0.0704189189189,Linear interpolation to 2050; held constant after 2050
Utility-scale solar PV,2055,O&M,Indirect,job/MW,0.0481621621622,0.0481621621622,I-JEDI,I-JEDI,,27.0,2024.0,0.5,2024.0,Colombian Technology Catalogue,2.d. Utility scale PV(tracking),direct,,Linear interpolation,,,Utility scale PV(tracking),,OPEX 2050/2030=0.8571428571428571,2030,2055,0.0481621621622,Linear interpolation to 2050; held constant after 2050
Utility-scale solar PV,2055,O&M,Induced,job/MW,0.0363405405405,0.0363405405405,I-JEDI,I-JEDI,,27.0,2024.0,0.5,2024.0,Colombian Technology Catalogue,2.d. Utility scale PV(tracking),direct,,Linear interpolation,,,Utility scale PV(tracking),,OPEX 2050/2030=0.8571428571428571,2030,2055,0.0363405405405,Linear interpolation to 2050; held constant after 2050
