ts,scope,name,cpu_percent,cpu_cores,mem_used_bytes,mem_limit_bytes,mem_percent,pids,host_mem_total_bytes,host_mem_available_bytes,host_swap_total_bytes,host_swap_free_bytes,disk_free_bytes
1783702744.20521,docker,osemosys-api-1,125.83,1.2583,372559052,16739635036,2.23,14,,,,,155942449152
1783702744.20521,docker,osemosys-db-1,0.0,0.0,157286400,16739635036,0.94,7,,,,,155942449152
1783702744.20521,docker,osemosys-redis-1,0.26,0.0026,12540968,16739635036,0.07,6,,,,,155942449152
1783702746.8577843,docker,osemosys-api-1,98.53,0.9853000000000001,413558374,16739635036,2.47,14,,,,,155942281216
1783702746.8577843,docker,osemosys-db-1,0.0,0.0,157181542,16739635036,0.94,7,,,,,155942281216
1783702746.8577843,docker,osemosys-redis-1,0.28,0.0028000000000000004,12540968,16739635036,0.07,6,,,,,155942281216
1783702748.8469284,docker,osemosys-api-1,98.15,0.9815,419849830,16739635036,2.51,14,,,,,155936161792
1783702748.8469284,docker,osemosys-db-1,3.0,0.03,157181542,16739635036,0.94,7,,,,,155936161792
1783702748.8469284,docker,osemosys-redis-1,0.26,0.0026,12540968,16739635036,0.07,6,,,,,155936161792
1783702750.8317115,docker,osemosys-api-1,98.76,0.9876,426980147,16739635036,2.55,14,,,,,155936137216
1783702750.8317115,docker,osemosys-db-1,0.0,0.0,156762112,16739635036,0.94,7,,,,,155936137216
1783702750.8317115,docker,osemosys-redis-1,0.26,0.0026,12540968,16739635036,0.07,6,,,,,155936137216
1783702752.8152914,docker,osemosys-api-1,99.13,0.9913,434529894,16739635036,2.6,14,,,,,155936006144
1783702752.8152914,docker,osemosys-db-1,0.0,0.0,156657254,16739635036,0.94,7,,,,,155936006144
1783702752.8152914,docker,osemosys-redis-1,0.26,0.0026,12540968,16739635036,0.07,6,,,,,155936006144
1783702754.7967315,docker,osemosys-api-1,98.71,0.9871,442918502,16739635036,2.65,14,,,,,155935879168
1783702754.7967315,docker,osemosys-db-1,0.0,0.0,156657254,16739635036,0.94,7,,,,,155935879168
1783702754.7967315,docker,osemosys-redis-1,0.26,0.0026,12540968,16739635036,0.07,6,,,,,155935879168
1783702756.7957368,docker,osemosys-api-1,101.63,1.0163,449943961,16739635036,2.69,14,,,,,155936911360
1783702756.7957368,docker,osemosys-db-1,0.0,0.0,156762112,16739635036,0.94,7,,,,,155936911360
1783702756.7957368,docker,osemosys-redis-1,0.26,0.0026,12540968,16739635036,0.07,6,,,,,155936911360
1783702758.8058844,docker,osemosys-api-1,124.59,1.2459,451726540,16739635036,2.7,14,,,,,155936911360
1783702758.8058844,docker,osemosys-db-1,2.83,0.028300000000000002,157181542,16739635036,0.94,7,,,,,155936911360
1783702758.8058844,docker,osemosys-redis-1,0.27,0.0027,12540968,16739635036,0.07,6,,,,,155936911360
1783702760.8419945,docker,osemosys-api-1,100.32,1.0031999999999999,451726540,16739635036,2.7,14,,,,,155936911360
1783702760.8419945,docker,osemosys-db-1,0.0,0.0,157181542,16739635036,0.94,7,,,,,155936911360
1783702760.8419945,docker,osemosys-redis-1,0.28,0.0028000000000000004,12540968,16739635036,0.07,6,,,,,155936911360
1783702762.867573,docker,osemosys-api-1,99.2,0.992,451936256,16739635036,2.7,14,,,,,155936862208
1783702762.867573,docker,osemosys-db-1,0.0,0.0,156971827,16739635036,0.94,7,,,,,155936862208
1783702762.867573,docker,osemosys-redis-1,0.27,0.0027,12540968,16739635036,0.07,6,,,,,155936862208
1783702764.8779085,docker,osemosys-api-1,98.71,0.9871,619603558,16739635036,3.7,14,,,,,155936862208
1783702764.8779085,docker,osemosys-db-1,0.0,0.0,157181542,16739635036,0.94,7,,,,,155936862208
1783702764.8779085,docker,osemosys-redis-1,0.29,0.0029,12540968,16739635036,0.07,6,,,,,155936862208
1783702766.887157,docker,osemosys-api-1,98.93,0.9893000000000001,620442419,16739635036,3.71,14,,,,,155936862208
1783702766.887157,docker,osemosys-db-1,0.0,0.0,156657254,16739635036,0.94,7,,,,,155936862208
1783702766.887157,docker,osemosys-redis-1,0.26,0.0026,12540968,16739635036,0.07,6,,,,,155936862208
1783702768.8848786,docker,osemosys-api-1,98.48,0.9848,621281280,16739635036,3.71,14,,,,,155936247808
1783702768.8848786,docker,osemosys-db-1,2.78,0.0278,157286400,16739635036,0.94,7,,,,,155936247808
1783702768.8848786,docker,osemosys-redis-1,0.27,0.0027,12540968,16739635036,0.07,6,,,,,155936247808
1783702770.8784869,docker,osemosys-api-1,99.38,0.9937999999999999,622224998,16739635036,3.72,14,,,,,155936243712
1783702770.8784869,docker,osemosys-db-1,0.0,0.0,156657254,16739635036,0.94,7,,,,,155936243712
1783702770.8784869,docker,osemosys-redis-1,0.26,0.0026,12540968,16739635036,0.07,6,,,,,155936243712
1783702772.8706112,docker,osemosys-api-1,98.84,0.9884000000000001,623168716,16739635036,3.72,14,,,,,155936243712
1783702772.8706112,docker,osemosys-db-1,0.0,0.0,156657254,16739635036,0.94,7,,,,,155936243712
1783702772.8706112,docker,osemosys-redis-1,0.26,0.0026,12540968,16739635036,0.07,6,,,,,155936243712
1783702774.860061,docker,osemosys-api-1,99.16,0.9915999999999999,624007577,16739635036,3.73,14,,,,,155935789056
1783702774.860061,docker,osemosys-db-1,0.0,0.0,157076684,16739635036,0.94,7,,,,,155935789056
1783702774.860061,docker,osemosys-redis-1,0.26,0.0026,12540968,16739635036,0.07,6,,,,,155935789056
1783702776.853987,docker,osemosys-api-1,98.36,0.9836,624846438,16739635036,3.73,14,,,,,155935657984
1783702776.853987,docker,osemosys-db-1,0.0,0.0,156971827,16739635036,0.94,7,,,,,155935657984
1783702776.853987,docker,osemosys-redis-1,0.26,0.0026,12677283,16739635036,0.08,6,,,,,155935657984
1783702778.8391914,docker,osemosys-api-1,97.1,0.971,625790156,16739635036,3.74,14,,,,,155935592448
1783702778.8391914,docker,osemosys-db-1,3.34,0.0334,156971827,16739635036,0.94,7,,,,,155935592448
1783702778.8391914,docker,osemosys-redis-1,0.27,0.0027,12540968,16739635036,0.07,6,,,,,155935592448
1783702780.8232667,docker,osemosys-api-1,98.02,0.9802,626524160,16739635036,3.74,14,,,,,155935526912
1783702780.8232667,docker,osemosys-db-1,0.0,0.0,156971827,16739635036,0.94,7,,,,,155935526912
1783702780.8232667,docker,osemosys-redis-1,0.26,0.0026,12677283,16739635036,0.08,6,,,,,155935526912
1783702782.8070703,docker,osemosys-api-1,99.21,0.9921,627363020,16739635036,3.75,14,,,,,155935526912
1783702782.8070703,docker,osemosys-db-1,0.0,0.0,156657254,16739635036,0.94,7,,,,,155935526912
1783702782.8070703,docker,osemosys-redis-1,0.27,0.0027,12540968,16739635036,0.07,6,,,,,155935526912
1783702784.789146,docker,osemosys-api-1,98.3,0.983,628306739,16739635036,3.75,14,,,,,155935461376
1783702784.789146,docker,osemosys-db-1,0.0,0.0,156657254,16739635036,0.94,7,,,,,155935461376
1783702784.789146,docker,osemosys-redis-1,0.27,0.0027,12540968,16739635036,0.07,6,,,,,155935461376
1783702786.7774434,docker,osemosys-api-1,102.83,1.0283,629040742,16739635036,3.76,14,,,,,155935461376
1783702786.7774434,docker,osemosys-db-1,0.0,0.0,156657254,16739635036,0.94,7,,,,,155935461376
1783702786.7774434,docker,osemosys-redis-1,0.26,0.0026,12540968,16739635036,0.07,6,,,,,155935461376
1783702788.8012228,docker,osemosys-api-1,124.06,1.2406,629984460,16739635036,3.76,14,,,,,155934937088
1783702788.8012228,docker,osemosys-db-1,2.64,0.0264,157391257,16739635036,0.94,7,,,,,155934937088
1783702788.8012228,docker,osemosys-redis-1,0.26,0.0026,12540968,16739635036,0.07,6,,,,,155934937088
1783702790.8451166,docker,osemosys-api-1,101.24,1.0124,630928179,16739635036,3.77,14,,,,,155934937088
1783702790.8451166,docker,osemosys-db-1,0.0,0.0,156762112,16739635036,0.94,7,,,,,155934937088
1783702790.8451166,docker,osemosys-redis-1,0.27,0.0027,12540968,16739635036,0.07,6,,,,,155934937088
1783702792.8757565,docker,osemosys-api-1,100.2,1.002,631767040,16739635036,3.78,14,,,,,155934937088
1783702792.8757565,docker,osemosys-db-1,0.0,0.0,156762112,16739635036,0.94,7,,,,,155934937088
1783702792.8757565,docker,osemosys-redis-1,0.26,0.0026,12540968,16739635036,0.07,6,,,,,155934937088
1783702794.8970463,docker,osemosys-api-1,98.55,0.9854999999999999,632605900,16739635036,3.78,14,,,,,155933888512
1783702794.8970463,docker,osemosys-db-1,0.0,0.0,157391257,16739635036,0.94,7,,,,,155933888512
1783702794.8970463,docker,osemosys-redis-1,0.26,0.0026,12540968,16739635036,0.07,6,,,,,155933888512
1783702796.9075456,docker,osemosys-api-1,99.35,0.9934999999999999,633444761,16739635036,3.79,14,,,,,155933818880
1783702796.9075456,docker,osemosys-db-1,0.42,0.0042,156866969,16739635036,0.94,7,,,,,155933818880
1783702796.9075456,docker,osemosys-redis-1,0.26,0.0026,12540968,16739635036,0.07,6,,,,,155933818880
1783702798.90452,docker,osemosys-api-1,99.24,0.9924,634388480,16739635036,3.79,14,,,,,155933810688
1783702798.90452,docker,osemosys-db-1,3.22,0.0322,157600972,16739635036,0.94,7,,,,,155933810688
1783702798.90452,docker,osemosys-redis-1,0.27,0.0027,12540968,16739635036,0.07,6,,,,,155933810688
1783702800.8964112,docker,osemosys-api-1,99.74,0.9974,635227340,16739635036,3.8,14,,,,,155933806592
1783702800.8964112,docker,osemosys-db-1,0.0,0.0,156657254,16739635036,0.94,7,,,,,155933806592
1783702800.8964112,docker,osemosys-redis-1,0.26,0.0026,12540968,16739635036,0.07,6,,,,,155933806592
1783702802.8875532,docker,osemosys-api-1,99.24,0.9924,636066201,16739635036,3.8,14,,,,,155933806592
1783702802.8875532,docker,osemosys-db-1,0.0,0.0,156657254,16739635036,0.94,7,,,,,155933806592
1783702802.8875532,docker,osemosys-redis-1,0.26,0.0026,12677283,16739635036,0.08,6,,,,,155933806592
1783702804.8740928,docker,osemosys-api-1,98.49,0.9849,636905062,16739635036,3.81,14,,,,,155933818880
1783702804.8740928,docker,osemosys-db-1,0.0,0.0,157181542,16739635036,0.94,7,,,,,155933818880
1783702804.8740928,docker,osemosys-redis-1,0.26,0.0026,12540968,16739635036,0.07,6,,,,,155933818880
1783702806.8625472,docker,osemosys-api-1,98.17,0.9817,637848780,16739635036,3.81,14,,,,,155933700096
1783702806.8625472,docker,osemosys-db-1,0.0,0.0,157181542,16739635036,0.94,7,,,,,155933700096
1783702806.8625472,docker,osemosys-redis-1,0.26,0.0026,12540968,16739635036,0.07,6,,,,,155933700096
1783702808.845749,docker,osemosys-api-1,98.12,0.9812000000000001,638687641,16739635036,3.82,14,,,,,155933700096
1783702808.845749,docker,osemosys-db-1,2.96,0.0296,157600972,16739635036,0.94,7,,,,,155933700096
1783702808.845749,docker,osemosys-redis-1,0.27,0.0027,12415139,16739635036,0.07,6,,,,,155933700096
1783702810.829279,docker,osemosys-api-1,98.5,0.985,639526502,16739635036,3.82,14,,,,,155933634560
1783702810.829279,docker,osemosys-db-1,0.0,0.0,156762112,16739635036,0.94,7,,,,,155933634560
1783702810.829279,docker,osemosys-redis-1,0.25,0.0025,12540968,16739635036,0.07,6,,,,,155933634560
1783702812.809774,docker,osemosys-api-1,97.92,0.9792000000000001,640470220,16739635036,3.83,14,,,,,155933634560
1783702812.809774,docker,osemosys-db-1,0.0,0.0,156657254,16739635036,0.94,7,,,,,155933634560
1783702812.809774,docker,osemosys-redis-1,0.29,0.0029,12540968,16739635036,0.07,6,,,,,155933634560
1783702814.7980125,docker,osemosys-api-1,97.08,0.9708,641204224,16739635036,3.83,14,,,,,155932938240
1783702814.7980125,docker,osemosys-db-1,0.47,0.004699999999999999,156657254,16739635036,0.94,7,,,,,155932938240
1783702814.7980125,docker,osemosys-redis-1,0.25,0.0025,12540968,16739635036,0.07,6,,,,,155932938240
1783702816.7852497,docker,osemosys-api-1,102.29,1.0229000000000001,642147942,16739635036,3.84,14,,,,,155932860416
1783702816.7852497,docker,osemosys-db-1,0.0,0.0,156762112,16739635036,0.94,7,,,,,155932860416
1783702816.7852497,docker,osemosys-redis-1,0.26,0.0026,12540968,16739635036,0.07,6,,,,,155932860416
1783702818.8039868,docker,osemosys-api-1,121.18,1.2118,656198860,16739635036,3.92,16,,,,,155932741632
1783702818.8039868,docker,osemosys-db-1,1.4,0.013999999999999999,160956416,16739635036,0.96,13,,,,,155932741632
1783702818.8039868,docker,osemosys-redis-1,0.26,0.0026,12540968,16739635036,0.07,6,,,,,155932741632
1783702820.8399618,docker,osemosys-api-1,100.87,1.0087000000000002,644140236,16739635036,3.85,14,,,,,155933532160
1783702820.8399618,docker,osemosys-db-1,0.0,0.0,156971827,16739635036,0.94,7,,,,,155933532160
1783702820.8399618,docker,osemosys-redis-1,0.27,0.0027,12540968,16739635036,0.07,6,,,,,155933532160
1783702822.8659103,docker,osemosys-api-1,100.41,1.0041,644874240,16739635036,3.85,14,,,,,155933532160
1783702822.8659103,docker,osemosys-db-1,0.0,0.0,156657254,16739635036,0.94,7,,,,,155933532160
1783702822.8659103,docker,osemosys-redis-1,0.26,0.0026,12540968,16739635036,0.07,6,,,,,155933532160
1783702824.8743978,docker,osemosys-api-1,99.62,0.9962000000000001,645503385,16739635036,3.86,14,,,,,155933532160
1783702824.8743978,docker,osemosys-db-1,2.8,0.027999999999999997,157181542,16739635036,0.94,7,,,,,155933532160
1783702824.8743978,docker,osemosys-redis-1,0.26,0.0026,12540968,16739635036,0.07,6,,,,,155933532160
1783702826.885685,docker,osemosys-api-1,98.65,0.9865,646447104,16739635036,3.86,14,,,,,155933532160
1783702826.885685,docker,osemosys-db-1,0.0,0.0,156657254,16739635036,0.94,7,,,,,155933532160
1783702826.885685,docker,osemosys-redis-1,0.25,0.0025,12540968,16739635036,0.07,6,,,,,155933532160
1783702828.8813481,docker,osemosys-api-1,98.62,0.9862000000000001,647181107,16739635036,3.87,14,,,,,155933532160
1783702828.8813481,docker,osemosys-db-1,0.0,0.0,156657254,16739635036,0.94,7,,,,,155933532160
1783702828.8813481,docker,osemosys-redis-1,0.27,0.0027,12540968,16739635036,0.07,6,,,,,155933532160
1783702830.8763137,docker,osemosys-api-1,98.71,0.9871,648124825,16739635036,3.87,14,,,,,155933392896
1783702830.8763137,docker,osemosys-db-1,0.0,0.0,156657254,16739635036,0.94,7,,,,,155933392896
1783702830.8763137,docker,osemosys-redis-1,0.26,0.0026,12677283,16739635036,0.08,6,,,,,155933392896
1783702832.8663108,docker,osemosys-api-1,99.5,0.995,648963686,16739635036,3.88,14,,,,,155933368320
1783702832.8663108,docker,osemosys-db-1,0.0,0.0,156657254,16739635036,0.94,7,,,,,155933368320
1783702832.8663108,docker,osemosys-redis-1,0.26,0.0026,12677283,16739635036,0.08,6,,,,,155933368320
1783702834.8558323,docker,osemosys-api-1,125.29,1.2529000000000001,649907404,16739635036,3.88,14,,,,,155933347840
1783702834.8558323,docker,osemosys-db-1,2.91,0.0291,156866969,16739635036,0.94,7,,,,,155933347840
1783702834.8558323,docker,osemosys-redis-1,0.28,0.0028000000000000004,12540968,16739635036,0.07,6,,,,,155933347840
1783702836.8482704,docker,osemosys-api-1,98.28,0.9828,650851123,16739635036,3.89,14,,,,,155932528640
1783702836.8482704,docker,osemosys-db-1,0.0,0.0,156866969,16739635036,0.94,7,,,,,155932528640
1783702836.8482704,docker,osemosys-redis-1,0.26,0.0026,12677283,16739635036,0.08,6,,,,,155932528640
1783702838.8305726,docker,osemosys-api-1,97.1,0.971,651375411,16739635036,3.89,14,,,,,155932463104
1783702838.8305726,docker,osemosys-db-1,0.0,0.0,156657254,16739635036,0.94,7,,,,,155932463104
1783702838.8305726,docker,osemosys-redis-1,0.25,0.0025,12540968,16739635036,0.07,6,,,,,155932463104
1783702840.8147016,docker,osemosys-api-1,98.69,0.9869,652214272,16739635036,3.9,14,,,,,155932528640
1783702840.8147016,docker,osemosys-db-1,0.0,0.0,157076684,16739635036,0.94,7,,,,,155932528640
1783702840.8147016,docker,osemosys-redis-1,0.27,0.0027,12540968,16739635036,0.07,6,,,,,155932528640
1783702842.8019934,docker,osemosys-api-1,99.16,0.9915999999999999,653157990,16739635036,3.9,14,,,,,155932405760
1783702842.8019934,docker,osemosys-db-1,0.0,0.0,156657254,16739635036,0.94,7,,,,,155932405760
1783702842.8019934,docker,osemosys-redis-1,0.26,0.0026,12540968,16739635036,0.07,6,,,,,155932405760
1783702844.785076,docker,osemosys-api-1,96.87,0.9687,653787136,16739635036,3.91,14,,,,,155932405760
1783702844.785076,docker,osemosys-db-1,3.06,0.030600000000000002,156657254,16739635036,0.94,7,,,,,155932405760
1783702844.785076,docker,osemosys-redis-1,0.27,0.0027,12540968,16739635036,0.07,6,,,,,155932405760
1783702846.7832804,docker,osemosys-api-1,101.26,1.0126,654730854,16739635036,3.91,14,,,,,155935744000
1783702846.7832804,docker,osemosys-db-1,0.0,0.0,156657254,16739635036,0.94,7,,,,,155935744000
1783702846.7832804,docker,osemosys-redis-1,0.27,0.0027,12540968,16739635036,0.07,6,,,,,155935744000
1783702848.8246074,docker,osemosys-api-1,99.92,0.9992,655569715,16739635036,3.92,14,,,,,155935739904
1783702848.8246074,docker,osemosys-db-1,0.0,0.0,156657254,16739635036,0.94,7,,,,,155935739904
1783702848.8246074,docker,osemosys-redis-1,0.28,0.0028000000000000004,12540968,16739635036,0.07,6,,,,,155935739904
1783702850.8536315,docker,osemosys-api-1,100.06,1.0006,656408576,16739635036,3.92,14,,,,,155935739904
1783702850.8536315,docker,osemosys-db-1,0.0,0.0,156657254,16739635036,0.94,7,,,,,155935739904
1783702850.8536315,docker,osemosys-redis-1,0.31,0.0031,12540968,16739635036,0.07,6,,,,,155935739904
1783702852.8733597,docker,osemosys-api-1,99.16,0.9915999999999999,657247436,16739635036,3.93,14,,,,,155935703040
1783702852.8733597,docker,osemosys-db-1,0.0,0.0,156657254,16739635036,0.94,7,,,,,155935703040
1783702852.8733597,docker,osemosys-redis-1,0.27,0.0027,12540968,16739635036,0.07,6,,,,,155935703040
1783702854.8783255,docker,osemosys-api-1,99.53,0.9953,657981440,16739635036,3.93,14,,,,,155932819456
1783702854.8783255,docker,osemosys-db-1,2.87,0.0287,157391257,16739635036,0.94,7,,,,,155932819456
1783702854.8783255,docker,osemosys-redis-1,0.26,0.0026,12540968,16739635036,0.07,6,,,,,155932819456
1783702856.9149961,docker,osemosys-api-1,98.07,0.9806999999999999,658820300,16739635036,3.94,14,,,,,155933011968
1783702856.9149961,docker,osemosys-db-1,0.41,0.0040999999999999995,156866969,16739635036,0.94,7,,,,,155933011968
1783702856.9149961,docker,osemosys-redis-1,0.26,0.0026,12540968,16739635036,0.07,6,,,,,155933011968
1783702858.8802044,docker,osemosys-api-1,97.59,0.9759,698037043,16739635036,4.17,14,,,,,155932942336
1783702858.8802044,docker,osemosys-db-1,0.0,0.0,156657254,16739635036,0.94,7,,,,,155932942336
1783702858.8802044,docker,osemosys-redis-1,0.28,0.0028000000000000004,12540968,16739635036,0.07,6,,,,,155932942336
1783702860.873984,docker,osemosys-api-1,98.42,0.9842,490943283,16739635036,2.93,14,,,,,155940892672
1783702860.873984,docker,osemosys-db-1,0.0,0.0,156657254,16739635036,0.94,7,,,,,155940892672
1783702860.873984,docker,osemosys-redis-1,0.26,0.0026,12540968,16739635036,0.07,6,,,,,155940892672
1783702862.8627186,docker,osemosys-api-1,99.45,0.9945,490104422,16739635036,2.93,14,,,,,155940773888
1783702862.8627186,docker,osemosys-db-1,0.0,0.0,156657254,16739635036,0.94,7,,,,,155940773888
1783702862.8627186,docker,osemosys-redis-1,0.26,0.0026,12540968,16739635036,0.07,6,,,,,155940773888
1783702864.8517723,docker,osemosys-api-1,121.65,1.2165000000000001,490628710,16739635036,2.93,14,,,,,155940769792
1783702864.8517723,docker,osemosys-db-1,2.9,0.028999999999999998,156657254,16739635036,0.94,7,,,,,155940769792
1783702864.8517723,docker,osemosys-redis-1,0.24,0.0024,12540968,16739635036,0.07,6,,,,,155940769792
1783702866.8539946,docker,osemosys-api-1,98.58,0.9858,490523852,16739635036,2.93,14,,,,,155940646912
1783702866.8539946,docker,osemosys-db-1,0.0,0.0,156657254,16739635036,0.94,7,,,,,155940646912
1783702866.8539946,docker,osemosys-redis-1,0.27,0.0027,12540968,16739635036,0.07,6,,,,,155940646912
1783702868.827887,docker,osemosys-api-1,98.13,0.9813,489999564,16739635036,2.93,14,,,,,155940712448
1783702868.827887,docker,osemosys-db-1,0.0,0.0,156657254,16739635036,0.94,7,,,,,155940712448
1783702868.827887,docker,osemosys-redis-1,0.26,0.0026,12540968,16739635036,0.07,6,,,,,155940712448
1783702870.8097901,docker,osemosys-api-1,98.18,0.9818000000000001,490314137,16739635036,2.93,14,,,,,155940704256
1783702870.8097901,docker,osemosys-db-1,0.0,0.0,156657254,16739635036,0.94,7,,,,,155940704256
1783702870.8097901,docker,osemosys-redis-1,0.25,0.0025,12540968,16739635036,0.07,6,,,,,155940704256
1783702872.7934308,docker,osemosys-api-1,98.72,0.9872,491362713,16739635036,2.94,14,,,,,155940769792
1783702872.7934308,docker,osemosys-db-1,0.0,0.0,156657254,16739635036,0.94,7,,,,,155940769792
1783702872.7934308,docker,osemosys-redis-1,0.26,0.0026,12540968,16739635036,0.07,6,,,,,155940769792
1783702874.7758093,docker,osemosys-api-1,97.86,0.9786,491887001,16739635036,2.94,14,,,,,155940704256
1783702874.7758093,docker,osemosys-db-1,2.72,0.027200000000000002,156657254,16739635036,0.94,7,,,,,155940704256
1783702874.7758093,docker,osemosys-redis-1,0.25,0.0025,12540968,16739635036,0.07,6,,,,,155940704256
1783702876.7715566,docker,osemosys-api-1,101.36,1.0136,492411289,16739635036,2.94,14,,,,,155940687872
1783702876.7715566,docker,osemosys-db-1,0.0,0.0,156866969,16739635036,0.94,7,,,,,155940687872
1783702876.7715566,docker,osemosys-redis-1,0.28,0.0028000000000000004,12677283,16739635036,0.08,6,,,,,155940687872
1783702878.8188114,docker,osemosys-api-1,99.7,0.997,500799897,16739635036,2.99,14,,,,,155940569088
1783702878.8188114,docker,osemosys-db-1,0.0,0.0,156657254,16739635036,0.94,7,,,,,155940569088
1783702878.8188114,docker,osemosys-redis-1,0.26,0.0026,12457082,16739635036,0.07,6,,,,,155940569088
1783702880.8432922,docker,osemosys-api-1,99.25,0.9925,501953331,16739635036,3.0,14,,,,,155939782656
1783702880.8432922,docker,osemosys-db-1,0.0,0.0,156971827,16739635036,0.94,7,,,,,155939782656
1783702880.8432922,docker,osemosys-redis-1,0.28,0.0028000000000000004,12540968,16739635036,0.07,6,,,,,155939782656
1783702882.8647578,docker,osemosys-api-1,100.41,1.0041,502687334,16739635036,3.0,14,,,,,155939782656
1783702882.8647578,docker,osemosys-db-1,0.0,0.0,156971827,16739635036,0.94,7,,,,,155939782656
1783702882.8647578,docker,osemosys-redis-1,0.26,0.0026,12677283,16739635036,0.08,6,,,,,155939782656
1783702884.869475,docker,osemosys-api-1,99.52,0.9952,503316480,16739635036,3.01,14,,,,,155939561472
1783702884.869475,docker,osemosys-db-1,3.12,0.031200000000000002,156971827,16739635036,0.94,7,,,,,155939561472
1783702884.869475,docker,osemosys-redis-1,0.26,0.0026,12540968,16739635036,0.07,6,,,,,155939561472
1783702886.8790221,docker,osemosys-api-1,98.64,0.9864,503945625,16739635036,3.01,14,,,,,155939581952
1783702886.8790221,docker,osemosys-db-1,0.0,0.0,156657254,16739635036,0.94,7,,,,,155939581952
1783702886.8790221,docker,osemosys-redis-1,0.28,0.0028000000000000004,12540968,16739635036,0.07,6,,,,,155939581952
1783702888.8752084,docker,osemosys-api-1,98.3,0.983,504784486,16739635036,3.02,14,,,,,155939385344
1783702888.8752084,docker,osemosys-db-1,0.0,0.0,156657254,16739635036,0.94,7,,,,,155939385344
1783702888.8752084,docker,osemosys-redis-1,0.29,0.0029,12540968,16739635036,0.07,6,,,,,155939385344
1783702890.8683672,docker,osemosys-api-1,98.9,0.9890000000000001,505518489,16739635036,3.02,14,,,,,155939385344
1783702890.8683672,docker,osemosys-db-1,0.0,0.0,156657254,16739635036,0.94,7,,,,,155939385344
1783702890.8683672,docker,osemosys-redis-1,0.26,0.0026,12677283,16739635036,0.08,6,,,,,155939385344
1783702892.8583136,docker,osemosys-api-1,98.47,0.9847,506147635,16739635036,3.02,14,,,,,155939385344
1783702892.8583136,docker,osemosys-db-1,0.0,0.0,156657254,16739635036,0.94,7,,,,,155939385344
1783702892.8583136,docker,osemosys-redis-1,0.28,0.0028000000000000004,12677283,16739635036,0.08,6,,,,,155939385344
1783702894.8472452,docker,osemosys-api-1,120.86,1.2086,507720499,16739635036,3.03,14,,,,,155939262464
1783702894.8472452,docker,osemosys-db-1,2.85,0.0285,156762112,16739635036,0.94,7,,,,,155939262464
1783702894.8472452,docker,osemosys-redis-1,0.25,0.0025,12540968,16739635036,0.07,6,,,,,155939262464
1783702896.8485935,docker,osemosys-api-1,99.32,0.9932,508139929,16739635036,3.04,14,,,,,155939180544
1783702896.8485935,docker,osemosys-db-1,0.0,0.0,156762112,16739635036,0.94,7,,,,,155939180544
1783702896.8485935,docker,osemosys-redis-1,0.27,0.0027,12540968,16739635036,0.07,6,,,,,155939180544
1783702898.8216982,docker,osemosys-api-1,98.7,0.987,508664217,16739635036,3.04,14,,,,,155939180544
1783702898.8216982,docker,osemosys-db-1,0.0,0.0,156657254,16739635036,0.94,7,,,,,155939180544
1783702898.8216982,docker,osemosys-redis-1,0.27,0.0027,12540968,16739635036,0.07,6,,,,,155939180544
1783702900.8105764,docker,osemosys-api-1,98.26,0.9826,509398220,16739635036,3.04,14,,,,,155939180544
1783702900.8105764,docker,osemosys-db-1,0.0,0.0,157286400,16739635036,0.94,7,,,,,155939180544
1783702900.8105764,docker,osemosys-redis-1,0.26,0.0026,12540968,16739635036,0.07,6,,,,,155939180544
1783702902.794229,docker,osemosys-api-1,98.16,0.9815999999999999,510237081,16739635036,3.05,14,,,,,155939180544
1783702902.794229,docker,osemosys-db-1,0.0,0.0,156657254,16739635036,0.94,7,,,,,155939180544
1783702902.794229,docker,osemosys-redis-1,0.28,0.0028000000000000004,12540968,16739635036,0.07,6,,,,,155939180544
1783702904.7801068,docker,osemosys-api-1,98.38,0.9838,510971084,16739635036,3.05,14,,,,,155939246080
1783702904.7801068,docker,osemosys-db-1,2.88,0.0288,156657254,16739635036,0.94,7,,,,,155939246080
1783702904.7801068,docker,osemosys-redis-1,0.26,0.0026,12540968,16739635036,0.07,6,,,,,155939246080
1783702906.7739377,docker,osemosys-api-1,101.35,1.0134999999999998,513592524,16739635036,3.07,14,,,,,155939074048
1783702906.7739377,docker,osemosys-db-1,0.0,0.0,156657254,16739635036,0.94,7,,,,,155939074048
1783702906.7739377,docker,osemosys-redis-1,0.27,0.0027,12540968,16739635036,0.07,6,,,,,155939074048
1783702908.8144941,docker,osemosys-api-1,100.17,1.0017,454872268,16739635036,2.72,14,,,,,155939074048
1783702908.8144941,docker,osemosys-db-1,0.0,0.0,156657254,16739635036,0.94,7,,,,,155939074048
1783702908.8144941,docker,osemosys-redis-1,0.26,0.0026,12540968,16739635036,0.07,6,,,,,155939074048
1783702910.84287,docker,osemosys-api-1,115.88,1.1588,455501414,16739635036,2.72,14,,,,,155938775040
1783702910.84287,docker,osemosys-db-1,0.0,0.0,156657254,16739635036,0.94,7,,,,,155938775040
1783702910.84287,docker,osemosys-redis-1,0.27,0.0027,12540968,16739635036,0.07,6,,,,,155938775040
1783702912.8723702,docker,osemosys-api-1,100.17,1.0017,455501414,16739635036,2.72,14,,,,,155938643968
1783702912.8723702,docker,osemosys-db-1,0.0,0.0,156657254,16739635036,0.94,7,,,,,155938643968
1783702912.8723702,docker,osemosys-redis-1,0.25,0.0025,12666798,16739635036,0.08,6,,,,,155938643968
1783702914.87168,docker,osemosys-api-1,99.52,0.9952,454977126,16739635036,2.72,14,,,,,155938643968
1783702914.87168,docker,osemosys-db-1,3.27,0.0327,156971827,16739635036,0.94,7,,,,,155938643968
1783702914.87168,docker,osemosys-redis-1,0.26,0.0026,12677283,16739635036,0.08,6,,,,,155938643968
1783702916.8790069,docker,osemosys-api-1,99.71,0.9971,455081984,16739635036,2.72,14,,,,,155938631680
1783702916.8790069,docker,osemosys-db-1,0.43,0.0043,156762112,16739635036,0.94,7,,,,,155938631680
1783702916.8790069,docker,osemosys-redis-1,0.6,0.006,15550382,16739635036,0.09,12,,,,,155938631680
1783702918.8751428,docker,osemosys-api-1,99.12,0.9912000000000001,455081984,16739635036,2.72,14,,,,,155940880384
1783702918.8751428,docker,osemosys-db-1,0.0,0.0,156657254,16739635036,0.94,7,,,,,155940880384
1783702918.8751428,docker,osemosys-redis-1,0.3,0.003,12677283,16739635036,0.08,6,,,,,155940880384
1783702920.8683157,docker,osemosys-api-1,99.31,0.9931,589928857,16739635036,3.52,14,,,,,155940761600
1783702920.8683157,docker,osemosys-db-1,0.0,0.0,156657254,16739635036,0.94,7,,,,,155940761600
1783702920.8683157,docker,osemosys-redis-1,0.25,0.0025,12540968,16739635036,0.07,6,,,,,155940761600
1783702922.859177,docker,osemosys-api-1,99.46,0.9945999999999999,507091353,16739635036,3.03,14,,,,,155940761600
1783702922.859177,docker,osemosys-db-1,0.0,0.0,156657254,16739635036,0.94,7,,,,,155940761600
1783702922.859177,docker,osemosys-redis-1,0.27,0.0027,12540968,16739635036,0.07,6,,,,,155940761600
1783702924.8479805,docker,osemosys-api-1,98.65,0.9865,485071257,16739635036,2.9,14,,,,,155940564992
1783702924.8479805,docker,osemosys-db-1,2.87,0.0287,157076684,16739635036,0.94,7,,,,,155940564992
1783702924.8479805,docker,osemosys-redis-1,0.28,0.0028000000000000004,12540968,16739635036,0.07,6,,,,,155940564992
1783702926.852724,docker,osemosys-api-1,98.61,0.9861,493774438,16739635036,2.95,14,,,,,155940495360
1783702926.852724,docker,osemosys-db-1,0.0,0.0,156657254,16739635036,0.94,7,,,,,155940495360
1783702926.852724,docker,osemosys-redis-1,2.75,0.0275,13233029,16739635036,0.08,6,,,,,155940495360
1783702928.8284829,docker,osemosys-api-1,98.27,0.9826999999999999,491257856,16739635036,2.94,14,,,,,155940495360
1783702928.8284829,docker,osemosys-db-1,0.0,0.0,156657254,16739635036,0.94,7,,,,,155940495360
1783702928.8284829,docker,osemosys-redis-1,0.29,0.0029,12540968,16739635036,0.07,6,,,,,155940495360
1783702930.818123,docker,osemosys-api-1,98.58,0.9858,563085312,16739635036,3.37,14,,,,,155940491264
1783702930.818123,docker,osemosys-db-1,0.0,0.0,156866969,16739635036,0.94,7,,,,,155940491264
1783702930.818123,docker,osemosys-redis-1,0.27,0.0027,12540968,16739635036,0.07,6,,,,,155940491264
1783702932.802926,docker,osemosys-api-1,98.35,0.9834999999999999,594018304,16739635036,3.55,14,,,,,155940483072
1783702932.802926,docker,osemosys-db-1,0.0,0.0,156657254,16739635036,0.94,7,,,,,155940483072
1783702932.802926,docker,osemosys-redis-1,0.26,0.0026,12540968,16739635036,0.07,6,,,,,155940483072
1783702934.7834744,docker,osemosys-api-1,97.23,0.9723,652004556,16739635036,3.9,14,,,,,155940458496
1783702934.7834744,docker,osemosys-db-1,3.6,0.036000000000000004,156657254,16739635036,0.94,7,,,,,155940458496
1783702934.7834744,docker,osemosys-redis-1,0.27,0.0027,12540968,16739635036,0.07,6,,,,,155940458496
1783702936.7816873,docker,osemosys-api-1,100.94,1.0094,733269196,16739635036,4.38,14,,,,,155940458496
1783702936.7816873,docker,osemosys-db-1,0.0,0.0,156657254,16739635036,0.94,7,,,,,155940458496
1783702936.7816873,docker,osemosys-redis-1,2.69,0.0269,13379829,16739635036,0.08,6,,,,,155940458496
1783702938.820246,docker,osemosys-api-1,99.18,0.9918,771227648,16739635036,4.61,14,,,,,155940458496
1783702938.820246,docker,osemosys-db-1,0.0,0.0,156657254,16739635036,0.94,7,,,,,155940458496
1783702938.820246,docker,osemosys-redis-1,0.29,0.0029,12540968,16739635036,0.07,6,,,,,155940458496
1783702940.8496332,docker,osemosys-api-1,122.62,1.2262,759378739,16739635036,4.54,14,,,,,155939840000
1783702940.8496332,docker,osemosys-db-1,0.0,0.0,156657254,16739635036,0.94,7,,,,,155939840000
1783702940.8496332,docker,osemosys-redis-1,0.26,0.0026,12540968,16739635036,0.07,6,,,,,155939840000
1783702942.8691957,docker,osemosys-api-1,100.5,1.005,760637030,16739635036,4.55,14,,,,,155939774464
1783702942.8691957,docker,osemosys-db-1,0.0,0.0,156657254,16739635036,0.94,7,,,,,155939774464
1783702942.8691957,docker,osemosys-redis-1,0.27,0.0027,12540968,16739635036,0.07,6,,,,,155939774464
1783702944.8749695,docker,osemosys-api-1,99.52,0.9952,807718092,16739635036,4.83,14,,,,,155939774464
1783702944.8749695,docker,osemosys-db-1,2.88,0.0288,156971827,16739635036,0.94,7,,,,,155939774464
1783702944.8749695,docker,osemosys-redis-1,0.26,0.0026,12677283,16739635036,0.08,6,,,,,155939774464
1783702946.8824587,docker,osemosys-api-1,100.21,1.0021,844208537,16739635036,5.04,14,,,,,155939766272
1783702946.8824587,docker,osemosys-db-1,0.0,0.0,156657254,16739635036,0.94,7,,,,,155939766272
1783702946.8824587,docker,osemosys-redis-1,2.61,0.026099999999999998,12991856,16739635036,0.08,6,,,,,155939766272
1783702948.8759732,docker,osemosys-api-1,98.47,0.9847,864341196,16739635036,5.17,14,,,,,155939827712
1783702948.8759732,docker,osemosys-db-1,0.0,0.0,156657254,16739635036,0.94,7,,,,,155939827712
1783702948.8759732,docker,osemosys-redis-1,0.27,0.0027,12540968,16739635036,0.07,6,,,,,155939827712
1783702950.8688695,docker,osemosys-api-1,98.99,0.9899,885522432,16739635036,5.29,14,,,,,155939827712
1783702950.8688695,docker,osemosys-db-1,0.0,0.0,156657254,16739635036,0.94,7,,,,,155939827712
1783702950.8688695,docker,osemosys-redis-1,0.26,0.0026,12540968,16739635036,0.07,6,,,,,155939827712
1783702952.858485,docker,osemosys-api-1,99.29,0.9929000000000001,927465472,16739635036,5.54,14,,,,,155939708928
1783702952.858485,docker,osemosys-db-1,0.0,0.0,156657254,16739635036,0.94,7,,,,,155939708928
1783702952.858485,docker,osemosys-redis-1,0.28,0.0028000000000000004,12540968,16739635036,0.07,6,,,,,155939708928
1783702954.8468843,docker,osemosys-api-1,98.41,0.9841,927465472,16739635036,5.54,14,,,,,155939708928
1783702954.8468843,docker,osemosys-db-1,2.89,0.028900000000000002,157286400,16739635036,0.94,7,,,,,155939708928
1783702954.8468843,docker,osemosys-redis-1,0.28,0.0028000000000000004,12540968,16739635036,0.07,6,,,,,155939708928
1783702956.8361335,docker,osemosys-api-1,99.0,0.99,927465472,16739635036,5.54,14,,,,,155939565568
1783702956.8361335,docker,osemosys-db-1,0.0,0.0,156657254,16739635036,0.94,7,,,,,155939565568
1783702956.8361335,docker,osemosys-redis-1,2.51,0.025099999999999997,13012828,16739635036,0.08,6,,,,,155939565568
1783702958.8234408,docker,osemosys-api-1,98.22,0.9822,1457067655,16739635036,8.7,14,,,,,155939565568
1783702958.8234408,docker,osemosys-db-1,0.0,0.0,156657254,16739635036,0.94,7,,,,,155939565568
1783702958.8234408,docker,osemosys-redis-1,0.26,0.0026,12677283,16739635036,0.08,6,,,,,155939565568
1783702960.808082,docker,osemosys-api-1,98.83,0.9883,1654636150,16739635036,9.89,14,,,,,155939446784
1783702960.808082,docker,osemosys-db-1,0.0,0.0,157181542,16739635036,0.94,7,,,,,155939446784
1783702960.808082,docker,osemosys-redis-1,0.29,0.0029,12540968,16739635036,0.07,6,,,,,155939446784
1783702962.7909925,docker,osemosys-api-1,97.84,0.9784,1681479696,16739635036,10.05,14,,,,,155939446784
1783702962.7909925,docker,osemosys-db-1,0.0,0.0,156657254,16739635036,0.94,7,,,,,155939446784
1783702962.7909925,docker,osemosys-redis-1,0.27,0.0027,12540968,16739635036,0.07,6,,,,,155939446784
1783702964.7732813,docker,osemosys-api-1,98.23,0.9823000000000001,1708323241,16739635036,10.21,14,,,,,155939446784
1783702964.7732813,docker,osemosys-db-1,2.82,0.0282,156657254,16739635036,0.94,7,,,,,155939446784
1783702964.7732813,docker,osemosys-redis-1,0.25,0.0025,12404654,16739635036,0.07,6,,,,,155939446784
1783702966.7688167,docker,osemosys-api-1,100.88,1.0088,1738388013,16739635036,10.39,14,,,,,155939446784
1783702966.7688167,docker,osemosys-db-1,0.0,0.0,156657254,16739635036,0.94,7,,,,,155939446784
1783702966.7688167,docker,osemosys-redis-1,2.53,0.0253,12845056,16739635036,0.08,6,,,,,155939446784
1783702968.815111,docker,osemosys-api-1,98.63,0.9863,1765231558,16739635036,10.55,14,,,,,155939446784
1783702968.815111,docker,osemosys-db-1,0.0,0.0,156657254,16739635036,0.94,7,,,,,155939446784
1783702968.815111,docker,osemosys-redis-1,0.25,0.0025,12540968,16739635036,0.07,6,,,,,155939446784
1783702970.8424547,docker,osemosys-api-1,122.8,1.228,1792075104,16739635036,10.71,14,,,,,155939381248
1783702970.8424547,docker,osemosys-db-1,0.0,0.0,156866969,16739635036,0.94,7,,,,,155939381248
1783702970.8424547,docker,osemosys-redis-1,0.27,0.0027,12540968,16739635036,0.07,6,,,,,155939381248
1783702972.862463,docker,osemosys-api-1,99.79,0.9979,1818918649,16739635036,10.87,14,,,,,155939319808
1783702972.862463,docker,osemosys-db-1,0.0,0.0,156866969,16739635036,0.94,7,,,,,155939319808
1783702972.862463,docker,osemosys-redis-1,0.26,0.0026,12540968,16739635036,0.07,6,,,,,155939319808
1783702974.8694615,docker,osemosys-api-1,98.27,0.9826999999999999,1866163290,16739635036,11.15,14,,,,,155939254272
1783702974.8694615,docker,osemosys-db-1,2.82,0.0282,157181542,16739635036,0.94,7,,,,,155939254272
1783702974.8694615,docker,osemosys-redis-1,0.25,0.0025,12540968,16739635036,0.07,6,,,,,155939254272
1783702976.8761892,docker,osemosys-api-1,97.24,0.9723999999999999,1893006835,16739635036,11.31,14,,,,,155939237888
1783702976.8761892,docker,osemosys-db-1,0.43,0.0043,156866969,16739635036,0.94,7,,,,,155939237888
1783702976.8761892,docker,osemosys-redis-1,2.56,0.0256,12855541,16739635036,0.08,6,,,,,155939237888
1783702978.87311,docker,osemosys-api-1,97.79,0.9779000000000001,1918776639,16739635036,11.47,14,,,,,155939237888
1783702978.87311,docker,osemosys-db-1,0.0,0.0,156657254,16739635036,0.94,7,,,,,155939237888
1783702978.87311,docker,osemosys-redis-1,0.29,0.0029,12540968,16739635036,0.07,6,,,,,155939237888
1783702980.8654983,docker,osemosys-api-1,98.27,0.9826999999999999,1945620185,16739635036,11.62,14,,,,,155938418688
1783702980.8654983,docker,osemosys-db-1,0.0,0.0,156657254,16739635036,0.94,7,,,,,155938418688
1783702980.8654983,docker,osemosys-redis-1,0.29,0.0029,12540968,16739635036,0.07,6,,,,,155938418688
1783702982.8560665,docker,osemosys-api-1,98.32,0.9832,1971389988,16739635036,11.78,14,,,,,155938353152
1783702982.8560665,docker,osemosys-db-1,0.0,0.0,156657254,16739635036,0.94,7,,,,,155938353152
1783702982.8560665,docker,osemosys-redis-1,0.26,0.0026,12540968,16739635036,0.07,6,,,,,155938353152
1783702984.8452926,docker,osemosys-api-1,98.65,0.9865,1998233534,16739635036,11.94,14,,,,,155938353152
1783702984.8452926,docker,osemosys-db-1,3.01,0.0301,157076684,16739635036,0.94,7,,,,,155938353152
1783702984.8452926,docker,osemosys-redis-1,0.27,0.0027,12540968,16739635036,0.07,6,,,,,155938353152
1783702986.8342152,docker,osemosys-api-1,100.28,1.0028,2025077080,16739635036,12.1,14,,,,,155937841152
1783702986.8342152,docker,osemosys-db-1,0.0,0.0,156762112,16739635036,0.94,7,,,,,155937841152
1783702986.8342152,docker,osemosys-redis-1,2.75,0.0275,12970885,16739635036,0.08,6,,,,,155937841152
1783702988.8184435,docker,osemosys-api-1,98.29,0.9829000000000001,2092722814,16739635036,12.51,14,,,,,155937841152
1783702988.8184435,docker,osemosys-db-1,0.0,0.0,156657254,16739635036,0.94,7,,,,,155937841152
1783702988.8184435,docker,osemosys-redis-1,0.25,0.0025,12415139,16739635036,0.07,6,,,,,155937841152
1783702990.801408,docker,osemosys-api-1,98.1,0.981,2119566360,16739635036,12.67,14,,,,,155937722368
1783702990.801408,docker,osemosys-db-1,0.0,0.0,156971827,16739635036,0.94,7,,,,,155937722368
1783702990.801408,docker,osemosys-redis-1,0.25,0.0025,12540968,16739635036,0.07,6,,,,,155937722368
1783702992.7868865,docker,osemosys-api-1,98.15,0.9815,2146409906,16739635036,12.83,14,,,,,155937722368
1783702992.7868865,docker,osemosys-db-1,0.0,0.0,156657254,16739635036,0.94,7,,,,,155937722368
1783702992.7868865,docker,osemosys-redis-1,0.25,0.0025,12540968,16739635036,0.07,6,,,,,155937722368
1783702994.7688584,docker,osemosys-api-1,98.59,0.9859,2173253451,16739635036,12.99,14,,,,,155938844672
1783702994.7688584,docker,osemosys-db-1,2.84,0.028399999999999998,156657254,16739635036,0.94,7,,,,,155938844672
1783702994.7688584,docker,osemosys-redis-1,0.27,0.0027,12540968,16739635036,0.07,6,,,,,155938844672
1783702996.7735984,docker,osemosys-api-1,100.27,1.0027,2201170739,16739635036,13.15,14,,,,,155938775040
1783702996.7735984,docker,osemosys-db-1,0.0,0.0,156762112,16739635036,0.94,7,,,,,155938775040
1783702996.7735984,docker,osemosys-redis-1,2.58,0.0258,13033799,16739635036,0.08,6,,,,,155938775040
1783702998.8113828,docker,osemosys-api-1,100.0,1.0,2228014284,16739635036,13.31,14,,,,,155938770944
1783702998.8113828,docker,osemosys-db-1,0.0,0.0,156657254,16739635036,0.94,7,,,,,155938770944
1783702998.8113828,docker,osemosys-redis-1,0.26,0.0026,12540968,16739635036,0.07,6,,,,,155938770944
1783703000.8406498,docker,osemosys-api-1,102.0,1.02,2255931572,16739635036,13.48,20,,,,,155938832384
1783703000.8406498,docker,osemosys-db-1,0.0,0.0,156762112,16739635036,0.94,7,,,,,155938832384
1783703000.8406498,docker,osemosys-redis-1,0.27,0.0027,12540968,16739635036,0.07,6,,,,,155938832384
1783703002.8625407,docker,osemosys-api-1,99.73,0.9973000000000001,2280627634,16739635036,13.63,14,,,,,155938648064
1783703002.8625407,docker,osemosys-db-1,0.0,0.0,156657254,16739635036,0.94,7,,,,,155938648064
1783703002.8625407,docker,osemosys-redis-1,0.25,0.0025,12540968,16739635036,0.07,6,,,,,155938648064
1783703004.8679683,docker,osemosys-api-1,99.11,0.9911,2307471179,16739635036,13.79,14,,,,,155938582528
1783703004.8679683,docker,osemosys-db-1,2.77,0.0277,157181542,16739635036,0.94,7,,,,,155938582528
1783703004.8679683,docker,osemosys-redis-1,0.25,0.0025,12540968,16739635036,0.07,6,,,,,155938582528
1783703006.8957837,docker,osemosys-api-1,98.08,0.9808,2333240983,16739635036,13.94,14,,,,,155938582528
1783703006.8957837,docker,osemosys-db-1,0.0,0.0,156657254,16739635036,0.94,7,,,,,155938582528
1783703006.8957837,docker,osemosys-redis-1,2.76,0.0276,13138657,16739635036,0.08,6,,,,,155938582528
1783703008.872655,docker,osemosys-api-1,98.59,0.9859,2357937045,16739635036,14.09,14,,,,,155938582528
1783703008.872655,docker,osemosys-db-1,0.0,0.0,156657254,16739635036,0.94,7,,,,,155938582528
1783703008.872655,docker,osemosys-redis-1,0.3,0.003,12540968,16739635036,0.07,6,,,,,155938582528
1783703010.8649447,docker,osemosys-api-1,98.49,0.9849,2382633107,16739635036,14.24,14,,,,,155938451456
1783703010.8649447,docker,osemosys-db-1,0.01,0.0001,156657254,16739635036,0.94,7,,,,,155938451456
1783703010.8649447,docker,osemosys-redis-1,0.25,0.0025,12540968,16739635036,0.07,6,,,,,155938451456
1783703012.853467,docker,osemosys-api-1,98.13,0.9813,2405181685,16739635036,14.37,14,,,,,155938320384
1783703012.853467,docker,osemosys-db-1,0.0,0.0,156657254,16739635036,0.94,7,,,,,155938320384
1783703012.853467,docker,osemosys-redis-1,0.28,0.0028000000000000004,12540968,16739635036,0.07,6,,,,,155938320384
1783703014.8407264,docker,osemosys-api-1,98.14,0.9814,2428804005,16739635036,14.51,14,,,,,155938295808
1783703014.8407264,docker,osemosys-db-1,2.82,0.0282,157286400,16739635036,0.94,7,,,,,155938295808
1783703014.8407264,docker,osemosys-redis-1,0.26,0.0026,12540968,16739635036,0.07,6,,,,,155938295808
1783703016.8296263,docker,osemosys-api-1,120.62,1.2062,2453500067,16739635036,14.66,14,,,,,155938295808
1783703016.8296263,docker,osemosys-db-1,0.0,0.0,156657254,16739635036,0.94,7,,,,,155938295808
1783703016.8296263,docker,osemosys-redis-1,2.42,0.0242,12866027,16739635036,0.08,6,,,,,155938295808
1783703018.816323,docker,osemosys-api-1,97.16,0.9716,2477122387,16739635036,14.8,14,,,,,155938295808
1783703018.816323,docker,osemosys-db-1,0.0,0.0,156657254,16739635036,0.94,7,,,,,155938295808
1783703018.816323,docker,osemosys-redis-1,0.26,0.0026,12540968,16739635036,0.07,6,,,,,155938295808
1783703020.7996924,docker,osemosys-api-1,98.37,0.9837,2500744708,16739635036,14.94,14,,,,,155938361344
1783703020.7996924,docker,osemosys-db-1,0.0,0.0,157076684,16739635036,0.94,7,,,,,155938361344
1783703020.7996924,docker,osemosys-redis-1,0.26,0.0026,12540968,16739635036,0.07,6,,,,,155938361344
1783703022.7835467,docker,osemosys-api-1,98.26,0.9826,2525440770,16739635036,15.09,14,,,,,155938295808
1783703022.7835467,docker,osemosys-db-1,0.0,0.0,156657254,16739635036,0.94,7,,,,,155938295808
1783703022.7835467,docker,osemosys-redis-1,0.26,0.0026,12540968,16739635036,0.07,6,,,,,155938295808
1783703024.7691472,docker,osemosys-api-1,101.1,1.011,2551210573,16739635036,15.25,14,,,,,155938295808
1783703024.7691472,docker,osemosys-db-1,2.8,0.027999999999999997,156657254,16739635036,0.94,7,,,,,155938295808
1783703024.7691472,docker,osemosys-redis-1,0.26,0.0026,12540968,16739635036,0.07,6,,,,,155938295808
1783703026.8103507,docker,osemosys-api-1,99.99,0.9998999999999999,2578054119,16739635036,15.41,14,,,,,155938230272
1783703026.8103507,docker,osemosys-db-1,0.0,0.0,156657254,16739635036,0.94,7,,,,,155938230272
1783703026.8103507,docker,osemosys-redis-1,2.67,0.026699999999999998,13054771,16739635036,0.08,6,,,,,155938230272
1783703028.837696,docker,osemosys-api-1,99.14,0.9914000000000001,2607045148,16739635036,15.58,14,,,,,155938226176
1783703028.837696,docker,osemosys-db-1,0.0,0.0,156657254,16739635036,0.94,7,,,,,155938226176
1783703028.837696,docker,osemosys-redis-1,0.25,0.0025,12540968,16739635036,0.07,6,,,,,155938226176
1783703030.8577461,docker,osemosys-api-1,99.35,0.9934999999999999,2632814952,16739635036,15.73,14,,,,,155938226176
1783703030.8577461,docker,osemosys-db-1,0.0,0.0,157076684,16739635036,0.94,7,,,,,155938226176
1783703030.8577461,docker,osemosys-redis-1,0.28,0.0028000000000000004,12540968,16739635036,0.07,6,,,,,155938226176
1783703032.870525,docker,osemosys-api-1,99.34,0.9934000000000001,2658584756,16739635036,15.89,14,,,,,155938287616
1783703032.870525,docker,osemosys-db-1,0.0,0.0,156762112,16739635036,0.94,7,,,,,155938287616
1783703032.870525,docker,osemosys-redis-1,0.27,0.0027,12540968,16739635036,0.07,6,,,,,155938287616
1783703034.8730524,docker,osemosys-api-1,99.24,0.9924,2683280818,16739635036,16.03,14,,,,,155938287616
1783703034.8730524,docker,osemosys-db-1,2.94,0.0294,157391257,16739635036,0.94,7,,,,,155938287616
1783703034.8730524,docker,osemosys-redis-1,0.25,0.0025,12540968,16739635036,0.07,6,,,,,155938287616
1783703036.8791785,docker,osemosys-api-1,98.23,0.9823000000000001,2707976880,16739635036,16.18,14,,,,,155938271232
1783703036.8791785,docker,osemosys-db-1,0.41,0.0040999999999999995,156762112,16739635036,0.94,7,,,,,155938271232
1783703036.8791785,docker,osemosys-redis-1,2.63,0.0263,12761169,16739635036,0.08,6,,,,,155938271232
1783703038.8727102,docker,osemosys-api-1,99.21,0.9921,2733746683,16739635036,16.33,14,,,,,155938271232
1783703038.8727102,docker,osemosys-db-1,0.0,0.0,156657254,16739635036,0.94,7,,,,,155938271232
1783703038.8727102,docker,osemosys-redis-1,0.26,0.0026,12540968,16739635036,0.07,6,,,,,155938271232
1783703040.8660774,docker,osemosys-api-1,99.18,0.9918,2757369004,16739635036,16.47,14,,,,,155938115584
1783703040.8660774,docker,osemosys-db-1,0.0,0.0,156657254,16739635036,0.94,7,,,,,155938115584
1783703040.8660774,docker,osemosys-redis-1,0.25,0.0025,12540968,16739635036,0.07,6,,,,,155938115584
1783703042.8529449,docker,osemosys-api-1,99.19,0.9919,2779917582,16739635036,16.61,14,,,,,155938111488
1783703042.8529449,docker,osemosys-db-1,0.0,0.0,156657254,16739635036,0.94,7,,,,,155938111488
1783703042.8529449,docker,osemosys-redis-1,0.3,0.003,12540968,16739635036,0.07,6,,,,,155938111488
1783703044.8407366,docker,osemosys-api-1,98.96,0.9895999999999999,2803539902,16739635036,16.75,14,,,,,155938111488
1783703044.8407366,docker,osemosys-db-1,2.99,0.029900000000000003,157286400,16739635036,0.94,7,,,,,155938111488
1783703044.8407366,docker,osemosys-redis-1,0.27,0.0027,12540968,16739635036,0.07,6,,,,,155938111488
1783703046.8422444,docker,osemosys-api-1,122.9,1.229,2827162222,16739635036,16.89,14,,,,,155937804288
1783703046.8422444,docker,osemosys-db-1,0.0,0.0,156657254,16739635036,0.94,7,,,,,155937804288
1783703046.8422444,docker,osemosys-redis-1,2.81,0.0281,13023313,16739635036,0.08,6,,,,,155937804288
1783703048.8194633,docker,osemosys-api-1,97.72,0.9772,2849710800,16739635036,17.03,14,,,,,155936874496
1783703048.8194633,docker,osemosys-db-1,0.0,0.0,156657254,16739635036,0.94,7,,,,,155936874496
1783703048.8194633,docker,osemosys-redis-1,0.25,0.0025,12540968,16739635036,0.07,6,,,,,155936874496
1783703050.8034244,docker,osemosys-api-1,98.25,0.9825,2873333121,16739635036,17.17,14,,,,,155936849920
1783703050.8034244,docker,osemosys-db-1,0.0,0.0,157391257,16739635036,0.94,7,,,,,155936849920
1783703050.8034244,docker,osemosys-redis-1,0.28,0.0028000000000000004,12540968,16739635036,0.07,6,,,,,155936849920
1783703052.7855964,docker,osemosys-api-1,97.67,0.9767,2896955441,16739635036,17.31,14,,,,,155936632832
1783703052.7855964,docker,osemosys-db-1,0.0,0.0,156657254,16739635036,0.94,7,,,,,155936632832
1783703052.7855964,docker,osemosys-redis-1,0.26,0.0026,12666798,16739635036,0.08,6,,,,,155936632832
1783703054.7704673,docker,osemosys-api-1,101.59,1.0159,2924872728,16739635036,17.48,14,,,,,155936612352
1783703054.7704673,docker,osemosys-db-1,3.18,0.0318,156657254,16739635036,0.94,7,,,,,155936612352
1783703054.7704673,docker,osemosys-redis-1,0.26,0.0026,12415139,16739635036,0.07,6,,,,,155936612352
1783703056.8112059,docker,osemosys-api-1,100.14,1.0014,2951716274,16739635036,17.64,14,,,,,155936612352
1783703056.8112059,docker,osemosys-db-1,0.0,0.0,156762112,16739635036,0.94,7,,,,,155936612352
1783703056.8112059,docker,osemosys-redis-1,2.59,0.0259,12824084,16739635036,0.08,6,,,,,155936612352
1783703058.8350418,docker,osemosys-api-1,98.72,0.9872,3007550849,16739635036,17.97,14,,,,,155936612352
1783703058.8350418,docker,osemosys-db-1,0.0,0.0,156657254,16739635036,0.94,7,,,,,155936612352
1783703058.8350418,docker,osemosys-redis-1,0.26,0.0026,12540968,16739635036,0.07,6,,,,,155936612352
1783703060.8569365,docker,osemosys-api-1,99.1,0.991,3079491551,16739635036,18.4,14,,,,,155936608256
1783703060.8569365,docker,osemosys-db-1,0.0,0.0,157076684,16739635036,0.94,7,,,,,155936608256
1783703060.8569365,docker,osemosys-redis-1,0.27,0.0027,12540968,16739635036,0.07,6,,,,,155936608256
1783703062.869468,docker,osemosys-api-1,99.33,0.9933,3151432253,16739635036,18.83,14,,,,,155936477184
1783703062.869468,docker,osemosys-db-1,0.0,0.0,156762112,16739635036,0.94,7,,,,,155936477184
1783703062.869468,docker,osemosys-redis-1,0.28,0.0028000000000000004,12540968,16739635036,0.07,6,,,,,155936477184
1783703064.871514,docker,osemosys-api-1,97.86,0.9786,3222299213,16739635036,19.26,14,,,,,155936477184
1783703064.871514,docker,osemosys-db-1,3.28,0.032799999999999996,157076684,16739635036,0.94,7,,,,,155936477184
1783703064.871514,docker,osemosys-redis-1,0.29,0.0029,12540968,16739635036,0.07,6,,,,,155936477184
1783703066.8756456,docker,osemosys-api-1,98.06,0.9806,3297461141,16739635036,19.7,14,,,,,155936473088
1783703066.8756456,docker,osemosys-db-1,0.0,0.0,156657254,16739635036,0.94,7,,,,,155936473088
1783703066.8756456,docker,osemosys-redis-1,2.76,0.0276,12624855,16739635036,0.08,6,,,,,155936473088
1783703068.8788204,docker,osemosys-api-1,98.24,0.9823999999999999,3374770552,16739635036,20.17,14,,,,,155936473088
1783703068.8788204,docker,osemosys-db-1,0.0,0.0,156657254,16739635036,0.94,7,,,,,155936473088
1783703068.8788204,docker,osemosys-redis-1,0.24,0.0024,12540968,16739635036,0.07,6,,,,,155936473088
1783703070.871132,docker,osemosys-api-1,98.29,0.9829000000000001,3453153705,16739635036,20.63,14,,,,,155936534528
1783703070.871132,docker,osemosys-db-1,0.0,0.0,156657254,16739635036,0.94,7,,,,,155936534528
1783703070.871132,docker,osemosys-redis-1,0.29,0.0029,12666798,16739635036,0.08,6,,,,,155936534528
1783703072.8665514,docker,osemosys-api-1,98.53,0.9853000000000001,3530463117,16739635036,21.1,14,,,,,155935252480
1783703072.8665514,docker,osemosys-db-1,0.0,0.0,156657254,16739635036,0.94,7,,,,,155935252480
1783703072.8665514,docker,osemosys-redis-1,0.26,0.0026,12666798,16739635036,0.08,6,,,,,155935252480
1783703074.8519177,docker,osemosys-api-1,98.05,0.9804999999999999,3607772528,16739635036,21.56,14,,,,,155935129600
1783703074.8519177,docker,osemosys-db-1,3.01,0.0301,157181542,16739635036,0.94,7,,,,,155935129600
1783703074.8519177,docker,osemosys-redis-1,0.26,0.0026,12540968,16739635036,0.07,6,,,,,155935129600
1783703076.84263,docker,osemosys-api-1,113.24,1.1323999999999999,3697966841,16739635036,22.1,16,,,,,155936169984
1783703076.84263,docker,osemosys-db-1,0.0,0.0,156657254,16739635036,0.94,7,,,,,155936169984
1783703076.84263,docker,osemosys-redis-1,2.74,0.0274,12457082,16739635036,0.07,6,,,,,155936169984
1783703078.8318233,docker,osemosys-api-1,97.8,0.978,3763465093,16739635036,22.49,14,,,,,155936161792
1783703078.8318233,docker,osemosys-db-1,0.0,0.0,156657254,16739635036,0.94,7,,,,,155936161792
1783703078.8318233,docker,osemosys-redis-1,0.27,0.0027,12540968,16739635036,0.07,6,,,,,155936161792
1783703080.8143647,docker,osemosys-api-1,98.5,0.985,3841848246,16739635036,22.95,14,,,,,155936157696
1783703080.8143647,docker,osemosys-db-1,0.0,0.0,157391257,16739635036,0.94,7,,,,,155936157696
1783703080.8143647,docker,osemosys-redis-1,0.26,0.0026,12540968,16739635036,0.07,6,,,,,155936157696
1783703082.7963684,docker,osemosys-api-1,98.48,0.9848,3919157657,16739635036,23.42,14,,,,,155936157696
1783703082.7963684,docker,osemosys-db-1,0.0,0.0,156657254,16739635036,0.94,7,,,,,155936157696
1783703082.7963684,docker,osemosys-redis-1,0.26,0.0026,12666798,16739635036,0.08,6,,,,,155936157696
1783703084.7792866,docker,osemosys-api-1,100.17,1.0017,3997540810,16739635036,23.89,14,,,,,155936153600
1783703084.7792866,docker,osemosys-db-1,3.27,0.0327,156971827,16739635036,0.94,7,,,,,155936153600
1783703084.7792866,docker,osemosys-redis-1,0.26,0.0026,12404654,16739635036,0.07,6,,,,,155936153600
1783703086.8045883,docker,osemosys-api-1,100.39,1.0039,4076997705,16739635036,24.36,14,,,,,155936043008
1783703086.8045883,docker,osemosys-db-1,0.0,0.0,156657254,16739635036,0.94,7,,,,,155936043008
1783703086.8045883,docker,osemosys-redis-1,2.64,0.0264,12981370,16739635036,0.08,6,,,,,155936043008
1783703088.8414485,docker,osemosys-api-1,99.31,0.9931,4156454600,16739635036,24.84,14,,,,,155936043008
1783703088.8414485,docker,osemosys-db-1,0.0,0.0,156657254,16739635036,0.94,7,,,,,155936043008
1783703088.8414485,docker,osemosys-redis-1,0.25,0.0025,12540968,16739635036,0.07,6,,,,,155936043008
1783703090.8645957,docker,osemosys-api-1,100.18,1.0018,4231616528,16739635036,25.29,14,,,,,155936043008
1783703090.8645957,docker,osemosys-db-1,0.0,0.0,157391257,16739635036,0.94,7,,,,,155936043008
1783703090.8645957,docker,osemosys-redis-1,0.29,0.0029,12540968,16739635036,0.07,6,,,,,155936043008
1783703092.8796937,docker,osemosys-api-1,126.07,1.2607,4308925939,16739635036,25.75,14,,,,,155935870976
1783703092.8796937,docker,osemosys-db-1,0.0,0.0,156762112,16739635036,0.94,7,,,,,155935870976
1783703092.8796937,docker,osemosys-redis-1,0.26,0.0026,12666798,16739635036,0.08,6,,,,,155935870976
1783703094.882884,docker,osemosys-api-1,99.44,0.9944,4388382834,16739635036,26.23,14,,,,,155935870976
1783703094.882884,docker,osemosys-db-1,2.82,0.0282,157286400,16739635036,0.94,7,,,,,155935870976
1783703094.882884,docker,osemosys-redis-1,0.26,0.0026,12540968,16739635036,0.07,6,,,,,155935870976
1783703096.8977973,docker,osemosys-api-1,97.7,0.977,4466765987,16739635036,26.69,14,,,,,155935477760
1783703096.8977973,docker,osemosys-db-1,0.42,0.0042,156866969,16739635036,0.94,7,,,,,155935477760
1783703096.8977973,docker,osemosys-redis-1,2.62,0.0262,12404654,16739635036,0.07,6,,,,,155935477760
1783703098.8830667,docker,osemosys-api-1,97.8,0.978,4544075399,16739635036,27.15,14,,,,,155935477760
1783703098.8830667,docker,osemosys-db-1,0.0,0.0,156657254,16739635036,0.94,7,,,,,155935477760
1783703098.8830667,docker,osemosys-redis-1,0.26,0.0026,12666798,16739635036,0.08,6,,,,,155935477760
1783703100.8778317,docker,osemosys-api-1,98.95,0.9895,4619237326,16739635036,27.6,14,,,,,155934429184
1783703100.8778317,docker,osemosys-db-1,0.0,0.0,156657254,16739635036,0.94,7,,,,,155934429184
1783703100.8778317,docker,osemosys-redis-1,0.27,0.0027,12540968,16739635036,0.07,6,,,,,155934429184
1783703102.8663242,docker,osemosys-api-1,98.13,0.9813,4696546738,16739635036,28.06,14,,,,,155934429184
1783703102.8663242,docker,osemosys-db-1,0.0,0.0,156657254,16739635036,0.94,7,,,,,155934429184
1783703102.8663242,docker,osemosys-redis-1,0.26,0.0026,12677283,16739635036,0.08,6,,,,,155934429184
1783703104.854298,docker,osemosys-api-1,99.19,0.9919,4770634924,16739635036,28.51,14,,,,,155936227328
1783703104.854298,docker,osemosys-db-1,2.89,0.028900000000000002,156971827,16739635036,0.94,7,,,,,155936227328
1783703104.854298,docker,osemosys-redis-1,0.26,0.0026,12540968,16739635036,0.07,6,,,,,155936227328
1783703106.846608,docker,osemosys-api-1,98.33,0.9833,4845796851,16739635036,28.96,14,,,,,155936227328
1783703106.846608,docker,osemosys-db-1,0.0,0.0,156657254,16739635036,0.94,7,,,,,155936227328
1783703106.846608,docker,osemosys-redis-1,2.67,0.026699999999999998,13128171,16739635036,0.08,6,,,,,155936227328
1783703108.8349223,docker,osemosys-api-1,98.36,0.9836,4920958779,16739635036,29.4,14,,,,,155936104448
1783703108.8349223,docker,osemosys-db-1,0.0,0.0,156657254,16739635036,0.94,7,,,,,155936104448
1783703108.8349223,docker,osemosys-redis-1,0.28,0.0028000000000000004,12540968,16739635036,0.07,6,,,,,155936104448
1783703110.8265703,docker,osemosys-api-1,99.06,0.9906,4996120707,16739635036,29.86,14,,,,,155935907840
1783703110.8265703,docker,osemosys-db-1,0.0,0.0,157391257,16739635036,0.94,7,,,,,155935907840
1783703110.8265703,docker,osemosys-redis-1,0.26,0.0026,12540968,16739635036,0.07,6,,,,,155935907840
1783703112.8028555,docker,osemosys-api-1,98.63,0.9863,5072356376,16739635036,30.31,14,,,,,155935907840
1783703112.8028555,docker,osemosys-db-1,0.0,0.0,156657254,16739635036,0.94,7,,,,,155935907840
1783703112.8028555,docker,osemosys-redis-1,0.26,0.0026,12540968,16739635036,0.07,6,,,,,155935907840
1783703114.7861006,docker,osemosys-api-1,99.43,0.9943000000000001,5148592046,16739635036,30.77,14,,,,,155935907840
1783703114.7861006,docker,osemosys-db-1,2.76,0.0276,157286400,16739635036,0.94,7,,,,,155935907840
1783703114.7861006,docker,osemosys-redis-1,0.25,0.0025,12540968,16739635036,0.07,6,,,,,155935907840
1783703116.8114395,docker,osemosys-api-1,100.08,1.0008,5224827715,16739635036,31.22,14,,,,,155935793152
1783703116.8114395,docker,osemosys-db-1,0.0,0.0,156657254,16739635036,0.94,7,,,,,155935793152
1783703116.8114395,docker,osemosys-redis-1,2.82,0.0282,12897484,16739635036,0.08,6,,,,,155935793152
1783703118.8485615,docker,osemosys-api-1,99.55,0.9954999999999999,5302137126,16739635036,31.69,14,,,,,155935784960
1783703118.8485615,docker,osemosys-db-1,0.0,0.0,156657254,16739635036,0.94,7,,,,,155935784960
1783703118.8485615,docker,osemosys-redis-1,0.28,0.0028000000000000004,12540968,16739635036,0.07,6,,,,,155935784960
1783703120.872332,docker,osemosys-api-1,100.02,1.0002,5377299054,16739635036,32.14,14,,,,,155935223808
1783703120.872332,docker,osemosys-db-1,0.0,0.0,157076684,16739635036,0.94,7,,,,,155935223808
1783703120.872332,docker,osemosys-redis-1,0.27,0.0027,12540968,16739635036,0.07,6,,,,,155935223808
1783703122.8874764,docker,osemosys-api-1,123.87,1.2387000000000001,5453534724,16739635036,32.59,14,,,,,155935096832
1783703122.8874764,docker,osemosys-db-1,0.0,0.0,156762112,16739635036,0.94,7,,,,,155935096832
1783703122.8874764,docker,osemosys-redis-1,0.26,0.0026,12677283,16739635036,0.08,6,,,,,155935096832
1783703124.8890033,docker,osemosys-api-1,98.43,0.9843000000000001,5528696651,16739635036,33.04,14,,,,,155934568448
1783703124.8890033,docker,osemosys-db-1,2.76,0.0276,157076684,16739635036,0.94,7,,,,,155934568448
1783703124.8890033,docker,osemosys-redis-1,0.25,0.0025,12540968,16739635036,0.07,6,,,,,155934568448
1783703126.893084,docker,osemosys-api-1,96.87,0.9687,5606006063,16739635036,33.5,14,,,,,155934404608
1783703126.893084,docker,osemosys-db-1,0.0,0.0,156657254,16739635036,0.94,7,,,,,155934404608
1783703126.893084,docker,osemosys-redis-1,2.69,0.0269,12540968,16739635036,0.07,6,,,,,155934404608
1783703128.891895,docker,osemosys-api-1,98.08,0.9808,5682241732,16739635036,33.96,14,,,,,155934400512
1783703128.891895,docker,osemosys-db-1,0.0,0.0,156657254,16739635036,0.94,7,,,,,155934400512
1783703128.891895,docker,osemosys-redis-1,0.26,0.0026,12540968,16739635036,0.07,6,,,,,155934400512
1783703130.883083,docker,osemosys-api-1,98.78,0.9878,5762772369,16739635036,34.44,14,,,,,155934334976
1783703130.883083,docker,osemosys-db-1,0.0,0.0,156657254,16739635036,0.94,7,,,,,155934334976
1783703130.883083,docker,osemosys-redis-1,0.26,0.0026,12540968,16739635036,0.07,6,,,,,155934334976
1783703132.8739362,docker,osemosys-api-1,98.12,0.9812000000000001,5836860555,16739635036,34.88,14,,,,,155934253056
1783703132.8739362,docker,osemosys-db-1,0.0,0.0,156657254,16739635036,0.94,7,,,,,155934253056
1783703132.8739362,docker,osemosys-redis-1,0.25,0.0025,12666798,16739635036,0.08,6,,,,,155934253056
1783703134.8614519,docker,osemosys-api-1,98.47,0.9847,5910948741,16739635036,35.32,14,,,,,155934253056
1783703134.8614519,docker,osemosys-db-1,2.9,0.028999999999999998,157181542,16739635036,0.94,7,,,,,155934253056
1783703134.8614519,docker,osemosys-redis-1,0.27,0.0027,12540968,16739635036,0.07,6,,,,,155934253056
1783703136.862167,docker,osemosys-api-1,98.9,0.9890000000000001,5986110668,16739635036,35.77,14,,,,,155934027776
1783703136.862167,docker,osemosys-db-1,0.0,0.0,156657254,16739635036,0.94,7,,,,,155934027776
1783703136.862167,docker,osemosys-redis-1,2.83,0.028300000000000002,13306429,16739635036,0.08,6,,,,,155934027776
1783703138.839359,docker,osemosys-api-1,98.13,0.9813,6061272596,16739635036,36.22,14,,,,,155933962240
1783703138.839359,docker,osemosys-db-1,0.0,0.0,156657254,16739635036,0.94,7,,,,,155933962240
1783703138.839359,docker,osemosys-redis-1,0.26,0.0026,12540968,16739635036,0.07,6,,,,,155933962240
1783703140.8235955,docker,osemosys-api-1,98.03,0.9803000000000001,6136434524,16739635036,36.67,14,,,,,155933765632
1783703140.8235955,docker,osemosys-db-1,0.0,0.0,157181542,16739635036,0.94,7,,,,,155933765632
1783703140.8235955,docker,osemosys-redis-1,0.27,0.0027,12540968,16739635036,0.07,6,,,,,155933765632
1783703142.8074327,docker,osemosys-api-1,98.56,0.9856,6212670193,16739635036,37.13,14,,,,,155933765632
1783703142.8074327,docker,osemosys-db-1,0.0,0.0,156657254,16739635036,0.94,7,,,,,155933765632
1783703142.8074327,docker,osemosys-redis-1,0.27,0.0027,12666798,16739635036,0.08,6,,,,,155933765632
1783703144.790295,docker,osemosys-api-1,99.71,0.9971,6287832121,16739635036,37.57,14,,,,,155933765632
1783703144.790295,docker,osemosys-db-1,3.05,0.0305,157076684,16739635036,0.94,7,,,,,155933765632
1783703144.790295,docker,osemosys-redis-1,0.28,0.0028000000000000004,12540968,16739635036,0.07,6,,,,,155933765632
1783703146.8324978,docker,osemosys-api-1,99.67,0.9967,6362994049,16739635036,38.02,14,,,,,155933765632
1783703146.8324978,docker,osemosys-db-1,0.0,0.0,156657254,16739635036,0.94,7,,,,,155933765632
1783703146.8324978,docker,osemosys-redis-1,2.81,0.0281,12876513,16739635036,0.08,6,,,,,155933765632
1783703148.8551843,docker,osemosys-api-1,99.44,0.9944,6439229718,16739635036,38.48,14,,,,,155932979200
1783703148.8551843,docker,osemosys-db-1,0.0,0.0,156657254,16739635036,0.94,7,,,,,155932979200
1783703148.8551843,docker,osemosys-redis-1,0.27,0.0027,12540968,16739635036,0.07,6,,,,,155932979200
1783703150.8795671,docker,osemosys-api-1,99.8,0.998,6509022937,16739635036,38.9,14,,,,,155932954624
1783703150.8795671,docker,osemosys-db-1,0.0,0.0,157181542,16739635036,0.94,7,,,,,155932954624
1783703150.8795671,docker,osemosys-redis-1,0.28,0.0028000000000000004,12540968,16739635036,0.07,6,,,,,155932954624
1783703152.9002829,docker,osemosys-api-1,122.14,1.2214,6583111122,16739635036,39.34,14,,,,,155932721152
1783703152.9002829,docker,osemosys-db-1,0.0,0.0,156866969,16739635036,0.94,7,,,,,155932721152
1783703152.9002829,docker,osemosys-redis-1,0.27,0.0027,12404654,16739635036,0.07,6,,,,,155932721152
1783703154.8973515,docker,osemosys-api-1,98.55,0.9854999999999999,6658273050,16739635036,39.79,14,,,,,155932721152
1783703154.8973515,docker,osemosys-db-1,2.76,0.0276,157181542,16739635036,0.94,7,,,,,155932721152
1783703154.8973515,docker,osemosys-redis-1,0.28,0.0028000000000000004,12540968,16739635036,0.07,6,,,,,155932721152
1783703156.914257,docker,osemosys-api-1,98.08,0.9808,6734508720,16739635036,40.25,14,,,,,155932717056
1783703156.914257,docker,osemosys-db-1,0.43,0.0043,156866969,16739635036,0.94,7,,,,,155932717056
1783703156.914257,docker,osemosys-redis-1,2.6,0.026000000000000002,12540968,16739635036,0.07,6,,,,,155932717056
1783703158.8998878,docker,osemosys-api-1,99.22,0.9922,6811818131,16739635036,40.7,14,,,,,155932712960
1783703158.8998878,docker,osemosys-db-1,0.0,0.0,156657254,16739635036,0.94,7,,,,,155932712960
1783703158.8998878,docker,osemosys-redis-1,0.27,0.0027,12540968,16739635036,0.07,6,,,,,155932712960
1783703160.892238,docker,osemosys-api-1,98.06,0.9806,6888053800,16739635036,41.16,14,,,,,155932708864
1783703160.892238,docker,osemosys-db-1,0.0,0.0,156657254,16739635036,0.94,7,,,,,155932708864
1783703160.892238,docker,osemosys-redis-1,0.25,0.0025,12540968,16739635036,0.07,6,,,,,155932708864
1783703162.8822482,docker,osemosys-api-1,98.21,0.9821,6964289470,16739635036,41.62,14,,,,,155932905472
1783703162.8822482,docker,osemosys-db-1,0.0,0.0,156657254,16739635036,0.94,7,,,,,155932905472
1783703162.8822482,docker,osemosys-redis-1,0.27,0.0027,12540968,16739635036,0.07,6,,,,,155932905472
1783703164.86948,docker,osemosys-api-1,99.2,0.992,7039451398,16739635036,42.06,14,,,,,155932835840
1783703164.86948,docker,osemosys-db-1,2.88,0.0288,157286400,16739635036,0.94,7,,,,,155932835840
1783703164.86948,docker,osemosys-redis-1,0.27,0.0027,12540968,16739635036,0.07,6,,,,,155932835840
1783703166.8630629,docker,osemosys-api-1,98.91,0.9891,7110318358,16739635036,42.49,14,,,,,155931213824
1783703166.8630629,docker,osemosys-db-1,0.0,0.0,156657254,16739635036,0.94,7,,,,,155931213824
1783703166.8630629,docker,osemosys-redis-1,2.87,0.0287,13201571,16739635036,0.08,6,,,,,155931213824
1783703168.8489742,docker,osemosys-api-1,109.75,1.0975,7186554028,16739635036,42.95,14,,,,,155931205632
1783703168.8489742,docker,osemosys-db-1,0.0,0.0,156657254,16739635036,0.94,7,,,,,155931205632
1783703168.8489742,docker,osemosys-redis-1,0.25,0.0025,12540968,16739635036,0.07,6,,,,,155931205632
1783703170.835089,docker,osemosys-api-1,99.33,0.9933,7261715955,16739635036,43.39,14,,,,,155931201536
1783703170.835089,docker,osemosys-db-1,0.0,0.0,157076684,16739635036,0.94,7,,,,,155931201536
1783703170.835089,docker,osemosys-redis-1,0.26,0.0026,12540968,16739635036,0.07,6,,,,,155931201536
1783703172.8179278,docker,osemosys-api-1,97.76,0.9776,7337951625,16739635036,43.85,14,,,,,155931201536
1783703172.8179278,docker,osemosys-db-1,0.0,0.0,156657254,16739635036,0.94,7,,,,,155931201536
1783703172.8179278,docker,osemosys-redis-1,0.26,0.0026,12540968,16739635036,0.07,6,,,,,155931201536
1783703174.8004196,docker,osemosys-api-1,99.55,0.9954999999999999,7413113552,16739635036,44.3,14,,,,,155931197440
1783703174.8004196,docker,osemosys-db-1,2.94,0.0294,157181542,16739635036,0.94,7,,,,,155931197440
1783703174.8004196,docker,osemosys-redis-1,0.27,0.0027,12540968,16739635036,0.07,6,,,,,155931197440
1783703176.8266554,docker,osemosys-api-1,100.52,1.0051999999999999,7490422964,16739635036,44.76,14,,,,,155931078656
1783703176.8266554,docker,osemosys-db-1,0.43,0.0043,156657254,16739635036,0.94,7,,,,,155931078656
1783703176.8266554,docker,osemosys-redis-1,2.59,0.0259,13002342,16739635036,0.08,6,,,,,155931078656
1783703178.8622453,docker,osemosys-api-1,99.94,0.9994,7567732375,16739635036,45.22,14,,,,,155931078656
1783703178.8622453,docker,osemosys-db-1,0.0,0.0,156657254,16739635036,0.94,7,,,,,155931078656
1783703178.8622453,docker,osemosys-redis-1,0.26,0.0026,12551454,16739635036,0.07,6,,,,,155931078656
1783703180.8849547,docker,osemosys-api-1,100.07,1.0007,7642894303,16739635036,45.67,14,,,,,155930554368
1783703180.8849547,docker,osemosys-db-1,0.0,0.0,157391257,16739635036,0.94,7,,,,,155930554368
1783703180.8849547,docker,osemosys-redis-1,0.26,0.0026,12540968,16739635036,0.07,6,,,,,155930554368
1783703182.905845,docker,osemosys-api-1,100.15,1.0015,7718056230,16739635036,46.12,14,,,,,155930554368
1783703182.905845,docker,osemosys-db-1,0.0,0.0,157391257,16739635036,0.94,7,,,,,155930554368
1783703182.905845,docker,osemosys-redis-1,0.26,0.0026,12540968,16739635036,0.07,6,,,,,155930554368
1783703184.9028218,docker,osemosys-api-1,99.16,0.9915999999999999,7793218158,16739635036,46.57,14,,,,,155930554368
1783703184.9028218,docker,osemosys-db-1,3.0,0.03,157076684,16739635036,0.94,7,,,,,155930554368
1783703184.9028218,docker,osemosys-redis-1,0.27,0.0027,12540968,16739635036,0.07,6,,,,,155930554368
1783703186.903806,docker,osemosys-api-1,98.23,0.9823000000000001,7868380086,16739635036,47.02,14,,,,,155930554368
1783703186.903806,docker,osemosys-db-1,0.0,0.0,156657254,16739635036,0.94,7,,,,,155930554368
1783703186.903806,docker,osemosys-redis-1,2.73,0.0273,12415139,16739635036,0.07,6,,,,,155930554368
1783703188.9006374,docker,osemosys-api-1,98.06,0.9806,7944615755,16739635036,47.47,14,,,,,155930554368
1783703188.9006374,docker,osemosys-db-1,0.0,0.0,156657254,16739635036,0.94,7,,,,,155930554368
1783703188.9006374,docker,osemosys-redis-1,0.25,0.0025,12540968,16739635036,0.07,6,,,,,155930554368
1783703190.8908293,docker,osemosys-api-1,98.03,0.9803000000000001,8019777683,16739635036,47.92,14,,,,,155930554368
1783703190.8908293,docker,osemosys-db-1,0.0,0.0,156657254,16739635036,0.94,7,,,,,155930554368
1783703190.8908293,docker,osemosys-redis-1,0.27,0.0027,12540968,16739635036,0.07,6,,,,,155930554368
1783703192.8803296,docker,osemosys-api-1,99.17,0.9917,8096013352,16739635036,48.38,14,,,,,155930423296
1783703192.8803296,docker,osemosys-db-1,0.0,0.0,156657254,16739635036,0.94,7,,,,,155930423296
1783703192.8803296,docker,osemosys-redis-1,0.26,0.0026,12677283,16739635036,0.08,6,,,,,155930423296
1783703194.8661673,docker,osemosys-api-1,97.8,0.978,8170101538,16739635036,48.82,14,,,,,155930419200
1783703194.8661673,docker,osemosys-db-1,2.83,0.028300000000000002,157286400,16739635036,0.94,7,,,,,155930419200
1783703194.8661673,docker,osemosys-redis-1,0.28,0.0028000000000000004,12540968,16739635036,0.07,6,,,,,155930419200
1783703196.85708,docker,osemosys-api-1,98.5,0.985,8246337208,16739635036,49.28,14,,,,,155930480640
1783703196.85708,docker,osemosys-db-1,0.0,0.0,156866969,16739635036,0.94,7,,,,,155930480640
1783703196.85708,docker,osemosys-redis-1,2.59,0.0259,12834570,16739635036,0.08,6,,,,,155930480640
1783703198.8443735,docker,osemosys-api-1,122.27,1.2227,8322572877,16739635036,49.74,14,,,,,155930411008
1783703198.8443735,docker,osemosys-db-1,0.0,0.0,156657254,16739635036,0.94,7,,,,,155930411008
1783703198.8443735,docker,osemosys-redis-1,0.26,0.0026,12540968,16739635036,0.07,6,,,,,155930411008
1783703200.8283448,docker,osemosys-api-1,99.16,0.9915999999999999,8397734805,16739635036,50.18,14,,,,,155930288128
1783703200.8283448,docker,osemosys-db-1,0.0,0.0,157181542,16739635036,0.94,7,,,,,155930288128
1783703200.8283448,docker,osemosys-redis-1,0.26,0.0026,12540968,16739635036,0.07,6,,,,,155930288128
1783703202.81177,docker,osemosys-api-1,98.4,0.9840000000000001,8475044216,16739635036,50.64,14,,,,,155930288128
1783703202.81177,docker,osemosys-db-1,0.0,0.0,156657254,16739635036,0.94,7,,,,,155930288128
1783703202.81177,docker,osemosys-redis-1,0.26,0.0026,12415139,16739635036,0.07,6,,,,,155930288128
1783703204.8049767,docker,osemosys-api-1,100.7,1.0070000000000001,8553427369,16739635036,51.11,14,,,,,155930279936
1783703204.8049767,docker,osemosys-db-1,2.9,0.028999999999999998,157076684,16739635036,0.94,7,,,,,155930279936
1783703204.8049767,docker,osemosys-redis-1,0.26,0.0026,12540968,16739635036,0.07,6,,,,,155930279936
1783703206.8526623,docker,osemosys-api-1,99.68,0.9968,8632884264,16739635036,51.59,14,,,,,155930165248
1783703206.8526623,docker,osemosys-db-1,0.0,0.0,156657254,16739635036,0.94,7,,,,,155930165248
1783703206.8526623,docker,osemosys-redis-1,3.06,0.030600000000000002,12918456,16739635036,0.08,6,,,,,155930165248
1783703208.892102,docker,osemosys-api-1,99.5,0.995,8711267418,16739635036,52.06,14,,,,,155930099712
1783703208.892102,docker,osemosys-db-1,0.0,0.0,156657254,16739635036,0.94,7,,,,,155930099712
1783703208.892102,docker,osemosys-redis-1,0.25,0.0025,12540968,16739635036,0.07,6,,,,,155930099712
1783703210.9164474,docker,osemosys-api-1,100.42,1.0042,8787503087,16739635036,52.51,14,,,,,155930099712
1783703210.9164474,docker,osemosys-db-1,0.0,0.0,156866969,16739635036,0.94,7,,,,,155930099712
1783703210.9164474,docker,osemosys-redis-1,0.28,0.0028000000000000004,12540968,16739635036,0.07,6,,,,,155930099712
1783703212.9332778,docker,osemosys-api-1,99.28,0.9928,8864812498,16739635036,52.97,14,,,,,155930099712
1783703212.9332778,docker,osemosys-db-1,0.0,0.0,156762112,16739635036,0.94,7,,,,,155930099712
1783703212.9332778,docker,osemosys-redis-1,0.25,0.0025,12540968,16739635036,0.07,6,,,,,155930099712
1783703214.9304838,docker,osemosys-api-1,98.98,0.9898,8941048168,16739635036,53.43,14,,,,,155930099712
1783703214.9304838,docker,osemosys-db-1,2.96,0.0296,157391257,16739635036,0.94,7,,,,,155930099712
1783703214.9304838,docker,osemosys-redis-1,0.27,0.0027,12540968,16739635036,0.07,6,,,,,155930099712
1783703216.9295259,docker,osemosys-api-1,97.99,0.9799,9017283837,16739635036,53.89,14,,,,,155930099712
1783703216.9295259,docker,osemosys-db-1,0.01,0.0001,156971827,16739635036,0.94,7,,,,,155930099712
1783703216.9295259,docker,osemosys-redis-1,2.85,0.0285,12404654,16739635036,0.07,6,,,,,155930099712
1783703218.92583,docker,osemosys-api-1,98.51,0.9851000000000001,9094593249,16739635036,54.34,14,,,,,155929968640
1783703218.92583,docker,osemosys-db-1,0.0,0.0,156657254,16739635036,0.94,7,,,,,155929968640
1783703218.92583,docker,osemosys-redis-1,0.25,0.0025,12540968,16739635036,0.07,6,,,,,155929968640
1783703220.911974,docker,osemosys-api-1,97.95,0.9795,9170828918,16739635036,54.8,14,,,,,155929968640
1783703220.911974,docker,osemosys-db-1,0.0,0.0,156657254,16739635036,0.94,7,,,,,155929968640
1783703220.911974,docker,osemosys-redis-1,0.26,0.0026,12540968,16739635036,0.07,6,,,,,155929968640
1783703222.896987,docker,osemosys-api-1,99.02,0.9902,9245990846,16739635036,55.25,14,,,,,155929968640
1783703222.896987,docker,osemosys-db-1,0.0,0.0,156657254,16739635036,0.94,7,,,,,155929968640
1783703222.896987,docker,osemosys-redis-1,0.25,0.0025,12540968,16739635036,0.07,6,,,,,155929968640
1783703224.8831735,docker,osemosys-api-1,97.91,0.9791,9321152774,16739635036,55.7,14,,,,,155930034176
1783703224.8831735,docker,osemosys-db-1,2.85,0.0285,157181542,16739635036,0.94,7,,,,,155930034176
1783703224.8831735,docker,osemosys-redis-1,0.28,0.0028000000000000004,12540968,16739635036,0.07,6,,,,,155930034176
1783703226.8659391,docker,osemosys-api-1,98.02,0.9802,9398462185,16739635036,56.16,14,,,,,155929952256
1783703226.8659391,docker,osemosys-db-1,0.0,0.0,156657254,16739635036,0.94,7,,,,,155929952256
1783703226.8659391,docker,osemosys-redis-1,2.63,0.0263,12949913,16739635036,0.08,6,,,,,155929952256
1783703228.854376,docker,osemosys-api-1,124.54,1.2454,9475771596,16739635036,56.62,14,,,,,155932311552
1783703228.854376,docker,osemosys-db-1,0.0,0.0,156657254,16739635036,0.94,7,,,,,155932311552
1783703228.854376,docker,osemosys-redis-1,0.26,0.0026,12540968,16739635036,0.07,6,,,,,155932311552
1783703230.8405535,docker,osemosys-api-1,99.13,0.9913,9546638557,16739635036,57.05,14,,,,,155932311552
1783703230.8405535,docker,osemosys-db-1,0.0,0.0,157076684,16739635036,0.94,7,,,,,155932311552
1783703230.8405535,docker,osemosys-redis-1,0.28,0.0028000000000000004,12540968,16739635036,0.07,6,,,,,155932311552
1783703232.8237336,docker,osemosys-api-1,98.8,0.988,9623947968,16739635036,57.51,14,,,,,155932311552
1783703232.8237336,docker,osemosys-db-1,0.0,0.0,156657254,16739635036,0.94,7,,,,,155932311552
1783703232.8237336,docker,osemosys-redis-1,0.26,0.0026,12540968,16739635036,0.07,6,,,,,155932311552
1783703234.8178236,docker,osemosys-api-1,99.49,0.9948999999999999,9702331121,16739635036,57.98,14,,,,,155932839936
1783703234.8178236,docker,osemosys-db-1,3.04,0.0304,157600972,16739635036,0.94,7,,,,,155932839936
1783703234.8178236,docker,osemosys-redis-1,0.27,0.0027,12540968,16739635036,0.07,6,,,,,155932839936
1783703236.8614728,docker,osemosys-api-1,99.89,0.9989,9781788016,16739635036,58.45,14,,,,,155932839936
1783703236.8614728,docker,osemosys-db-1,0.6,0.006,156657254,16739635036,0.94,7,,,,,155932839936
1783703236.8614728,docker,osemosys-redis-1,2.71,0.0271,12991856,16739635036,0.08,6,,,,,155932839936
1783703238.8921614,docker,osemosys-api-1,99.96,0.9995999999999999,9860171169,16739635036,58.92,14,,,,,155932770304
1783703238.8921614,docker,osemosys-db-1,0.0,0.0,156657254,16739635036,0.94,7,,,,,155932770304
1783703238.8921614,docker,osemosys-redis-1,0.25,0.0025,12540968,16739635036,0.07,6,,,,,155932770304
1783703240.9084802,docker,osemosys-api-1,99.41,0.9941,9936406839,16739635036,59.38,14,,,,,155932770304
1783703240.9084802,docker,osemosys-db-1,0.0,0.0,157181542,16739635036,0.94,7,,,,,155932770304
1783703240.9084802,docker,osemosys-redis-1,0.27,0.0027,12540968,16739635036,0.07,6,,,,,155932770304
1783703242.9262571,docker,osemosys-api-1,99.13,0.9913,10011568766,16739635036,59.82,14,,,,,155932770304
1783703242.9262571,docker,osemosys-db-1,0.0,0.0,157076684,16739635036,0.94,7,,,,,155932770304
1783703242.9262571,docker,osemosys-redis-1,0.32,0.0032,12540968,16739635036,0.07,6,,,,,155932770304
1783703244.9290285,docker,osemosys-api-1,100.84,1.0084,10083509469,16739635036,60.26,14,,,,,155933851648
1783703244.9290285,docker,osemosys-db-1,2.87,0.0287,157600972,16739635036,0.94,7,,,,,155933851648
1783703244.9290285,docker,osemosys-redis-1,0.26,0.0026,12540968,16739635036,0.07,6,,,,,155933851648
1783703246.9297152,docker,osemosys-api-1,98.33,0.9833,10161892622,16739635036,60.72,14,,,,,155933835264
1783703246.9297152,docker,osemosys-db-1,0.0,0.0,156657254,16739635036,0.94,7,,,,,155933835264
1783703246.9297152,docker,osemosys-redis-1,2.7,0.027000000000000003,12436111,16739635036,0.07,6,,,,,155933835264
1783703248.9275517,docker,osemosys-api-1,99.41,0.9941,10238128291,16739635036,61.18,14,,,,,155933491200
1783703248.9275517,docker,osemosys-db-1,0.0,0.0,156657254,16739635036,0.94,7,,,,,155933491200
1783703248.9275517,docker,osemosys-redis-1,0.27,0.0027,12540968,16739635036,0.07,6,,,,,155933491200
1783703250.9166229,docker,osemosys-api-1,98.76,0.9876,10311142735,16739635036,61.61,14,,,,,155933491200
1783703250.9166229,docker,osemosys-db-1,0.0,0.0,156657254,16739635036,0.94,7,,,,,155933491200
1783703250.9166229,docker,osemosys-redis-1,0.29,0.0029,12540968,16739635036,0.07,6,,,,,155933491200
1783703253.005376,docker,osemosys-api-1,98.98,0.9898,10384157179,16739635036,62.05,14,,,,,155932581888
1783703253.005376,docker,osemosys-db-1,0.0,0.0,156657254,16739635036,0.94,7,,,,,155932581888
1783703253.005376,docker,osemosys-redis-1,0.26,0.0026,12540968,16739635036,0.07,6,,,,,155932581888
1783703254.8997328,docker,osemosys-api-1,99.09,0.9909,10460392849,16739635036,62.51,14,,,,,155932581888
1783703254.8997328,docker,osemosys-db-1,2.95,0.029500000000000002,157286400,16739635036,0.94,7,,,,,155932581888
1783703254.8997328,docker,osemosys-redis-1,0.27,0.0027,12540968,16739635036,0.07,6,,,,,155932581888
1783703256.898298,docker,osemosys-api-1,98.09,0.9809,10538776002,16739635036,62.97,14,,,,,155932803072
1783703256.898298,docker,osemosys-db-1,0.0,0.0,156762112,16739635036,0.94,7,,,,,155932803072
1783703256.898298,docker,osemosys-redis-1,2.67,0.026699999999999998,12949913,16739635036,0.08,6,,,,,155932803072
1783703258.8749368,docker,osemosys-api-1,102.04,1.0204,10625749090,16739635036,63.5,16,,,,,155932798976
1783703258.8749368,docker,osemosys-db-1,0.0,0.0,156657254,16739635036,0.94,7,,,,,155932798976
1783703258.8749368,docker,osemosys-redis-1,0.25,0.0025,12540968,16739635036,0.07,6,,,,,155932798976
1783703260.8586788,docker,osemosys-api-1,98.42,0.9842,10693394825,16739635036,63.9,14,,,,,155932610560
1783703260.8586788,docker,osemosys-db-1,0.0,0.0,157076684,16739635036,0.94,7,,,,,155932610560
1783703260.8586788,docker,osemosys-redis-1,0.26,0.0026,12540968,16739635036,0.07,6,,,,,155932610560
1783703262.8420963,docker,osemosys-api-1,99.38,0.9937999999999999,10769630494,16739635036,64.37,14,,,,,155932610560
1783703262.8420963,docker,osemosys-db-1,0.0,0.0,156657254,16739635036,0.94,7,,,,,155932610560
1783703262.8420963,docker,osemosys-redis-1,0.26,0.0026,12540968,16739635036,0.07,6,,,,,155932610560
1783703264.8333542,docker,osemosys-api-1,98.67,0.9867,10855529840,16739635036,64.84,14,,,,,155932610560
1783703264.8333542,docker,osemosys-db-1,3.07,0.030699999999999998,157810688,16739635036,0.94,7,,,,,155932610560
1783703264.8333542,docker,osemosys-redis-1,0.26,0.0026,12415139,16739635036,0.07,6,,,,,155932610560
1783703266.879033,docker,osemosys-api-1,100.46,1.0046,10930691768,16739635036,65.32,14,,,,,155932606464
1783703266.879033,docker,osemosys-db-1,0.0,0.0,156657254,16739635036,0.94,7,,,,,155932606464
1783703266.879033,docker,osemosys-redis-1,2.58,0.0258,12750684,16739635036,0.08,6,,,,,155932606464
1783703268.907684,docker,osemosys-api-1,100.37,1.0037,11005853696,16739635036,65.79,14,,,,,155932360704
1783703268.907684,docker,osemosys-db-1,0.0,0.0,156657254,16739635036,0.94,7,,,,,155932360704
1783703268.907684,docker,osemosys-redis-1,0.26,0.0026,12540968,16739635036,0.07,6,,,,,155932360704
1783703270.9240007,docker,osemosys-api-1,99.4,0.9940000000000001,11081015623,16739635036,66.24,14,,,,,155932360704
1783703270.9240007,docker,osemosys-db-1,0.0,0.0,157286400,16739635036,0.94,7,,,,,155932360704
1783703270.9240007,docker,osemosys-redis-1,0.28,0.0028000000000000004,12540968,16739635036,0.07,6,,,,,155932360704
1783703272.9352646,docker,osemosys-api-1,99.44,0.9944,11166914969,16739635036,66.7,14,,,,,155932356608
1783703272.9352646,docker,osemosys-db-1,0.0,0.0,157286400,16739635036,0.94,7,,,,,155932356608
1783703272.9352646,docker,osemosys-redis-1,0.27,0.0027,12540968,16739635036,0.07,6,,,,,155932356608
1783703274.9332495,docker,osemosys-api-1,127.39,1.2739,11242076897,16739635036,67.15,14,,,,,155932356608
1783703274.9332495,docker,osemosys-db-1,1.64,0.016399999999999998,160956416,16739635036,0.96,13,,,,,155932356608
1783703274.9332495,docker,osemosys-redis-1,0.3,0.003,12415139,16739635036,0.07,6,,,,,155932356608
1783703276.9365635,docker,osemosys-api-1,97.74,0.9773999999999999,11317238824,16739635036,67.61,14,,,,,155932356608
1783703276.9365635,docker,osemosys-db-1,0.01,0.0001,156657254,16739635036,0.94,7,,,,,155932356608
1783703276.9365635,docker,osemosys-redis-1,2.65,0.0265,12415139,16739635036,0.07,6,,,,,155932356608
1783703278.9293528,docker,osemosys-api-1,98.59,0.9859,11392400752,16739635036,68.06,14,,,,,155932356608
1783703278.9293528,docker,osemosys-db-1,0.01,0.0001,156657254,16739635036,0.94,7,,,,,155932356608
1783703278.9293528,docker,osemosys-redis-1,0.29,0.0029,12540968,16739635036,0.07,6,,,,,155932356608
1783703280.920619,docker,osemosys-api-1,98.32,0.9832,11467562680,16739635036,68.52,14,,,,,155929915392
1783703280.920619,docker,osemosys-db-1,2.56,0.0256,156657254,16739635036,0.94,7,,,,,155929915392
1783703280.920619,docker,osemosys-redis-1,0.25,0.0025,12540968,16739635036,0.07,6,,,,,155929915392
1783703282.9089553,docker,osemosys-api-1,98.25,0.9825,11542724608,16739635036,68.98,14,,,,,155929915392
1783703282.9089553,docker,osemosys-db-1,0.0,0.0,156657254,16739635036,0.94,7,,,,,155929915392
1783703282.9089553,docker,osemosys-redis-1,0.26,0.0026,12540968,16739635036,0.07,6,,,,,155929915392
1783703284.8976307,docker,osemosys-api-1,99.0,0.99,11617886535,16739635036,69.43,14,,,,,155929845760
1783703284.8976307,docker,osemosys-db-1,0.0,0.0,156657254,16739635036,0.94,7,,,,,155929845760
1783703284.8976307,docker,osemosys-redis-1,0.28,0.0028000000000000004,12540968,16739635036,0.07,6,,,,,155929845760
1783703286.8868716,docker,osemosys-api-1,97.66,0.9765999999999999,11693048463,16739635036,69.89,14,,,,,155929911296
1783703286.8868716,docker,osemosys-db-1,0.0,0.0,156657254,16739635036,0.94,7,,,,,155929911296
1783703286.8868716,docker,osemosys-redis-1,2.84,0.028399999999999998,13054771,16739635036,0.08,6,,,,,155929911296
1783703288.8740098,docker,osemosys-api-1,98.28,0.9828,11768210391,16739635036,70.33,14,,,,,155909210112
1783703288.8740098,docker,osemosys-db-1,0.0,0.0,156657254,16739635036,0.94,7,,,,,155909210112
1783703288.8740098,docker,osemosys-redis-1,0.29,0.0029,12540968,16739635036,0.07,6,,,,,155909210112
1783703290.8559487,docker,osemosys-api-1,97.76,0.9776,11843372318,16739635036,70.79,14,,,,,155929825280
1783703290.8559487,docker,osemosys-db-1,3.22,0.0322,157181542,16739635036,0.94,7,,,,,155929825280
1783703290.8559487,docker,osemosys-redis-1,0.25,0.0025,12540968,16739635036,0.07,6,,,,,155929825280
1783703292.8397021,docker,osemosys-api-1,100.28,1.0028,11918534246,16739635036,71.25,14,,,,,155929825280
1783703292.8397021,docker,osemosys-db-1,0.0,0.0,156657254,16739635036,0.94,7,,,,,155929825280
1783703292.8397021,docker,osemosys-redis-1,0.27,0.0027,12540968,16739635036,0.07,6,,,,,155929825280
1783703294.8320775,docker,osemosys-api-1,101.42,1.0142,12004433592,16739635036,71.72,14,,,,,155929817088
1783703294.8320775,docker,osemosys-db-1,0.0,0.0,156657254,16739635036,0.94,7,,,,,155929817088
1783703294.8320775,docker,osemosys-redis-1,0.27,0.0027,12540968,16739635036,0.07,6,,,,,155929817088
1783703296.875391,docker,osemosys-api-1,99.25,0.9925,12079595520,16739635036,72.18,14,,,,,155929411584
1783703296.875391,docker,osemosys-db-1,0.44,0.0044,156762112,16739635036,0.94,7,,,,,155929411584
1783703296.875391,docker,osemosys-redis-1,2.8,0.027999999999999997,12761169,16739635036,0.08,6,,,,,155929411584
1783703298.9081116,docker,osemosys-api-1,99.89,0.9989,12154757447,16739635036,72.64,14,,,,,155929346048
1783703298.9081116,docker,osemosys-db-1,0.0,0.0,156657254,16739635036,0.94,7,,,,,155929346048
1783703298.9081116,docker,osemosys-redis-1,0.26,0.0026,12540968,16739635036,0.07,6,,,,,155929346048
1783703300.9229107,docker,osemosys-api-1,99.05,0.9904999999999999,12229919375,16739635036,73.09,14,,,,,155929317376
1783703300.9229107,docker,osemosys-db-1,3.06,0.030600000000000002,157076684,16739635036,0.94,7,,,,,155929317376
1783703300.9229107,docker,osemosys-redis-1,0.28,0.0028000000000000004,12666798,16739635036,0.08,6,,,,,155929317376
1783703302.9418688,docker,osemosys-api-1,99.47,0.9947,12305081303,16739635036,73.54,14,,,,,155929317376
1783703302.9418688,docker,osemosys-db-1,0.0,0.0,157076684,16739635036,0.94,7,,,,,155929317376
1783703302.9418688,docker,osemosys-redis-1,0.26,0.0026,12666798,16739635036,0.08,6,,,,,155929317376
1783703304.936114,docker,osemosys-api-1,120.58,1.2058,12380243230,16739635036,74.01,14,,,,,155929317376
1783703304.936114,docker,osemosys-db-1,0.0,0.0,156657254,16739635036,0.94,7,,,,,155929317376
1783703304.936114,docker,osemosys-redis-1,0.29,0.0029,12540968,16739635036,0.07,6,,,,,155929317376
1783703306.9364865,docker,osemosys-api-1,99.0,0.99,12455405158,16739635036,74.46,14,,,,,155929251840
1783703306.9364865,docker,osemosys-db-1,0.0,0.0,156657254,16739635036,0.94,7,,,,,155929251840
1783703306.9364865,docker,osemosys-redis-1,3.0,0.03,12540968,16739635036,0.07,6,,,,,155929251840
1783703308.9334474,docker,osemosys-api-1,98.82,0.9882,12541304504,16739635036,74.92,14,,,,,155929251840
1783703308.9334474,docker,osemosys-db-1,0.0,0.0,156657254,16739635036,0.94,7,,,,,155929251840
1783703308.9334474,docker,osemosys-redis-1,0.26,0.0026,12540968,16739635036,0.07,6,,,,,155929251840
1783703310.9217381,docker,osemosys-api-1,97.51,0.9751000000000001,12616466432,16739635036,75.38,14,,,,,155929186304
1783703310.9217381,docker,osemosys-db-1,2.82,0.0282,156657254,16739635036,0.94,7,,,,,155929186304
1783703310.9217381,docker,osemosys-redis-1,0.26,0.0026,12540968,16739635036,0.07,6,,,,,155929186304
1783703312.9107125,docker,osemosys-api-1,98.74,0.9873999999999999,12691628359,16739635036,75.84,14,,,,,155929186304
1783703312.9107125,docker,osemosys-db-1,0.0,0.0,156657254,16739635036,0.94,7,,,,,155929186304
1783703312.9107125,docker,osemosys-redis-1,0.27,0.0027,12540968,16739635036,0.07,6,,,,,155929186304
1783703314.8959773,docker,osemosys-api-1,98.6,0.986,12766790287,16739635036,76.29,14,,,,,155925786624
1783703314.8959773,docker,osemosys-db-1,0.0,0.0,156657254,16739635036,0.94,7,,,,,155925786624
1783703314.8959773,docker,osemosys-redis-1,0.26,0.0026,12666798,16739635036,0.08,6,,,,,155925786624
1783703316.8838944,docker,osemosys-api-1,98.06,0.9806,12841952215,16739635036,76.76,14,,,,,155929157632
1783703316.8838944,docker,osemosys-db-1,0.0,0.0,156762112,16739635036,0.94,7,,,,,155929157632
1783703316.8838944,docker,osemosys-redis-1,2.66,0.026600000000000002,12824084,16739635036,0.08,6,,,,,155929157632
1783703318.8747191,docker,osemosys-api-1,98.19,0.9819,12917114142,16739635036,77.21,14,,,,,155929219072
1783703318.8747191,docker,osemosys-db-1,0.0,0.0,156762112,16739635036,0.94,7,,,,,155929219072
1783703318.8747191,docker,osemosys-redis-1,0.27,0.0027,12666798,16739635036,0.08,6,,,,,155929219072
1783703320.8564322,docker,osemosys-api-1,98.0,0.98,13003013488,16739635036,77.67,14,,,,,155929149440
1783703320.8564322,docker,osemosys-db-1,2.85,0.0285,156971827,16739635036,0.94,7,,,,,155929149440
1783703320.8564322,docker,osemosys-redis-1,0.24,0.0024,12540968,16739635036,0.07,6,,,,,155929149440
1783703322.8388178,docker,osemosys-api-1,99.17,0.9917,13078175416,16739635036,78.14,14,,,,,155929030656
1783703322.8388178,docker,osemosys-db-1,0.0,0.0,156657254,16739635036,0.94,7,,,,,155929030656
1783703322.8388178,docker,osemosys-redis-1,0.25,0.0025,12540968,16739635036,0.07,6,,,,,155929030656
1783703324.8316307,docker,osemosys-api-1,100.88,1.0088,13153337344,16739635036,78.61,14,,,,,155929030656
1783703324.8316307,docker,osemosys-db-1,0.0,0.0,156657254,16739635036,0.94,7,,,,,155929030656
1783703324.8316307,docker,osemosys-redis-1,0.3,0.003,12666798,16739635036,0.08,6,,,,,155929030656
1783703326.8787632,docker,osemosys-api-1,99.71,0.9971,13228499271,16739635036,79.08,14,,,,,155929030656
1783703326.8787632,docker,osemosys-db-1,0.0,0.0,156657254,16739635036,0.94,7,,,,,155929030656
1783703326.8787632,docker,osemosys-redis-1,2.81,0.0281,12782141,16739635036,0.08,6,,,,,155929030656
1783703328.9040403,docker,osemosys-api-1,100.03,1.0003,13314398617,16739635036,79.55,14,,,,,155929030656
1783703328.9040403,docker,osemosys-db-1,0.0,0.0,156657254,16739635036,0.94,7,,,,,155929030656
1783703328.9040403,docker,osemosys-redis-1,0.26,0.0026,12540968,16739635036,0.07,6,,,,,155929030656
1783703330.9191535,docker,osemosys-api-1,98.27,0.9826999999999999,13389560545,16739635036,80.0,14,,,,,155929030656
1783703330.9191535,docker,osemosys-db-1,2.9,0.028999999999999998,157181542,16739635036,0.94,7,,,,,155929030656
1783703330.9191535,docker,osemosys-redis-1,0.27,0.0027,12540968,16739635036,0.07,6,,,,,155929030656
1783703332.950473,docker,osemosys-api-1,99.19,0.9919,13464722472,16739635036,80.45,14,,,,,155929030656
1783703332.950473,docker,osemosys-db-1,0.0,0.0,156971827,16739635036,0.94,7,,,,,155929030656
1783703332.950473,docker,osemosys-redis-1,0.26,0.0026,12540968,16739635036,0.07,6,,,,,155929030656
1783703334.9288034,docker,osemosys-api-1,113.83,1.1383,13550621818,16739635036,80.98,16,,,,,155929030656
1783703334.9288034,docker,osemosys-db-1,0.0,0.0,156657254,16739635036,0.94,7,,,,,155929030656
1783703334.9288034,docker,osemosys-redis-1,0.26,0.0026,12540968,16739635036,0.07,6,,,,,155929030656
1783703336.9284544,docker,osemosys-api-1,98.88,0.9887999999999999,13615046328,16739635036,81.35,14,,,,,155929030656
1783703336.9284544,docker,osemosys-db-1,0.0,0.0,156657254,16739635036,0.94,7,,,,,155929030656
1783703336.9284544,docker,osemosys-redis-1,3.38,0.0338,12404654,16739635036,0.07,6,,,,,155929030656
1783703338.923178,docker,osemosys-api-1,99.25,0.9925,13711683092,16739635036,81.92,14,,,,,149991477248
1783703338.923178,docker,osemosys-db-1,0.0,0.0,156657254,16739635036,0.94,7,,,,,149991477248
1783703338.923178,docker,osemosys-redis-1,0.26,0.0026,12666798,16739635036,0.08,6,,,,,149991477248
1783703340.9124794,docker,osemosys-api-1,98.97,0.9897,13797582438,16739635036,82.48,14,,,,,149991473152
1783703340.9124794,docker,osemosys-db-1,3.0,0.03,156657254,16739635036,0.94,7,,,,,149991473152
1783703340.9124794,docker,osemosys-redis-1,0.26,0.0026,12540968,16739635036,0.07,6,,,,,149991473152
1783703342.9069204,docker,osemosys-api-1,98.99,0.9899,13862006947,16739635036,82.83,14,,,,,149991436288
1783703342.9069204,docker,osemosys-db-1,0.0,0.0,156657254,16739635036,0.94,7,,,,,149991436288
1783703342.9069204,docker,osemosys-redis-1,0.24,0.0024,12666798,16739635036,0.08,6,,,,,149991436288
1783703344.8875167,docker,osemosys-api-1,98.36,0.9836,13937168875,16739635036,83.28,14,,,,,149991432192
1783703344.8875167,docker,osemosys-db-1,0.0,0.0,156657254,16739635036,0.94,7,,,,,149991432192
1783703344.8875167,docker,osemosys-redis-1,0.27,0.0027,12666798,16739635036,0.08,6,,,,,149991432192
1783703346.8743987,docker,osemosys-api-1,97.99,0.9799,13990855966,16739635036,83.62,14,,,,,149991415808
1783703346.8743987,docker,osemosys-db-1,0.0,0.0,156237824,16739635036,0.93,7,,,,,149991415808
1783703346.8743987,docker,osemosys-redis-1,3.15,0.0315,13065256,16739635036,0.08,6,,,,,149991415808
1783703348.8620205,docker,osemosys-api-1,99.02,0.9902,14044543057,16739635036,83.93,14,,,,,149991342080
1783703348.8620205,docker,osemosys-db-1,0.0,0.0,156028108,16739635036,0.93,7,,,,,149991342080
1783703348.8620205,docker,osemosys-redis-1,0.27,0.0027,12478054,16739635036,0.07,6,,,,,149991342080
1783703350.846831,docker,osemosys-api-1,124.58,1.2458,14076755312,16739635036,84.12,14,,,,,149991342080
1783703350.846831,docker,osemosys-db-1,3.4,0.034,156866969,16739635036,0.94,7,,,,,149991342080
1783703350.846831,docker,osemosys-redis-1,0.27,0.0027,12436111,16739635036,0.07,6,,,,,149991342080
1783703352.832441,docker,osemosys-api-1,99.7,0.997,14119704985,16739635036,84.37,14,,,,,149990187008
1783703352.832441,docker,osemosys-db-1,0.0,0.0,152882380,16739635036,0.91,7,,,,,149990187008
1783703352.832441,docker,osemosys-redis-1,0.26,0.0026,11890851,16739635036,0.07,6,,,,,149990187008
1783703354.824045,docker,osemosys-api-1,101.47,1.0147,14162654658,16739635036,84.64,14,,,,,149990187008
1783703354.824045,docker,osemosys-db-1,0.0,0.0,147534643,16739635036,0.88,7,,,,,149990187008
1783703354.824045,docker,osemosys-redis-1,0.3,0.003,11513364,16739635036,0.07,6,,,,,149990187008
1783703356.8657002,docker,osemosys-api-1,100.48,1.0048000000000001,14216341749,16739635036,84.93,14,,,,,149990187008
1783703356.8657002,docker,osemosys-db-1,0.67,0.0067,147220070,16739635036,0.88,7,,,,,149990187008
1783703356.8657002,docker,osemosys-redis-1,3.19,0.0319,12834570,16739635036,0.08,6,,,,,149990187008
1783703358.8990245,docker,osemosys-api-1,100.64,1.0064,14259291422,16739635036,85.24,14,,,,,149990187008
1783703358.8990245,docker,osemosys-db-1,0.0,0.0,139670323,16739635036,0.83,7,,,,,149990187008
1783703358.8990245,docker,osemosys-redis-1,0.3,0.003,11964252,16739635036,0.07,6,,,,,149990187008
1783703360.9144468,docker,osemosys-api-1,99.66,0.9965999999999999,14345190768,16739635036,85.72,14,,,,,149990023168
1783703360.9144468,docker,osemosys-db-1,3.28,0.032799999999999996,136314880,16739635036,0.81,7,,,,,149990023168
1783703360.9144468,docker,osemosys-redis-1,0.27,0.0027,11576279,16739635036,0.07,6,,,,,149990023168
1783703362.9521627,docker,osemosys-api-1,99.87,0.9987,14431090114,16739635036,86.22,14,,,,,149990023168
1783703362.9521627,docker,osemosys-db-1,0.0,0.0,132644864,16739635036,0.79,7,,,,,149990023168
1783703362.9521627,docker,osemosys-redis-1,0.28,0.0028000000000000004,11439964,16739635036,0.07,6,,,,,149990023168
1783703364.925097,docker,osemosys-api-1,99.05,0.9904999999999999,14506252042,16739635036,86.72,14,,,,,149990023168
1783703364.925097,docker,osemosys-db-1,0.0,0.0,127087411,16739635036,0.76,7,,,,,149990023168
1783703364.925097,docker,osemosys-redis-1,0.27,0.0027,11062476,16739635036,0.07,6,,,,,149990023168
1783703366.932524,docker,osemosys-api-1,99.26,0.9926,14602888806,16739635036,87.24,14,,,,,149990014976
1783703366.932524,docker,osemosys-db-1,0.0,0.0,122159104,16739635036,0.73,7,,,,,149990014976
1783703366.932524,docker,osemosys-redis-1,3.59,0.0359,11838423,16739635036,0.07,6,,,,,149990014976
1783703368.9633658,docker,osemosys-api-1,99.66,0.9965999999999999,14678050734,16739635036,87.69,14,,,,,149990006784
1783703368.9633658,docker,osemosys-db-1,0.02,0.0002,111358771,16739635036,0.67,7,,,,,149990006784
1783703368.9633658,docker,osemosys-redis-1,0.26,0.0026,10768875,16739635036,0.06,6,,,,,149990006784
1783703370.9232476,docker,osemosys-api-1,98.25,0.9825,14763950080,16739635036,88.25,14,,,,,149990006784
1783703370.9232476,docker,osemosys-db-1,3.19,0.0319,107374182,16739635036,0.64,7,,,,,149990006784
1783703370.9232476,docker,osemosys-redis-1,0.25,0.0025,10150215,16739635036,0.06,6,,,,,149990006784
1783703372.9149916,docker,osemosys-api-1,99.02,0.9902,14871324262,16739635036,88.88,14,,,,,149989871616
1783703372.9149916,docker,osemosys-db-1,0.0,0.0,103431536,16739635036,0.62,7,,,,,149989871616
1783703372.9149916,docker,osemosys-redis-1,0.28,0.0028000000000000004,9993977,16739635036,0.06,6,,,,,149989871616
1783703374.9032006,docker,osemosys-api-1,97.88,0.9788,14925011353,16739635036,89.19,14,,,,,149989871616
1783703374.9032006,docker,osemosys-db-1,0.0,0.0,100789125,16739635036,0.6,7,,,,,149989871616
1783703374.9032006,docker,osemosys-redis-1,0.26,0.0026,9580838,16739635036,0.06,6,,,,,149989871616
1783703376.8975892,docker,osemosys-api-1,97.56,0.9756,14978698444,16739635036,89.49,14,,,,,149989691392
1783703376.8975892,docker,osemosys-db-1,0.0,0.0,102162759,16739635036,0.61,7,,,,,149989691392
1783703376.8975892,docker,osemosys-redis-1,2.98,0.0298,10957619,16739635036,0.07,6,,,,,149989691392
1783703378.889448,docker,osemosys-api-1,99.36,0.9936,15000173281,16739635036,89.62,14,,,,,149989683200
1783703378.889448,docker,osemosys-db-1,0.0,0.0,101848186,16739635036,0.61,7,,,,,149989683200
1783703378.889448,docker,osemosys-redis-1,0.27,0.0027,10047455,16739635036,0.06,6,,,,,149989683200
1783703380.8760908,docker,osemosys-api-1,123.98,1.2398,15010910699,16739635036,89.67,14,,,,,149989683200
1783703380.8760908,docker,osemosys-db-1,3.51,0.0351,100233379,16739635036,0.6,7,,,,,149989683200
1783703380.8760908,docker,osemosys-redis-1,0.27,0.0027,9781116,16739635036,0.06,6,,,,,149989683200
1783703382.8615055,docker,osemosys-api-1,101.36,1.0136,14946486190,16739635036,89.29,14,,,,,149989679104
1783703382.8615055,docker,osemosys-db-1,0.0,0.0,96930365,16739635036,0.58,7,,,,,149989679104
1783703382.8615055,docker,osemosys-redis-1,0.28,0.0028000000000000004,9731833,16739635036,0.06,6,,,,,149989679104
1783703384.8926868,docker,osemosys-api-1,101.11,1.0110999999999999,14946486190,16739635036,89.29,14,,,,,149990121472
1783703384.8926868,docker,osemosys-db-1,0.0,0.0,96940851,16739635036,0.58,7,,,,,149990121472
1783703384.8926868,docker,osemosys-redis-1,0.29,0.0029,9731833,16739635036,0.06,6,,,,,149990121472
1783703386.9381282,docker,osemosys-api-1,100.72,1.0072,14946486190,16739635036,89.29,14,,,,,149989994496
1783703386.9381282,docker,osemosys-db-1,0.0,0.0,100023664,16739635036,0.6,7,,,,,149989994496
1783703386.9381282,docker,osemosys-redis-1,3.23,0.0323,11534336,16739635036,0.07,6,,,,,149989994496
1783703388.9650528,docker,osemosys-api-1,100.69,1.0069,14925011353,16739635036,89.2,14,,,,,149989978112
1783703388.9650528,docker,osemosys-db-1,0.0,0.0,99929292,16739635036,0.6,7,,,,,149989978112
1783703388.9650528,docker,osemosys-redis-1,0.32,0.0032,11408506,16739635036,0.07,6,,,,,149989978112
1783703390.9808676,docker,osemosys-api-1,99.02,0.9902,14925011353,16739635036,89.2,14,,,,,149989646336
1783703390.9808676,docker,osemosys-db-1,2.96,0.0296,100579409,16739635036,0.6,7,,,,,149989646336
1783703390.9808676,docker,osemosys-redis-1,0.3,0.003,11408506,16739635036,0.07,6,,,,,149989646336
1783703392.9842646,docker,osemosys-api-1,99.01,0.9901000000000001,14925011353,16739635036,89.2,14,,,,,149989421056
1783703392.9842646,docker,osemosys-db-1,0.0,0.0,100306780,16739635036,0.6,7,,,,,149989421056
1783703392.9842646,docker,osemosys-redis-1,0.29,0.0029,11408506,16739635036,0.07,6,,,,,149989421056
1783703394.9853797,docker,osemosys-api-1,98.78,0.9878,14903536517,16739635036,89.04,14,,,,,149989367808
1783703394.9853797,docker,osemosys-db-1,0.0,0.0,100317265,16739635036,0.6,7,,,,,149989367808
1783703394.9853797,docker,osemosys-redis-1,0.34,0.0034000000000000002,11408506,16739635036,0.07,6,,,,,149989367808
1783703396.9835505,docker,osemosys-api-1,101.05,1.0105,14903536517,16739635036,89.05,14,,,,,149988642816
1783703396.9835505,docker,osemosys-db-1,0.0,0.0,99688120,16739635036,0.6,7,,,,,149988642816
1783703396.9835505,docker,osemosys-redis-1,2.86,0.0286,11827937,16739635036,0.07,6,,,,,149988642816
1783703398.979408,docker,osemosys-api-1,98.55,0.9854999999999999,14903536517,16739635036,89.05,14,,,,,149989752832
1783703398.979408,docker,osemosys-db-1,0.0,0.0,99992207,16739635036,0.6,7,,,,,149989752832
1783703398.979408,docker,osemosys-redis-1,0.3,0.003,11513364,16739635036,0.07,6,,,,,149989752832
1783703400.9680305,docker,osemosys-api-1,97.43,0.9743,14903536517,16739635036,89.05,14,,,,,149988503552
1783703400.9680305,docker,osemosys-db-1,3.29,0.0329,100621352,16739635036,0.6,7,,,,,149988503552
1783703400.9680305,docker,osemosys-redis-1,0.28,0.0028000000000000004,11513364,16739635036,0.07,6,,,,,149988503552
1783703402.9594727,docker,osemosys-api-1,98.42,0.9842,14892799098,16739635036,89.0,14,,,,,149988429824
1783703402.9594727,docker,osemosys-db-1,0.0,0.0,100055121,16739635036,0.6,7,,,,,149988429824
1783703402.9594727,docker,osemosys-redis-1,0.28,0.0028000000000000004,11523850,16739635036,0.07,6,,,,,149988429824
1783703404.9448526,docker,osemosys-api-1,98.52,0.9852,14892799098,16739635036,89.0,14,,,,,149988364288
1783703404.9448526,docker,osemosys-db-1,0.0,0.0,100055121,16739635036,0.6,7,,,,,149988364288
1783703404.9448526,docker,osemosys-redis-1,0.26,0.0026,11523850,16739635036,0.07,6,,,,,149988364288
1783703406.930033,docker,osemosys-api-1,98.15,0.9815,14882061680,16739635036,88.96,14,,,,,149988212736
1783703406.930033,docker,osemosys-db-1,0.0,0.0,100107550,16739635036,0.6,7,,,,,149988212736
1783703406.930033,docker,osemosys-redis-1,3.31,0.0331,12058624,16739635036,0.07,6,,,,,149988212736
1783703408.9213467,docker,osemosys-api-1,98.03,0.9803000000000001,14882061680,16739635036,88.96,14,,,,,149988114432
1783703408.9213467,docker,osemosys-db-1,0.0,0.0,99625205,16739635036,0.6,7,,,,,149988114432
1783703408.9213467,docker,osemosys-redis-1,0.3,0.003,11481907,16739635036,0.07,6,,,,,149988114432
1783703410.9045823,docker,osemosys-api-1,103.46,1.0346,14892799098,16739635036,88.99,16,,,,,149988114432
1783703410.9045823,docker,osemosys-db-1,2.97,0.0297,98870231,16739635036,0.59,7,,,,,149988114432
1783703410.9045823,docker,osemosys-redis-1,0.27,0.0027,11114905,16739635036,0.07,6,,,,,149988114432
1783703412.8898125,docker,osemosys-api-1,94.33,0.9433,15032385536,16739635036,89.85,14,,,,,149988179968
1783703412.8898125,docker,osemosys-db-1,0.0,0.0,87178608,16739635036,0.52,8,,,,,149988179968
1783703412.8898125,docker,osemosys-redis-1,0.27,0.0027,8802795,16739635036,0.05,6,,,,,149988179968
1783703414.9354484,docker,osemosys-api-1,100.26,1.0026000000000002,15043122954,16739635036,89.88,14,,,,,149988179968
1783703414.9354484,docker,osemosys-db-1,0.0,0.0,82984304,16739635036,0.5,8,,,,,149988179968
1783703414.9354484,docker,osemosys-redis-1,0.26,0.0026,7836008,16739635036,0.05,6,,,,,149988179968
1783703416.966493,docker,osemosys-api-1,98.62,0.9862000000000001,15043122954,16739635036,89.88,14,,,,,149988114432
1783703416.966493,docker,osemosys-db-1,0.59,0.0059,84515225,16739635036,0.51,8,,,,,149988114432
1783703416.966493,docker,osemosys-redis-1,3.94,0.0394,9224323,16739635036,0.06,6,,,,,149988114432
1783703419.028803,docker,osemosys-api-1,100.39,1.0039,15043122954,16739635036,89.91,14,,,,,149988048896
1783703419.028803,docker,osemosys-db-1,0.0,0.0,78926315,16739635036,0.47,8,,,,,149988048896
1783703419.028803,docker,osemosys-redis-1,0.27,0.0027,7995392,16739635036,0.05,6,,,,,149988048896
1783703421.0558987,docker,osemosys-api-1,98.68,0.9868000000000001,15053860372,16739635036,89.95,14,,,,,149987721216
1783703421.0558987,docker,osemosys-db-1,3.17,0.0317,82030100,16739635036,0.49,8,,,,,149987721216
1783703421.0558987,docker,osemosys-redis-1,0.27,0.0027,7651459,16739635036,0.05,6,,,,,149987721216
1783703423.1292722,docker,osemosys-api-1,99.76,0.9976,15064597790,16739635036,90.0,14,,,,,149987774464
1783703423.1292722,docker,osemosys-db-1,0.0,0.0,78790000,16739635036,0.47,8,,,,,149987774464
1783703423.1292722,docker,osemosys-redis-1,0.26,0.0026,7323254,16739635036,0.04,6,,,,,149987774464
1783703425.1286786,docker,osemosys-api-1,98.88,0.9887999999999999,15096810045,16739635036,90.24,14,,,,,149987057664
1783703425.1286786,docker,osemosys-db-1,0.0,0.0,75696701,16739635036,0.45,8,,,,,149987057664
1783703425.1286786,docker,osemosys-redis-1,0.27,0.0027,7180648,16739635036,0.04,6,,,,,149987057664
1783703427.182402,docker,osemosys-api-1,118.27,1.1826999999999999,15129022300,16739635036,90.4,14,,,,,149987770368
1783703427.182402,docker,osemosys-db-1,0.0,0.0,75906416,16739635036,0.45,8,,,,,149987770368
1783703427.182402,docker,osemosys-redis-1,0.25,0.0025,8429502,16739635036,0.05,6,,,,,149987770368
1783703429.1796203,docker,osemosys-api-1,100.34,1.0034,15118284881,16739635036,90.37,14,,,,,149987770368
1783703429.1796203,docker,osemosys-db-1,0.0,0.0,66888663,16739635036,0.4,8,,,,,149987770368
1783703429.1796203,docker,osemosys-redis-1,0.26,0.0026,7492075,16739635036,0.04,6,,,,,149987770368
1783703431.1901395,docker,osemosys-api-1,98.84,0.9884000000000001,15107547463,16739635036,90.27,14,,,,,149987704832
1783703431.1901395,docker,osemosys-db-1,3.29,0.0329,73473720,16739635036,0.44,8,,,,,149987704832
1783703431.1901395,docker,osemosys-redis-1,0.26,0.0026,7196377,16739635036,0.04,6,,,,,149987704832
1783703433.1858623,docker,osemosys-api-1,98.94,0.9894,15053860372,16739635036,89.96,14,,,,,149987704832
1783703433.1858623,docker,osemosys-db-1,0.0,0.0,71827456,16739635036,0.43,8,,,,,149987704832
1783703433.1858623,docker,osemosys-redis-1,0.26,0.0026,7127171,16739635036,0.04,6,,,,,149987704832
1783703435.1824203,docker,osemosys-api-1,99.54,0.9954000000000001,15043122954,16739635036,89.9,14,,,,,149986291712
1783703435.1824203,docker,osemosys-db-1,0.0,0.0,71617740,16739635036,0.43,8,,,,,149986291712
1783703435.1824203,docker,osemosys-redis-1,0.27,0.0027,7118782,16739635036,0.04,6,,,,,149986291712
1783703437.1882846,docker,osemosys-api-1,98.7,0.987,14957223608,16739635036,89.39,14,,,,,149986131968
1783703437.1882846,docker,osemosys-db-1,0.0,0.0,70275563,16739635036,0.42,8,,,,,149986131968
1783703437.1882846,docker,osemosys-redis-1,0.26,0.0026,9039773,16739635036,0.05,6,,,,,149986131968
1783703439.1747258,docker,osemosys-api-1,99.18,0.9918,14967961026,16739635036,89.44,14,,,,,149986004992
1783703439.1747258,docker,osemosys-db-1,0.0,0.0,71219281,16739635036,0.43,8,,,,,149986004992
1783703439.1747258,docker,osemosys-redis-1,0.26,0.0026,8659140,16739635036,0.05,6,,,,,149986004992
1783703441.1593943,docker,osemosys-api-1,98.82,0.9882,14978698444,16739635036,89.49,14,,,,,149985939456
1783703441.1593943,docker,osemosys-db-1,2.82,0.0282,71554826,16739635036,0.43,8,,,,,149985939456
1783703441.1593943,docker,osemosys-redis-1,0.27,0.0027,8528068,16739635036,0.05,6,,,,,149985939456
1783703443.1430638,docker,osemosys-api-1,100.45,1.0045,14946486190,16739635036,89.29,14,,,,,149985746944
1783703443.1430638,docker,osemosys-db-1,0.0,0.0,70789365,16739635036,0.42,8,,,,,149985746944
1783703443.1430638,docker,osemosys-redis-1,0.26,0.0026,8302624,16739635036,0.05,6,,,,,149985746944
1783703445.180646,docker,osemosys-api-1,99.99,0.9998999999999999,14935748771,16739635036,89.25,14,,,,,149985812480
1783703445.180646,docker,osemosys-db-1,0.0,0.0,70569164,16739635036,0.42,8,,,,,149985812480
1783703445.180646,docker,osemosys-redis-1,0.25,0.0025,8412725,16739635036,0.05,6,,,,,149985812480
1783703447.2310884,docker,osemosys-api-1,99.96,0.9995999999999999,14871324262,16739635036,88.86,14,,,,,149985746944
1783703447.2310884,docker,osemosys-db-1,0.0,0.0,70128762,16739635036,0.42,8,,,,,149985746944
1783703447.2310884,docker,osemosys-redis-1,0.25,0.0025,8498708,16739635036,0.05,6,,,,,149985746944
1783703449.2841737,docker,osemosys-api-1,98.62,0.9862000000000001,14860586844,16739635036,88.83,14,,,,,149985746944
1783703449.2841737,docker,osemosys-db-1,0.0,0.0,69960990,16739635036,0.42,8,,,,,149985746944
1783703449.2841737,docker,osemosys-redis-1,0.26,0.0026,8609857,16739635036,0.05,6,,,,,149985746944
1783703451.2972808,docker,osemosys-api-1,99.6,0.996,14871324262,16739635036,88.86,14,,,,,149985705984
1783703451.2972808,docker,osemosys-db-1,2.85,0.0285,71376568,16739635036,0.43,8,,,,,149985705984
1783703451.2972808,docker,osemosys-redis-1,0.28,0.0028000000000000004,8609857,16739635036,0.05,6,,,,,149985705984
1783703453.2989693,docker,osemosys-api-1,99.56,0.9956,14882061680,16739635036,88.91,14,,,,,149985705984
1783703453.2989693,docker,osemosys-db-1,0.0,0.0,71355596,16739635036,0.43,8,,,,,149985705984
1783703453.2989693,docker,osemosys-redis-1,0.26,0.0026,8614051,16739635036,0.05,6,,,,,149985705984
1783703455.297926,docker,osemosys-api-1,98.77,0.9876999999999999,14882061680,16739635036,88.95,14,,,,,149985771520
1783703455.297926,docker,osemosys-db-1,0.0,0.0,71229767,16739635036,0.43,8,,,,,149985771520
1783703455.297926,docker,osemosys-redis-1,0.26,0.0026,8749318,16739635036,0.05,6,,,,,149985771520
1783703457.299096,docker,osemosys-api-1,121.19,1.2119,14849849425,16739635036,88.77,14,,,,,149985705984
1783703457.299096,docker,osemosys-db-1,0.49,0.0049,71292682,16739635036,0.43,8,,,,,149985705984
1783703457.299096,docker,osemosys-redis-1,0.28,0.0028000000000000004,8814329,16739635036,0.05,6,,,,,149985705984
1783703459.287082,docker,osemosys-api-1,97.79,0.9779000000000001,14828374589,16739635036,88.63,14,,,,,149985705984
1783703459.287082,docker,osemosys-db-1,0.0,0.0,70715965,16739635036,0.42,8,,,,,149985705984
1783703459.287082,docker,osemosys-redis-1,0.26,0.0026,8745123,16739635036,0.05,6,,,,,149985705984
1783703461.2752664,docker,osemosys-api-1,97.68,0.9768000000000001,14806899752,16739635036,88.46,14,,,,,149985705984
1783703461.2752664,docker,osemosys-db-1,3.0,0.03,71366082,16739635036,0.43,8,,,,,149985705984
1783703461.2752664,docker,osemosys-redis-1,0.3,0.003,8515485,16739635036,0.05,6,,,,,149985705984
1783703463.2657418,docker,osemosys-api-1,99.43,0.9943000000000001,14806899752,16739635036,88.51,14,,,,,149985640448
1783703463.2657418,docker,osemosys-db-1,0.0,0.0,71103938,16739635036,0.42,8,,,,,149985640448
1783703463.2657418,docker,osemosys-redis-1,0.26,0.0026,8515485,16739635036,0.05,6,,,,,149985640448
1783703465.2553802,docker,osemosys-api-1,98.16,0.9815999999999999,14817637171,16739635036,88.56,14,,,,,149985640448
1783703465.2553802,docker,osemosys-db-1,0.0,0.0,71103938,16739635036,0.42,8,,,,,149985640448
1783703465.2553802,docker,osemosys-redis-1,0.26,0.0026,8650752,16739635036,0.05,6,,,,,149985640448
1783703467.2447429,docker,osemosys-api-1,99.02,0.9902,14817637171,16739635036,88.53,14,,,,,149985509376
1783703467.2447429,docker,osemosys-db-1,0.0,0.0,71020052,16739635036,0.42,8,,,,,149985509376
1783703467.2447429,docker,osemosys-redis-1,0.26,0.0026,8896118,16739635036,0.05,6,,,,,149985509376
1783703469.2340486,docker,osemosys-api-1,98.21,0.9821,14796162334,16739635036,88.43,14,,,,,149985509376
1783703469.2340486,docker,osemosys-db-1,0.0,0.0,70621593,16739635036,0.42,8,,,,,149985509376
1783703469.2340486,docker,osemosys-redis-1,0.27,0.0027,8949596,16739635036,0.05,6,,,,,149985509376
1783703471.2213488,docker,osemosys-api-1,98.08,0.9808,14763950080,16739635036,88.2,14,,,,,149985509376
1783703471.2213488,docker,osemosys-db-1,3.31,0.0331,70726451,16739635036,0.42,8,,,,,149985509376
1783703471.2213488,docker,osemosys-redis-1,0.25,0.0025,8880390,16739635036,0.05,6,,,,,149985509376
1783703473.2143629,docker,osemosys-api-1,100.86,1.0086,14742475243,16739635036,88.09,14,,,,,149985443840
1783703473.2143629,docker,osemosys-db-1,0.0,0.0,70202163,16739635036,0.42,8,,,,,149985443840
1783703473.2143629,docker,osemosys-redis-1,0.26,0.0026,8736735,16739635036,0.05,6,,,,,149985443840
1783703475.2392054,docker,osemosys-api-1,101.64,1.0164,14721000407,16739635036,87.95,14,,,,,149985443840
1783703475.2392054,docker,osemosys-db-1,0.0,0.0,69992448,16739635036,0.42,8,,,,,149985443840
1783703475.2392054,docker,osemosys-redis-1,0.27,0.0027,8863612,16739635036,0.05,6,,,,,149985443840
1783703477.2915957,docker,osemosys-api-1,99.92,0.9992,14710262988,16739635036,87.9,14,,,,,149985509376
1783703477.2915957,docker,osemosys-db-1,0.51,0.0051,70055362,16739635036,0.42,8,,,,,149985509376
1783703477.2915957,docker,osemosys-redis-1,0.25,0.0025,8872001,16739635036,0.05,6,,,,,149985509376
1783703479.299079,docker,osemosys-api-1,99.85,0.9984999999999999,14699525570,16739635036,87.86,14,,,,,149985439744
1783703479.299079,docker,osemosys-db-1,0.0,0.0,69877104,16739635036,0.42,8,,,,,149985439744
1783703479.299079,docker,osemosys-redis-1,0.27,0.0027,9003073,16739635036,0.05,6,,,,,149985439744
1783703481.315199,docker,osemosys-api-1,100.27,1.0027,14678050734,16739635036,87.73,14,,,,,149985181696
1783703481.315199,docker,osemosys-db-1,2.93,0.029300000000000003,70495764,16739635036,0.42,8,,,,,149985181696
1783703481.315199,docker,osemosys-redis-1,0.26,0.0026,9007267,16739635036,0.05,6,,,,,149985181696
1783703483.3181195,docker,osemosys-api-1,98.87,0.9887,14688788152,16739635036,87.78,14,,,,,149985050624
1783703483.3181195,docker,osemosys-db-1,0.0,0.0,70327992,16739635036,0.42,8,,,,,149985050624
1783703483.3181195,docker,osemosys-redis-1,0.26,0.0026,9138339,16739635036,0.05,6,,,,,149985050624
1783703485.3185005,docker,osemosys-api-1,99.24,0.9924,14699525570,16739635036,87.82,14,,,,,149985050624
1783703485.3185005,docker,osemosys-db-1,0.0,0.0,70170705,16739635036,0.42,8,,,,,149985050624
1783703485.3185005,docker,osemosys-redis-1,0.26,0.0026,9007267,16739635036,0.05,6,,,,,149985050624
1783703487.3137374,docker,osemosys-api-1,124.48,1.2448000000000001,14678050734,16739635036,87.69,14,,,,,149985046528
1783703487.3137374,docker,osemosys-db-1,0.0,0.0,69761761,16739635036,0.42,8,,,,,149985046528
1783703487.3137374,docker,osemosys-redis-1,0.27,0.0027,9084862,16739635036,0.05,6,,,,,149985046528
1783703489.3087153,docker,osemosys-api-1,98.6,0.986,14667313315,16739635036,87.65,14,,,,,149985046528
1783703489.3087153,docker,osemosys-db-1,0.0,0.0,69593989,16739635036,0.42,8,,,,,149985046528
1783703489.3087153,docker,osemosys-redis-1,0.27,0.0027,9084862,16739635036,0.05,6,,,,,149985046528
1783703491.2966783,docker,osemosys-api-1,97.95,0.9795,14656575897,16739635036,87.6,14,,,,,149985046528
1783703491.2966783,docker,osemosys-db-1,2.88,0.0288,70107791,16739635036,0.42,8,,,,,149985046528
1783703491.2966783,docker,osemosys-redis-1,0.26,0.0026,9080668,16739635036,0.05,6,,,,,149985046528
1783703493.284527,docker,osemosys-api-1,99.61,0.9961,14656575897,16739635036,87.61,14,,,,,149985046528
1783703493.284527,docker,osemosys-db-1,0.0,0.0,69656903,16739635036,0.42,8,,,,,149985046528
1783703493.284527,docker,osemosys-redis-1,0.28,0.0028000000000000004,9080668,16739635036,0.05,6,,,,,149985046528
1783703495.2734687,docker,osemosys-api-1,98.97,0.9897,14645838479,16739635036,87.49,14,,,,,149985046528
1783703495.2734687,docker,osemosys-db-1,0.0,0.0,69352816,16739635036,0.41,8,,,,,149985046528
1783703495.2734687,docker,osemosys-redis-1,0.26,0.0026,9080668,16739635036,0.05,6,,,,,149985046528
1783703497.2852418,docker,osemosys-api-1,97.64,0.9764,14645838479,16739635036,87.49,14,,,,,149984976896
1783703497.2852418,docker,osemosys-db-1,0.0,0.0,69740789,16739635036,0.42,8,,,,,149984976896
1783703497.2852418,docker,osemosys-redis-1,0.27,0.0027,9499049,16739635036,0.06,6,,,,,149984976896
1783703499.2452657,docker,osemosys-api-1,95.28,0.9528,14635101061,16739635036,87.44,14,,,,,149985079296
1783703499.2452657,docker,osemosys-db-1,0.0,0.0,69709332,16739635036,0.42,8,,,,,149985079296
1783703499.2452657,docker,osemosys-redis-1,0.26,0.0026,9105833,16739635036,0.05,6,,,,,149985079296
1783703501.229276,docker,osemosys-api-1,97.79,0.9779000000000001,14635101061,16739635036,87.44,14,,,,,149984944128
1783703501.229276,docker,osemosys-db-1,2.78,0.0278,69898076,16739635036,0.42,8,,,,,149984944128
1783703501.229276,docker,osemosys-redis-1,0.25,0.0025,9105833,16739635036,0.05,6,,,,,149984944128
1783703503.2112951,docker,osemosys-api-1,102.04,1.0204,14635101061,16739635036,87.45,14,,,,,149984935936
1783703503.2112951,docker,osemosys-db-1,0.0,0.0,69604474,16739635036,0.42,8,,,,,149984935936
1783703503.2112951,docker,osemosys-redis-1,0.25,0.0025,8977907,16739635036,0.05,6,,,,,149984935936
1783703505.2474177,docker,osemosys-api-1,100.82,1.0082,14635101061,16739635036,87.45,14,,,,,149984931840
1783703505.2474177,docker,osemosys-db-1,0.0,0.0,69614960,16739635036,0.42,8,,,,,149984931840
1783703505.2474177,docker,osemosys-redis-1,0.26,0.0026,9105833,16739635036,0.05,6,,,,,149984931840
1783703507.2848973,docker,osemosys-api-1,99.27,0.9926999999999999,14624363642,16739635036,87.36,14,,,,,149984931840
1783703507.2848973,docker,osemosys-db-1,0.0,0.0,69447188,16739635036,0.41,8,,,,,149984931840
1783703507.2848973,docker,osemosys-redis-1,0.25,0.0025,9011462,16739635036,0.05,6,,,,,149984931840
1783703509.3031683,docker,osemosys-api-1,100.44,1.0044,14624363642,16739635036,87.36,14,,,,,149984931840
1783703509.3031683,docker,osemosys-db-1,0.0,0.0,69447188,16739635036,0.41,8,,,,,149984931840
1783703509.3031683,docker,osemosys-redis-1,0.25,0.0025,9134145,16739635036,0.05,6,,,,,149984931840
1783703511.3140779,docker,osemosys-api-1,100.38,1.0038,14613626224,16739635036,87.32,14,,,,,149984931840
1783703511.3140779,docker,osemosys-db-1,4.83,0.0483,70474792,16739635036,0.42,8,,,,,149984931840
1783703511.3140779,docker,osemosys-redis-1,0.34,0.0034000000000000002,9003073,16739635036,0.05,6,,,,,149984931840
1783703513.321464,docker,osemosys-api-1,99.62,0.9962000000000001,14592151388,16739635036,87.23,14,,,,,149987627008
1783703513.321464,docker,osemosys-db-1,0.0,0.0,70160220,16739635036,0.42,8,,,,,149987627008
1783703513.321464,docker,osemosys-redis-1,0.27,0.0027,9134145,16739635036,0.05,6,,,,,149987627008
1783703515.3173733,docker,osemosys-api-1,100.01,1.0001,14602888806,16739635036,87.23,14,,,,,149988196352
1783703515.3173733,docker,osemosys-db-1,0.0,0.0,70107791,16739635036,0.42,8,,,,,149988196352
1783703515.3173733,docker,osemosys-redis-1,0.27,0.0027,9134145,16739635036,0.05,6,,,,,149988196352
1783703517.3177168,docker,osemosys-api-1,104.15,1.0415,14592151388,16739635036,87.21,16,,,,,149988040704
1783703517.3177168,docker,osemosys-db-1,0.42,0.0042,69751275,16739635036,0.42,8,,,,,149988040704
1783703517.3177168,docker,osemosys-redis-1,0.28,0.0028000000000000004,9022996,16739635036,0.05,6,,,,,149988040704
1783703519.3075867,docker,osemosys-api-1,97.78,0.9778,14581413969,16739635036,87.15,14,,,,,149987889152
1783703519.3075867,docker,osemosys-db-1,0.0,0.0,69363302,16739635036,0.41,8,,,,,149987889152
1783703519.3075867,docker,osemosys-redis-1,0.26,0.0026,9134145,16739635036,0.05,6,,,,,149987889152
1783703521.2970932,docker,osemosys-api-1,97.5,0.975,14581413969,16739635036,87.12,14,,,,,149987295232
1783703521.2970932,docker,osemosys-db-1,2.88,0.0288,69919047,16739635036,0.42,8,,,,,149987295232
1783703521.2970932,docker,osemosys-redis-1,0.26,0.0026,9134145,16739635036,0.05,6,,,,,149987295232
1783703523.2848067,docker,osemosys-api-1,98.98,0.9898,14570676551,16739635036,87.05,14,,,,,149987119104
1783703523.2848067,docker,osemosys-db-1,0.01,0.0001,69279416,16739635036,0.41,8,,,,,149987119104
1783703523.2848067,docker,osemosys-redis-1,0.26,0.0026,9138339,16739635036,0.05,6,,,,,149987119104
1783703525.270379,docker,osemosys-api-1,98.89,0.9889,14559939133,16739635036,86.98,14,,,,,149986992128
1783703525.270379,docker,osemosys-db-1,0.0,0.0,69111644,16739635036,0.41,8,,,,,149986992128
1783703525.270379,docker,osemosys-redis-1,0.26,0.0026,9269411,16739635036,0.06,6,,,,,149986992128
1783703527.2576213,docker,osemosys-api-1,99.68,0.9968,14559939133,16739635036,87.0,14,,,,,149986983936
1783703527.2576213,docker,osemosys-db-1,0.0,0.0,69499617,16739635036,0.42,8,,,,,149986983936
1783703527.2576213,docker,osemosys-redis-1,0.28,0.0028000000000000004,9289334,16739635036,0.06,6,,,,,149986983936
1783703529.2440398,docker,osemosys-api-1,98.35,0.9834999999999999,14549201715,16739635036,86.93,14,,,,,149986979840
1783703529.2440398,docker,osemosys-db-1,0.0,0.0,69185044,16739635036,0.41,8,,,,,149986979840
1783703529.2440398,docker,osemosys-redis-1,0.26,0.0026,9281994,16739635036,0.06,6,,,,,149986979840
1783703531.2326224,docker,osemosys-api-1,97.79,0.9779000000000001,14538464296,16739635036,86.86,14,,,,,149987389440
1783703531.2326224,docker,osemosys-db-1,3.14,0.031400000000000004,69772247,16739635036,0.42,8,,,,,149987389440
1783703531.2326224,docker,osemosys-redis-1,0.27,0.0027,9150922,16739635036,0.05,6,,,,,149987389440
1783703533.2174091,docker,osemosys-api-1,124.29,1.2429000000000001,14538464296,16739635036,86.88,14,,,,,149987381248
1783703533.2174091,docker,osemosys-db-1,0.01,0.0001,69247959,16739635036,0.41,8,,,,,149987381248
1783703533.2174091,docker,osemosys-redis-1,0.25,0.0025,9146728,16739635036,0.05,6,,,,,149987381248
1783703535.2549515,docker,osemosys-api-1,101.11,1.0110999999999999,14527726878,16739635036,86.8,14,,,,,149987381248
1783703535.2549515,docker,osemosys-db-1,0.0,0.0,69069701,16739635036,0.41,8,,,,,149987381248
1783703535.2549515,docker,osemosys-redis-1,0.29,0.0029,9121562,16739635036,0.05,6,,,,,149987381248
1783703537.3077655,docker,osemosys-api-1,101.14,1.0114,14527726878,16739635036,86.8,14,,,,,149987233792
1783703537.3077655,docker,osemosys-db-1,0.48,0.0048,69583503,16739635036,0.42,8,,,,,149987233792
1783703537.3077655,docker,osemosys-redis-1,0.27,0.0027,9379512,16739635036,0.06,6,,,,,149987233792
1783703539.3233945,docker,osemosys-api-1,99.94,0.9994,14516989460,16739635036,86.72,14,,,,,149987229696
1783703539.3233945,docker,osemosys-db-1,0.0,0.0,69017272,16739635036,0.41,8,,,,,149987229696
1783703539.3233945,docker,osemosys-redis-1,0.28,0.0028000000000000004,9129951,16739635036,0.05,6,,,,,149987229696
1783703541.3403692,docker,osemosys-api-1,98.98,0.9898,14506252042,16739635036,86.67,14,,,,,149987164160
1783703541.3403692,docker,osemosys-db-1,4.08,0.0408,69531074,16739635036,0.42,8,,,,,149987164160
1783703541.3403692,docker,osemosys-redis-1,0.28,0.0028000000000000004,9252634,16739635036,0.06,6,,,,,149987164160
1783703543.3445916,docker,osemosys-api-1,98.98,0.9898,14506252042,16739635036,86.68,14,,,,,149987319808
1783703543.3445916,docker,osemosys-db-1,0.01,0.0001,69321359,16739635036,0.41,8,,,,,149987319808
1783703543.3445916,docker,osemosys-redis-1,0.26,0.0026,9187622,16739635036,0.05,6,,,,,149987319808
1783703545.3414214,docker,osemosys-api-1,98.81,0.9881,14506252042,16739635036,86.66,14,,,,,149987319808
1783703545.3414214,docker,osemosys-db-1,0.0,0.0,69185044,16739635036,0.41,8,,,,,149987319808
1783703545.3414214,docker,osemosys-redis-1,0.26,0.0026,9187622,16739635036,0.05,6,,,,,149987319808
1783703547.3380136,docker,osemosys-api-1,99.31,0.9931,14645838479,16739635036,87.52,14,,,,,149987254272
1783703547.3380136,docker,osemosys-db-1,0.0,0.0,69027758,16739635036,0.41,8,,,,,149987254272
1783703547.3380136,docker,osemosys-redis-1,0.26,0.0026,9265217,16739635036,0.06,6,,,,,149987254272
1783703549.3285298,docker,osemosys-api-1,97.76,0.9776,14645838479,16739635036,87.54,14,,,,,149987209216
1783703549.3285298,docker,osemosys-db-1,0.0,0.0,69017272,16739635036,0.41,8,,,,,149987209216
1783703549.3285298,docker,osemosys-redis-1,0.26,0.0026,9265217,16739635036,0.06,6,,,,,149987209216
1783703551.3163135,docker,osemosys-api-1,98.52,0.9852,14645838479,16739635036,87.5,14,,,,,149987209216
1783703551.3163135,docker,osemosys-db-1,2.87,0.0287,69289902,16739635036,0.41,8,,,,,149987209216
1783703551.3163135,docker,osemosys-redis-1,0.25,0.0025,9113174,16739635036,0.05,6,,,,,149987209216
1783703553.302256,docker,osemosys-api-1,98.01,0.9801000000000001,14635101061,16739635036,87.43,14,,,,,149987078144
1783703553.302256,docker,osemosys-db-1,0.01,0.0001,68063068,16739635036,0.41,8,,,,,149987078144
1783703553.302256,docker,osemosys-redis-1,0.27,0.0027,8966373,16739635036,0.05,6,,,,,149987078144
1783703555.289099,docker,osemosys-api-1,98.33,0.9833,14613626224,16739635036,87.36,14,,,,,149987012608
1783703555.289099,docker,osemosys-db-1,0.0,0.0,67842867,16739635036,0.41,8,,,,,149987012608
1783703555.289099,docker,osemosys-redis-1,0.25,0.0025,8941207,16739635036,0.05,6,,,,,149987012608
1783703557.274643,docker,osemosys-api-1,98.54,0.9854,14613626224,16739635036,87.36,14,,,,,149987012608
1783703557.274643,docker,osemosys-db-1,0.0,0.0,68964843,16739635036,0.41,8,,,,,149987012608
1783703557.274643,docker,osemosys-redis-1,0.27,0.0027,9330229,16739635036,0.06,6,,,,,149987012608
1783703559.257479,docker,osemosys-api-1,97.84,0.9784,14592151388,16739635036,87.23,14,,,,,149986947072
1783703559.257479,docker,osemosys-db-1,0.0,0.0,68451041,16739635036,0.41,8,,,,,149986947072
1783703559.257479,docker,osemosys-redis-1,0.25,0.0025,9191817,16739635036,0.05,6,,,,,149986947072
1783703561.2431893,docker,osemosys-api-1,98.55,0.9854999999999999,14592151388,16739635036,87.23,14,,,,,149986947072
1783703561.2431893,docker,osemosys-db-1,2.92,0.0292,68765614,16739635036,0.41,8,,,,,149986947072
1783703561.2431893,docker,osemosys-redis-1,0.28,0.0028000000000000004,9064939,16739635036,0.05,6,,,,,149986947072
1783703563.2306404,docker,osemosys-api-1,125.85,1.2585,14581413969,16739635036,87.15,14,,,,,149987209216
1783703563.2306404,docker,osemosys-db-1,0.01,0.0001,68157440,16739635036,0.41,8,,,,,149987209216
1783703563.2306404,docker,osemosys-redis-1,0.25,0.0025,9170845,16739635036,0.05,6,,,,,149987209216
1783703565.265383,docker,osemosys-api-1,100.75,1.0075,14581413969,16739635036,87.15,14,,,,,149987209216
1783703565.265383,docker,osemosys-db-1,0.0,0.0,68146954,16739635036,0.41,8,,,,,149987209216
1783703565.265383,docker,osemosys-redis-1,0.26,0.0026,9166651,16739635036,0.05,6,,,,,149987209216
1783703567.3144755,docker,osemosys-api-1,99.1,0.991,14581413969,16739635036,87.11,14,,,,,149987086336
1783703567.3144755,docker,osemosys-db-1,0.0,0.0,68377640,16739635036,0.41,8,,,,,149987086336
1783703567.3144755,docker,osemosys-redis-1,0.26,0.0026,9228517,16739635036,0.06,6,,,,,149987086336
1783703569.3236635,docker,osemosys-api-1,99.46,0.9945999999999999,14570676551,16739635036,87.06,14,,,,,149987086336
1783703569.3236635,docker,osemosys-db-1,0.0,0.0,68178411,16739635036,0.41,8,,,,,149987086336
1783703569.3236635,docker,osemosys-redis-1,0.28,0.0028000000000000004,9215934,16739635036,0.06,6,,,,,149987086336
1783703571.3436508,docker,osemosys-api-1,98.92,0.9892,14570676551,16739635036,87.06,14,,,,,149987590144
1783703571.3436508,docker,osemosys-db-1,3.58,0.0358,68786585,16739635036,0.41,8,,,,,149987590144
1783703571.3436508,docker,osemosys-redis-1,0.27,0.0027,9220128,16739635036,0.06,6,,,,,149987590144
1783703573.3442662,docker,osemosys-api-1,98.79,0.9879000000000001,14549201715,16739635036,86.97,14,,,,,149989224448
1783703573.3442662,docker,osemosys-db-1,0.01,0.0001,68461527,16739635036,0.41,8,,,,,149989224448
1783703573.3442662,docker,osemosys-redis-1,0.26,0.0026,9191817,16739635036,0.05,6,,,,,149989224448
1783703575.342213,docker,osemosys-api-1,97.79,0.9779000000000001,14549201715,16739635036,86.97,14,,,,,149983903744
1783703575.342213,docker,osemosys-db-1,0.0,0.0,68461527,16739635036,0.41,8,,,,,149983903744
1783703575.342213,docker,osemosys-redis-1,0.27,0.0027,9191817,16739635036,0.05,6,,,,,149983903744
1783703577.351613,docker,osemosys-api-1,98.06,0.9806,14549201715,16739635036,86.97,14,,,,,149984399360
1783703577.351613,docker,osemosys-db-1,0.02,0.0002,68639784,16739635036,0.41,8,,,,,149984399360
1783703577.351613,docker,osemosys-redis-1,0.26,0.0026,9240051,16739635036,0.06,6,,,,,149984399360
1783703579.3309174,docker,osemosys-api-1,97.79,0.9779000000000001,14549201715,16739635036,86.93,14,,,,,149984378880
1783703579.3309174,docker,osemosys-db-1,0.01,0.0001,68157440,16739635036,0.41,8,,,,,149984378880
1783703579.3309174,docker,osemosys-redis-1,0.26,0.0026,9232711,16739635036,0.06,6,,,,,149984378880
1783703581.3200653,docker,osemosys-api-1,98.6,0.986,14549201715,16739635036,86.93,14,,,,,149978816512
1783703581.3200653,docker,osemosys-db-1,3.04,0.0304,68702699,16739635036,0.41,8,,,,,149978816512
1783703581.3200653,docker,osemosys-redis-1,0.26,0.0026,9232711,16739635036,0.06,6,,,,,149978816512
1783703583.3102574,docker,osemosys-api-1,98.71,0.9871,14549201715,16739635036,86.93,14,,,,,149982625792
1783703583.3102574,docker,osemosys-db-1,0.01,0.0001,68335697,16739635036,0.41,8,,,,,149982625792
1783703583.3102574,docker,osemosys-redis-1,0.24,0.0024,9236905,16739635036,0.06,6,,,,,149982625792
1783703585.2961311,docker,osemosys-api-1,99.48,0.9948,14549201715,16739635036,86.93,14,,,,,149982625792
1783703585.2961311,docker,osemosys-db-1,0.0,0.0,68220354,16739635036,0.41,8,,,,,149982625792
1783703585.2961311,docker,osemosys-redis-1,0.26,0.0026,9236905,16739635036,0.06,6,,,,,149982625792
1783703587.2858932,docker,osemosys-api-1,96.94,0.9693999999999999,14549201715,16739635036,86.96,14,,,,,149982429184
1783703587.2858932,docker,osemosys-db-1,0.0,0.0,68209868,16739635036,0.41,8,,,,,149982429184
1783703587.2858932,docker,osemosys-redis-1,0.26,0.0026,9383706,16739635036,0.06,6,,,,,149982429184
1783703589.268343,docker,osemosys-api-1,94.99,0.9499,14559939133,16739635036,87.02,14,,,,,149982429184
1783703589.268343,docker,osemosys-db-1,0.0,0.0,68209868,16739635036,0.41,8,,,,,149982429184
1783703589.268343,docker,osemosys-redis-1,0.24,0.0024,9248440,16739635036,0.06,6,,,,,149982429184
1783703591.2524917,docker,osemosys-api-1,99.64,0.9964,14592151388,16739635036,87.18,14,,,,,149981708288
1783703591.2524917,docker,osemosys-db-1,2.98,0.0298,68671242,16739635036,0.41,8,,,,,149981708288
1783703591.2524917,docker,osemosys-redis-1,0.27,0.0027,9248440,16739635036,0.06,6,,,,,149981708288
1783703593.2584822,docker,osemosys-api-1,116.7,1.167,14731737825,16739635036,88.01,16,,,,,149983289344
1783703593.2584822,docker,osemosys-db-1,0.0,0.0,68063068,16739635036,0.41,8,,,,,149983289344
1783703593.2584822,docker,osemosys-redis-1,0.25,0.0025,9236905,16739635036,0.06,6,,,,,149983289344
1783703595.2962036,docker,osemosys-api-1,99.28,0.9928,14710262988,16739635036,87.9,14,,,,,149983289344
1783703595.2962036,docker,osemosys-db-1,0.0,0.0,67989667,16739635036,0.41,8,,,,,149983289344
1783703595.2962036,docker,osemosys-redis-1,0.28,0.0028000000000000004,9355395,16739635036,0.06,6,,,,,149983289344
1783703597.3366165,docker,osemosys-api-1,99.07,0.9906999999999999,14699525570,16739635036,87.86,14,,,,,149983166464
1783703597.3366165,docker,osemosys-db-1,0.44,0.0044,68388126,16739635036,0.41,8,,,,,149983166464
1783703597.3366165,docker,osemosys-redis-1,0.26,0.0026,9355395,16739635036,0.06,6,,,,,149983166464
1783703599.339449,docker,osemosys-api-1,99.35,0.9934999999999999,14667313315,16739635036,87.62,14,,,,,149983166464
1783703599.339449,docker,osemosys-db-1,0.0,0.0,67758981,16739635036,0.4,8,,,,,149983166464
1783703599.339449,docker,osemosys-redis-1,0.26,0.0026,9228517,16739635036,0.06,6,,,,,149983166464
1783703601.3492162,docker,osemosys-api-1,96.82,0.9682,14645838479,16739635036,87.51,14,,,,,149983068160
1783703601.3492162,docker,osemosys-db-1,3.87,0.0387,68587356,16739635036,0.41,8,,,,,149983068160
1783703601.3492162,docker,osemosys-redis-1,0.33,0.0033,9196011,16739635036,0.05,6,,,,,149983068160
1783703603.3491492,docker,osemosys-api-1,68.6,0.6859999999999999,14678050734,16739635036,87.74,14,,,,,149983055872
1783703603.3491492,docker,osemosys-db-1,0.0,0.0,68524441,16739635036,0.41,8,,,,,149983055872
1783703603.3491492,docker,osemosys-redis-1,0.27,0.0027,9187622,16739635036,0.05,6,,,,,149983055872
1783703605.3443916,docker,osemosys-api-1,48.8,0.488,14710262988,16739635036,87.94,14,,,,,149982982144
1783703605.3443916,docker,osemosys-db-1,0.0,0.0,68430069,16739635036,0.41,8,,,,,149982982144
1783703605.3443916,docker,osemosys-redis-1,0.27,0.0027,9318694,16739635036,0.06,6,,,,,149982982144
1783703607.3417914,docker,osemosys-api-1,48.64,0.4864,14710262988,16739635036,87.92,14,,,,,149982859264
1783703607.3417914,docker,osemosys-db-1,0.0,0.0,67717038,16739635036,0.4,8,,,,,149982859264
1783703607.3417914,docker,osemosys-redis-1,0.25,0.0025,9416212,16739635036,0.06,6,,,,,149982859264
1783703609.331111,docker,osemosys-api-1,71.21,0.7121,14710262988,16739635036,87.93,14,,,,,149982859264
1783703609.331111,docker,osemosys-db-1,0.0,0.0,67381493,16739635036,0.4,8,,,,,149982859264
1783703609.331111,docker,osemosys-redis-1,0.28,0.0028000000000000004,9244246,16739635036,0.06,6,,,,,149982859264
1783703611.3204958,docker,osemosys-api-1,48.95,0.48950000000000005,14721000407,16739635036,87.95,14,,,,,149982969856
1783703611.3204958,docker,osemosys-db-1,2.9,0.028999999999999998,68178411,16739635036,0.41,8,,,,,149982969856
1783703611.3204958,docker,osemosys-redis-1,0.26,0.0026,9196011,16739635036,0.05,6,,,,,149982969856
1783703613.3054833,docker,osemosys-api-1,69.69,0.6969,14753212661,16739635036,88.14,14,,,,,149982969856
1783703613.3054833,docker,osemosys-db-1,0.0,0.0,67318579,16739635036,0.4,8,,,,,149982969856
1783703613.3054833,docker,osemosys-redis-1,0.27,0.0027,9138339,16739635036,0.05,6,,,,,149982969856
1783703615.2910073,docker,osemosys-api-1,79.02,0.7902,14763950080,16739635036,88.2,14,,,,,149982969856
1783703615.2910073,docker,osemosys-db-1,0.0,0.0,67098378,16739635036,0.4,8,,,,,149982969856
1783703615.2910073,docker,osemosys-redis-1,0.27,0.0027,9187622,16739635036,0.05,6,,,,,149982969856
1783703617.2809284,docker,osemosys-api-1,77.74,0.7774,14753212661,16739635036,88.19,14,,,,,149982904320
1783703617.2809284,docker,osemosys-db-1,0.0,0.0,67024977,16739635036,0.4,8,,,,,149982904320
1783703617.2809284,docker,osemosys-redis-1,0.31,0.0031,9445572,16739635036,0.06,6,,,,,149982904320
1783703619.2704837,docker,osemosys-api-1,78.97,0.7897,14774687498,16739635036,88.26,14,,,,,149982904320
1783703619.2704837,docker,osemosys-db-1,0.0,0.0,66207088,16739635036,0.4,8,,,,,149982904320
1783703619.2704837,docker,osemosys-redis-1,0.26,0.0026,9158262,16739635036,0.05,6,,,,,149982904320
1783703621.2486227,docker,osemosys-api-1,78.46,0.7846,14806899752,16739635036,88.46,14,,,,,149982904320
1783703621.2486227,docker,osemosys-db-1,2.87,0.0287,66689433,16739635036,0.4,8,,,,,149982904320
1783703621.2486227,docker,osemosys-redis-1,0.27,0.0027,8781824,16739635036,0.05,6,,,,,149982904320
1783703623.2554545,docker,osemosys-api-1,80.17,0.8017,14828374589,16739635036,88.59,14,,,,,149982969856
1783703623.2554545,docker,osemosys-db-1,0.0,0.0,65745715,16739635036,0.39,8,,,,,149982969856
1783703623.2554545,docker,osemosys-redis-1,0.25,0.0025,8728346,16739635036,0.05,6,,,,,149982969856
1783703625.2944572,docker,osemosys-api-1,80.02,0.8001999999999999,14849849425,16739635036,88.72,14,,,,,149982969856
1783703625.2944572,docker,osemosys-db-1,0.0,0.0,64361594,16739635036,0.38,8,,,,,149982969856
1783703625.2944572,docker,osemosys-redis-1,0.29,0.0029,8482979,16739635036,0.05,6,,,,,149982969856
1783703627.323765,docker,osemosys-api-1,77.65,0.7765000000000001,14860586844,16739635036,88.8,14,,,,,149982969856
1783703627.323765,docker,osemosys-db-1,0.0,0.0,64613253,16739635036,0.39,8,,,,,149982969856
1783703627.323765,docker,osemosys-redis-1,0.28,0.0028000000000000004,8891924,16739635036,0.05,6,,,,,149982969856
1783703629.3417163,docker,osemosys-api-1,76.34,0.7634000000000001,14882061680,16739635036,88.95,14,,,,,149983588352
1783703629.3417163,docker,osemosys-db-1,0.0,0.0,62683873,16739635036,0.37,8,,,,,149983588352
1783703629.3417163,docker,osemosys-redis-1,0.26,0.0026,8528068,16739635036,0.05,6,,,,,149983588352
1783703631.3499746,docker,osemosys-api-1,79.76,0.7976000000000001,14871324262,16739635036,88.86,14,,,,,149983490048
1783703631.3499746,docker,osemosys-db-1,3.13,0.0313,64854425,16739635036,0.39,8,,,,,149983490048
1783703631.3499746,docker,osemosys-redis-1,0.28,0.0028000000000000004,8285847,16739635036,0.05,6,,,,,149983490048
1783703633.3534267,docker,osemosys-api-1,72.89,0.7289,14882061680,16739635036,88.92,14,,,,,149983490048
1783703633.3534267,docker,osemosys-db-1,0.0,0.0,63365447,16739635036,0.38,8,,,,,149983490048
1783703633.3534267,docker,osemosys-redis-1,0.26,0.0026,8274313,16739635036,0.05,6,,,,,149983490048
1783703635.3498206,docker,osemosys-api-1,80.26,0.8026000000000001,14914273935,16739635036,89.09,14,,,,,149983490048
1783703635.3498206,docker,osemosys-db-1,0.0,0.0,62715330,16739635036,0.37,8,,,,,149983490048
1783703635.3498206,docker,osemosys-redis-1,0.26,0.0026,8261730,16739635036,0.05,6,,,,,149983490048
1783703637.3583992,docker,osemosys-api-1,75.31,0.7531,14903536517,16739635036,89.05,14,,,,,149983490048
1783703637.3583992,docker,osemosys-db-1,0.0,0.0,63847792,16739635036,0.38,8,,,,,149983490048
1783703637.3583992,docker,osemosys-redis-1,0.26,0.0026,9007267,16739635036,0.05,6,,,,,149983490048
1783703639.3372843,docker,osemosys-api-1,106.63,1.0663,14903536517,16739635036,89.08,14,,,,,149984534528
1783703639.3372843,docker,osemosys-db-1,0.0,0.0,59317944,16739635036,0.35,8,,,,,149984534528
1783703639.3372843,docker,osemosys-redis-1,0.25,0.0025,8188329,16739635036,0.05,6,,,,,149984534528
1783703641.3274908,docker,osemosys-api-1,81.7,0.8170000000000001,14935748771,16739635036,89.22,14,,,,,149984534528
1783703641.3274908,docker,osemosys-db-1,3.02,0.0302,62316871,16739635036,0.37,8,,,,,149984534528
1783703641.3274908,docker,osemosys-redis-1,0.28,0.0028000000000000004,7954497,16739635036,0.05,6,,,,,149984534528
1783703643.31363,docker,osemosys-api-1,88.53,0.8853,14967961026,16739635036,89.45,14,,,,,149984526336
1783703643.31363,docker,osemosys-db-1,0.0,0.0,59234058,16739635036,0.35,8,,,,,149984526336
1783703643.31363,docker,osemosys-redis-1,0.26,0.0026,7520387,16739635036,0.04,6,,,,,149984526336
